2026-01-28 10:14:43 - app - INFO - Ejecutando step_descargar_destinatarios, archivo: destinatarios
2026-01-28 10:19:32 - app - INFO - Ejecutando step_descargar_destinatarios, archivo: destinatarios
2026-01-28 10:19:32 - app - INFO - Ejecutando exec_query, Reproceso = True
2026-01-28 10:19:39 - app - INFO - Archivo con 83 Registros
2026-01-28 10:27:48 - app - INFO - Ejecutando step_descargar_destinatarios, archivo: destinatarios
2026-01-28 10:27:48 - app - INFO - Ejecutando exec_query, Reproceso = True
2026-01-28 10:27:52 - app - INFO - Reprocesando 83 registros
2026-01-28 10:27:52 - app - INFO - Ejecutando validate_request_id
2026-01-28 10:27:56 - app - INFO - No hay request_id a excluir
2026-01-28 10:27:56 - app - INFO - Archivo con 83 Registros
2026-01-28 10:40:12 - app - INFO - Ejecutando step_descargar_destinatarios, archivo: destinatarios
2026-01-28 10:40:12 - app - INFO - Iniciando exec_query | reprocesar=True | proyecto=tc-sc-bi-bigdata-edp-prod
2026-01-28 10:40:12 - app - INFO - Ejecutando query en BigQuery
2026-01-28 10:40:16 - app - INFO - Query ejecutada correctamente | filas=300
2026-01-28 10:40:16 - app - INFO - Iniciando reprocesamiento de request_id
2026-01-28 10:40:16 - app - INFO - Reprocesando 83 registros
2026-01-28 10:40:16 - app - INFO - Ejecutando validate_request_id
2026-01-28 10:40:19 - app - INFO - No hay request_id a excluir
2026-01-28 10:40:19 - app - INFO - Guardando archivos de salida en data\destinatarios\destinatarios
2026-01-28 10:40:19 - app - INFO - Archivos guardados correctamente
2026-01-28 10:40:19 - app - INFO - Proceso finalizado | success=True | registros=83
2026-01-28 10:42:50 - app - INFO - Iniciando descarga de destinatarios | archivo=destinatarios | reprocesar=True
2026-01-28 10:42:50 - app - INFO - Iniciando exec_query | reprocesar=True | proyecto=tc-sc-bi-bigdata-edp-prod
2026-01-28 10:42:50 - app - INFO - Ejecutando query en BigQuery
2026-01-28 10:42:54 - app - INFO - Query ejecutada correctamente | filas=300
2026-01-28 10:42:54 - app - INFO - Iniciando reprocesamiento de request_id
2026-01-28 10:42:54 - app - INFO - Reprocesando 83 registros
2026-01-28 10:42:54 - app - INFO - Ejecutando validate_request_id
2026-01-28 10:42:57 - app - INFO - No hay request_id a excluir
2026-01-28 10:42:57 - app - INFO - Guardando archivos de salida en data\destinatarios\destinatarios
2026-01-28 10:42:58 - app - INFO - Archivos guardados correctamente
2026-01-28 10:42:58 - app - INFO - Proceso finalizado | success=True | registros=83
2026-01-28 10:42:58 - app - INFO - Descarga de destinatarios exitosa | registros=83
2026-01-28 11:45:16 - app - INFO - Iniciando descarga de destinatarios | archivo=destinatarios | reprocesar=True
2026-01-28 11:45:16 - app - INFO - Iniciando exec_query | reprocesar=True | proyecto=tc-sc-bi-bigdata-edp-prod
2026-01-28 11:45:16 - app - INFO - Ejecutando query en BigQuery
2026-01-28 11:45:21 - app - INFO - Query ejecutada correctamente | filas=300
2026-01-28 11:45:21 - app - INFO - Iniciando reprocesamiento de request_id
2026-01-28 11:45:21 - app - INFO - Reprocesando 83 registros
2026-01-28 11:45:21 - app - INFO - Ejecutando validate_request_id
2026-01-28 11:45:24 - app - INFO - No hay request_id a excluir
2026-01-28 11:45:24 - app - INFO - Guardando archivos de salida en data\destinatarios\destinatarios
2026-01-28 11:45:24 - app - INFO - Archivos guardados correctamente
2026-01-28 11:45:24 - app - INFO - Proceso finalizado | success=True | registros=83
2026-01-28 11:45:24 - app - INFO - Descarga de destinatarios exitosa | registros=83
2026-01-28 11:47:24 - app - INFO - Iniciando descarga de destinatarios | archivo=destinatarios | reprocesar=True
2026-01-28 11:47:24 - app - INFO - Iniciando exec_query | reprocesar=True | proyecto=tc-sc-bi-bigdata-edp-prod
2026-01-28 11:47:24 - app - INFO - Ejecutando query en BigQuery
2026-01-28 11:47:27 - app - INFO - Query ejecutada correctamente | filas=300
2026-01-28 11:47:27 - app - INFO - Iniciando reprocesamiento de request_id
2026-01-28 11:47:27 - app - INFO - Reprocesando 83 registros
2026-01-28 11:47:27 - app - INFO - Ejecutando validate_request_id
2026-01-28 11:47:30 - app - INFO - No hay request_id a excluir
2026-01-28 11:47:30 - app - INFO - Guardando archivos de salida en data\destinatarios\destinatarios
2026-01-28 11:47:30 - app - INFO - Archivos guardados correctamente
2026-01-28 11:47:30 - app - INFO - Proceso finalizado | success=True | registros=83
2026-01-28 11:47:30 - app - INFO - Descarga de destinatarios exitosa | registros=83
2026-01-28 12:04:59 - app - INFO - Iniciando descarga de destinatarios | archivo=destinatarios | reprocesar=True
2026-01-28 12:04:59 - app - INFO - Iniciando exec_query | reprocesar=True | proyecto=tc-sc-bi-bigdata-edp-prod
2026-01-28 12:04:59 - app - INFO - Ejecutando query en BigQuery
2026-01-28 12:05:03 - app - INFO - Query ejecutada correctamente | filas=300
2026-01-28 12:05:03 - app - INFO - Iniciando reprocesamiento de request_id
2026-01-28 12:05:03 - app - INFO - Reprocesando 83 registros
2026-01-28 12:05:03 - app - INFO - Ejecutando validate_request_id
2026-01-28 12:05:06 - app - INFO - No hay request_id a excluir
2026-01-28 12:05:06 - app - INFO - Guardando archivos de salida en data\destinatarios\destinatarios
2026-01-28 12:05:06 - app - INFO - Archivos guardados correctamente
2026-01-28 12:05:06 - app - INFO - Proceso finalizado | success=True | registros=83
2026-01-28 12:05:06 - app - INFO - Descarga de destinatarios exitosa | registros=83
2026-01-28 12:05:59 - app - INFO - Iniciando descarga de destinatarios | archivo=destinatarios | reprocesar=True
2026-01-28 12:05:59 - app - INFO - Iniciando exec_query | reprocesar=True | proyecto=tc-sc-bi-bigdata-edp-prod
2026-01-28 12:05:59 - app - INFO - Ejecutando query en BigQuery
2026-01-28 12:06:03 - app - INFO - Query ejecutada correctamente | filas=300
2026-01-28 12:06:03 - app - INFO - Iniciando reprocesamiento de request_id
2026-01-28 12:06:03 - app - INFO - Reprocesando 83 registros
2026-01-28 12:06:03 - app - INFO - Ejecutando validate_request_id
2026-01-28 12:06:07 - app - INFO - No hay request_id a excluir
2026-01-28 12:06:07 - app - INFO - Guardando archivos de salida en data\destinatarios\destinatarios
2026-01-28 12:06:07 - app - INFO - Archivos guardados correctamente
2026-01-28 12:06:07 - app - INFO - Proceso finalizado | success=True | registros=83
2026-01-28 12:06:07 - app - INFO - Descarga de destinatarios exitosa | registros=83
2026-01-28 12:12:59 - app - INFO - Iniciando descarga de destinatarios | archivo=destinatarios | reprocesar=True
2026-01-28 12:12:59 - app - INFO - Iniciando exec_query | reprocesar=True | proyecto=tc-sc-bi-bigdata-edp-prod
2026-01-28 12:12:59 - app - INFO - Ejecutando query en BigQuery
2026-01-28 12:13:03 - app - INFO - Query ejecutada correctamente | filas=30
2026-01-28 12:13:03 - app - INFO - Iniciando reprocesamiento de request_id
2026-01-28 12:13:03 - app - INFO - Reprocesando 6 registros
2026-01-28 12:13:03 - app - INFO - Ejecutando validate_request_id
2026-01-28 12:13:06 - app - INFO - Query ejecutada correctamente | filas=0
2026-01-28 12:13:06 - app - INFO - No hay request_id a excluir
2026-01-28 12:13:06 - app - INFO - Guardando archivos de salida en data\destinatarios\destinatarios
2026-01-28 12:13:06 - app - INFO - Archivos guardados correctamente
2026-01-28 12:13:06 - app - INFO - Proceso finalizado | success=True | registros=6
2026-01-28 12:13:06 - app - INFO - Descarga de destinatarios exitosa | registros=6
2026-01-28 12:14:03 - app - INFO - Iniciando descarga de destinatarios | archivo=destinatarios | reprocesar=True
2026-01-28 12:14:03 - app - INFO - Iniciando exec_query | reprocesar=True | proyecto=tc-sc-bi-bigdata-edp-prod
2026-01-28 12:14:03 - app - INFO - Ejecutando query en BigQuery
2026-01-28 12:14:07 - app - INFO - Query ejecutada correctamente | filas=30
2026-01-28 12:14:07 - app - INFO - Iniciando reprocesamiento de request_id
2026-01-28 12:14:07 - app - INFO - Reprocesando 6 registros
2026-01-28 12:14:07 - app - INFO - Ejecutando validate_request_id
2026-01-28 12:14:10 - app - INFO - Query ejecutada correctamente | filas=0
2026-01-28 12:14:10 - app - INFO - No hay request_id a excluir
2026-01-28 12:14:10 - app - INFO - Guardando archivos de salida en data\destinatarios\destinatarios
2026-01-28 12:14:10 - app - INFO - Archivos guardados correctamente
2026-01-28 12:14:10 - app - INFO - Proceso finalizado | success=True | registros=6
2026-01-28 12:14:10 - app - INFO - Descarga de destinatarios exitosa | registros=6
2026-01-28 12:14:10 - app - INFO - Registrando pendientes en BigQuery | registros=6
2026-01-28 12:14:10 - app - INFO - Ejecutando get_array
2026-01-28 12:14:10 - app - INFO - Ejecutando get_array
2026-01-28 12:14:10 - app - INFO - Ejecutando get_array
2026-01-28 12:14:10 - app - INFO - Ejecutando get_array
2026-01-28 12:14:10 - app - INFO - Ejecutando get_array
2026-01-28 12:14:10 - app - INFO - Ejecutando get_array
2026-01-28 12:14:10 - app - INFO - Cargando datos en BigQuery | tabla=teams_validation_data | registros=6 | dropTable=True
2026-01-28 12:14:10 - app - INFO - Cargando datos a staging | tabla=stg_teams_validation_data | filas=6 | dropTable=True
2026-01-28 12:14:11 - app - WARNING - Tabla staging eliminada antes de la carga | tabla=stg_teams_validation_data
2026-01-28 12:14:15 - app - INFO - Carga a staging completada exitosamente | tabla=sbox_jcarrion.stg_teams_validation_data
2026-01-28 12:14:15 - app - INFO - Iniciando MERGE | staging=stg_teams_validation_data | tabla_final=teams_validation_data
2026-01-28 12:14:18 - app - INFO - MERGE completado exitosamente | tabla_final=teams_validation_data
2026-01-28 12:14:18 - app - INFO - Carga BigQuery finalizada correctamente | tabla=teams_validation_data
2026-01-28 12:19:12 - app - INFO - Iniciando descarga de destinatarios | archivo=destinatarios | reprocesar=True
2026-01-28 12:19:12 - app - INFO - Iniciando exec_query | reprocesar=True | proyecto=tc-sc-bi-bigdata-edp-prod
2026-01-28 12:19:12 - app - INFO - Ejecutando query en BigQuery
2026-01-28 12:19:16 - app - INFO - Query ejecutada correctamente | filas=30
2026-01-28 12:19:16 - app - INFO - Iniciando reprocesamiento de request_id
2026-01-28 12:19:16 - app - INFO - Reprocesando 6 registros
2026-01-28 12:19:16 - app - INFO - Ejecutando validate_request_id
2026-01-28 12:19:19 - app - INFO - Query ejecutada correctamente | filas=0
2026-01-28 12:19:19 - app - INFO - No hay request_id a excluir
2026-01-28 12:19:19 - app - INFO - Guardando archivos de salida en data\destinatarios\destinatarios
2026-01-28 12:19:19 - app - INFO - Archivos guardados correctamente
2026-01-28 12:19:19 - app - INFO - Proceso finalizado | success=True | registros=6
2026-01-28 12:19:19 - app - INFO - Descarga de destinatarios exitosa | registros=6
2026-01-28 12:19:19 - app - INFO - Registrando pendientes en BigQuery | registros=6
2026-01-28 12:19:19 - app - INFO - Ejecutando get_array
2026-01-28 12:19:19 - app - INFO - Ejecutando get_array
2026-01-28 12:19:19 - app - INFO - Ejecutando get_array
2026-01-28 12:19:19 - app - INFO - Ejecutando get_array
2026-01-28 12:19:19 - app - INFO - Ejecutando get_array
2026-01-28 12:19:19 - app - INFO - Ejecutando get_array
2026-01-28 12:19:19 - app - INFO - Cargando datos en BigQuery | tabla=teams_validation_data | registros=6 | dropTable=True
2026-01-28 12:19:19 - app - INFO - Cargando datos a staging | tabla=stg_teams_validation_data | filas=6 | dropTable=True
2026-01-28 12:19:21 - app - WARNING - Tabla staging eliminada antes de la carga | tabla=stg_teams_validation_data
2026-01-28 12:19:25 - app - INFO - Carga a staging completada exitosamente | tabla=sbox_jcarrion.stg_teams_validation_data
2026-01-28 12:19:25 - app - INFO - Iniciando MERGE | staging=stg_teams_validation_data | tabla_final=teams_validation_data
2026-01-28 12:19:28 - app - INFO - MERGE completado exitosamente | tabla_final=teams_validation_data
2026-01-28 12:19:28 - app - INFO - Carga BigQuery finalizada correctamente | tabla=teams_validation_data
2026-01-28 12:21:23 - app - INFO - Iniciando descarga de destinatarios | archivo=destinatarios | reprocesar=True
2026-01-28 12:21:23 - app - INFO - Iniciando exec_query | reprocesar=True | proyecto=tc-sc-bi-bigdata-edp-prod
2026-01-28 12:21:23 - app - INFO - Ejecutando query en BigQuery
2026-01-28 12:21:27 - app - INFO - Query ejecutada correctamente | filas=30
2026-01-28 12:21:27 - app - INFO - Iniciando reprocesamiento de request_id
2026-01-28 12:21:27 - app - INFO - Reprocesando 6 registros
2026-01-28 12:21:27 - app - INFO - Ejecutando validate_request_id
2026-01-28 12:21:30 - app - INFO - Query ejecutada correctamente | filas=0
2026-01-28 12:21:30 - app - INFO - No hay request_id a excluir
2026-01-28 12:21:30 - app - INFO - Guardando archivos de salida en data\destinatarios\destinatarios
2026-01-28 12:21:30 - app - INFO - Archivos guardados correctamente
2026-01-28 12:21:30 - app - INFO - Proceso finalizado | success=True | registros=6
2026-01-28 12:21:30 - app - INFO - Descarga de destinatarios exitosa | registros=6
2026-01-28 12:21:30 - app - INFO - Registrando pendientes en BigQuery | registros=6
2026-01-28 12:21:30 - app - INFO - Ejecutando get_array
2026-01-28 12:21:30 - app - INFO - Ejecutando get_array
2026-01-28 12:21:30 - app - INFO - Ejecutando get_array
2026-01-28 12:21:30 - app - INFO - Ejecutando get_array
2026-01-28 12:21:30 - app - INFO - Ejecutando get_array
2026-01-28 12:21:30 - app - INFO - Ejecutando get_array
2026-01-28 12:21:30 - app - INFO - Cargando datos en BigQuery | tabla=teams_validation_data | registros=6 | dropTable=True
2026-01-28 12:21:30 - app - INFO - Cargando datos a staging | tabla=stg_teams_validation_data | filas=6 | dropTable=True
2026-01-28 12:21:32 - app - WARNING - Tabla staging eliminada antes de la carga | tabla=stg_teams_validation_data
2026-01-28 12:21:36 - app - INFO - Carga a staging completada exitosamente | tabla=sbox_jcarrion.stg_teams_validation_data
2026-01-28 12:21:36 - app - INFO - Iniciando MERGE | staging=stg_teams_validation_data | tabla_final=teams_validation_data
2026-01-28 12:21:39 - app - INFO - MERGE completado exitosamente | tabla_final=teams_validation_data
2026-01-28 12:21:39 - app - INFO - Carga BigQuery finalizada correctamente | tabla=teams_validation_data
2026-01-28 12:32:14 - app - INFO - Iniciando descarga de destinatarios | archivo=destinatarios | reprocesar=True
2026-01-28 12:32:14 - app - INFO - Iniciando exec_query | reprocesar=True | proyecto=tc-sc-bi-bigdata-edp-prod
2026-01-28 12:32:14 - app - INFO - Ejecutando query en BigQuery
2026-01-28 12:32:18 - app - INFO - Query ejecutada correctamente | filas=30
2026-01-28 12:32:18 - app - INFO - Iniciando reprocesamiento de request_id
2026-01-28 12:32:18 - app - INFO - Reprocesando 6 registros
2026-01-28 12:32:18 - app - INFO - Ejecutando validate_request_id
2026-01-28 12:32:21 - app - INFO - Query ejecutada correctamente | filas=0
2026-01-28 12:32:21 - app - INFO - No hay request_id a excluir
2026-01-28 12:32:21 - app - INFO - Guardando archivos de salida en data\destinatarios\destinatarios
2026-01-28 12:32:21 - app - INFO - Archivos guardados correctamente
2026-01-28 12:32:21 - app - INFO - Proceso finalizado | success=True | registros=6
2026-01-28 12:32:21 - app - INFO - Descarga de destinatarios exitosa | registros=6
2026-01-28 12:32:21 - app - INFO - Registrando pendientes en BigQuery | registros=6
2026-01-28 12:32:21 - app - INFO - Ejecutando get_array
2026-01-28 12:32:21 - app - INFO - Ejecutando get_array
2026-01-28 12:32:21 - app - INFO - Ejecutando get_array
2026-01-28 12:32:21 - app - INFO - Ejecutando get_array
2026-01-28 12:32:21 - app - INFO - Ejecutando get_array
2026-01-28 12:32:21 - app - INFO - Ejecutando get_array
2026-01-28 12:32:21 - app - INFO - Cargando datos en BigQuery | tabla=teams_validation_data | registros=6 | dropTable=True
2026-01-28 12:32:21 - app - INFO - Cargando datos a staging | tabla=stg_teams_validation_data | filas=6 | dropTable=True
2026-01-28 12:32:22 - app - WARNING - Tabla staging eliminada antes de la carga | tabla=stg_teams_validation_data
2026-01-28 12:32:26 - app - INFO - Carga a staging completada exitosamente | tabla=sbox_jcarrion.stg_teams_validation_data
2026-01-28 12:32:26 - app - INFO - Iniciando MERGE | staging=stg_teams_validation_data | tabla_final=teams_validation_data
2026-01-28 12:32:30 - app - INFO - MERGE completado exitosamente | tabla_final=teams_validation_data
2026-01-28 12:32:30 - app - INFO - Carga BigQuery finalizada correctamente | tabla=teams_validation_data
2026-01-28 12:33:06 - app - INFO - Iniciando descarga de destinatarios | archivo=destinatarios | reprocesar=True
2026-01-28 12:33:06 - app - INFO - Iniciando exec_query | reprocesar=True | proyecto=tc-sc-bi-bigdata-edp-prod
2026-01-28 12:33:06 - app - INFO - Ejecutando query en BigQuery
2026-01-28 12:33:09 - app - INFO - Query ejecutada correctamente | filas=30
2026-01-28 12:33:09 - app - INFO - Iniciando reprocesamiento de request_id
2026-01-28 12:33:09 - app - INFO - Reprocesando 6 registros
2026-01-28 12:33:09 - app - INFO - Ejecutando validate_request_id
2026-01-28 12:33:12 - app - INFO - Query ejecutada correctamente | filas=0
2026-01-28 12:33:12 - app - INFO - No hay request_id a excluir
2026-01-28 12:33:12 - app - INFO - Guardando archivos de salida en data\destinatarios\destinatarios
2026-01-28 12:33:12 - app - INFO - Archivos guardados correctamente
2026-01-28 12:33:12 - app - INFO - Proceso finalizado | success=True | registros=6
2026-01-28 12:33:12 - app - INFO - Descarga de destinatarios exitosa | registros=6
2026-01-28 12:33:12 - app - INFO - Registrando pendientes en BigQuery | registros=6
2026-01-28 12:33:12 - app - INFO - Ejecutando get_array
2026-01-28 12:33:12 - app - INFO - Ejecutando get_array
2026-01-28 12:33:12 - app - INFO - Ejecutando get_array
2026-01-28 12:33:12 - app - INFO - Ejecutando get_array
2026-01-28 12:33:12 - app - INFO - Ejecutando get_array
2026-01-28 12:33:12 - app - INFO - Ejecutando get_array
2026-01-28 12:33:12 - app - INFO - Cargando datos en BigQuery | tabla=teams_validation_data | registros=6 | dropTable=True
2026-01-28 12:33:12 - app - INFO - Cargando datos a staging | tabla=stg_teams_validation_data | filas=6 | dropTable=True
2026-01-28 12:33:14 - app - WARNING - Tabla staging eliminada antes de la carga | tabla=stg_teams_validation_data
2026-01-28 12:33:17 - app - INFO - Carga a staging completada exitosamente | tabla=sbox_jcarrion.stg_teams_validation_data
2026-01-28 12:33:17 - app - INFO - Iniciando MERGE | staging=stg_teams_validation_data | tabla_final=teams_validation_data
2026-01-28 12:33:20 - app - INFO - MERGE completado exitosamente | tabla_final=teams_validation_data
2026-01-28 12:33:20 - app - INFO - Carga BigQuery finalizada correctamente | tabla=teams_validation_data
2026-01-28 12:33:20 - app - INFO - Inicio envío por lotes | archivo=destinatarios | chunk_size=5
2026-01-28 12:33:20 - app - INFO - Procesando lista de destinatarios
2026-01-28 12:33:21 - app - INFO - Destinatarios cargados correctamente: 6
2026-01-28 12:33:21 - app - INFO - Total destinatarios a procesar: 6
2026-01-28 12:33:21 - app - INFO - Ejecutando chunk_dataframe
2026-01-28 12:33:21 - app - INFO - Procesando lote 1 | registros=5
2026-01-28 12:33:21 - app - INFO - Iniciando envío de 5 formularios
2026-01-28 12:33:21 - app - INFO - Ejecutando get_array
2026-01-28 12:33:24 - app - INFO - Request enviado | request_id=9074c12778f78c6ecff6c399e5a37ee4d88c7a33adf2a117b3d073e4c671ebec | destinatario=ext_jcarrion@Falabella.cl | status=202
2026-01-28 12:33:24 - app - INFO - 1/5 - ext_jcarrion@Falabella.cl - status:202
2026-01-28 12:33:24 - app - INFO - Ejecutando get_array
2026-01-28 12:33:26 - app - INFO - Request enviado | request_id=c1c8eb740ec0949af34771ddd9f56d54b6045671301535af15669f85ea06d77d | destinatario=ext_jcarrion@Falabella.cl | status=202
2026-01-28 12:33:26 - app - INFO - 2/5 - ext_jcarrion@Falabella.cl - status:202
2026-01-28 12:33:26 - app - INFO - Ejecutando get_array
2026-01-28 12:33:29 - app - INFO - Request enviado | request_id=41829e0816ed7c6edc4089d14fb6a92dffcae579a4471435e9e697595629ad5d | destinatario=ext_jcarrion@Falabella.cl | status=202
2026-01-28 12:33:29 - app - INFO - 3/5 - ext_jcarrion@Falabella.cl - status:202
2026-01-28 12:33:29 - app - INFO - Ejecutando get_array
2026-01-28 12:33:31 - app - INFO - Request enviado | request_id=1435bb7dc30ef77f57ac75b27ec18b8f1e6ef76da17d32f67669d80fafd0d686 | destinatario=ext_jcarrion@Falabella.cl | status=202
2026-01-28 12:33:31 - app - INFO - 4/5 - ext_jcarrion@Falabella.cl - status:202
2026-01-28 12:33:31 - app - INFO - Ejecutando get_array
2026-01-28 12:33:34 - app - INFO - Request enviado | request_id=3d0099b149e1ce9756b68788d5ab9c3263ab30e8cee39200d1f7af89c4b9d1d0 | destinatario=ext_jcarrion@Falabella.cl | status=202
2026-01-28 12:33:34 - app - INFO - 5/5 - ext_jcarrion@Falabella.cl - status:202
2026-01-28 12:33:34 - app - INFO - Proceso de envío finalizado
2026-01-28 12:33:34 - app - INFO - Cargando datos en BigQuery | tabla=teams_validation_data | registros=5 | dropTable=False
2026-01-28 12:33:34 - app - INFO - Cargando datos a staging | tabla=stg_teams_validation_data | filas=5 | dropTable=False
2026-01-28 12:35:27 - app - INFO - Cargando data Automate | archivo=test(Sheet1).csv | tabla=response_validation_data
2026-01-28 12:35:27 - app - INFO - Procesando archivo | ruta=C:\Users\genesys\Downloads\test(Sheet1).csv
2026-01-28 12:35:27 - app - ERROR - Archivo no existe | ruta=C:\Users\genesys\Downloads\test(Sheet1).csv
2026-01-28 12:35:27 - app - ERROR - Error leyendo CSV Automate | state=La ruta no existe
2026-01-28 12:35:47 - app - INFO - Cargando data Automate | archivo=test(Sheet1).csv | tabla=response_validation_data
2026-01-28 12:35:47 - app - INFO - Procesando archivo | ruta=C:\Users\genesys\Downloads\test(Sheet1).csv
2026-01-28 12:35:47 - app - INFO - Leyendo archivo CSV | columnas_esperadas=13
2026-01-28 12:35:47 - app - INFO - Ejecutando get_encoding
2026-01-28 12:35:47 - app - INFO - Generando hash por fila | columnas_pk=['request_id', 'responseTime']
2026-01-28 12:35:47 - app - INFO - Archivo procesado correctamente | filas=852
2026-01-28 12:35:47 - app - INFO - Cargando datos en BigQuery | tabla=response_validation_data | registros=852 | dropTable=True
2026-01-28 12:35:47 - app - INFO - Cargando datos a staging | tabla=stg_response_validation_data | filas=852 | dropTable=True
2026-01-28 12:35:49 - app - WARNING - Tabla staging eliminada antes de la carga | tabla=stg_response_validation_data
2026-01-28 12:35:53 - app - INFO - Carga a staging completada exitosamente | tabla=sbox_jcarrion.stg_response_validation_data
2026-01-28 12:35:53 - app - INFO - Iniciando MERGE | staging=stg_response_validation_data | tabla_final=response_validation_data
2026-01-28 12:36:02 - app - INFO - MERGE completado exitosamente | tabla_final=response_validation_data
2026-01-28 12:36:02 - app - INFO - Carga BigQuery finalizada correctamente | tabla=response_validation_data
2026-01-28 12:37:33 - app - INFO - Iniciando descarga de destinatarios | archivo=destinatarios | reprocesar=True
2026-01-28 12:37:33 - app - INFO - Iniciando exec_query | reprocesar=True | proyecto=tc-sc-bi-bigdata-edp-prod
2026-01-28 12:37:33 - app - INFO - Ejecutando query en BigQuery
2026-01-28 12:37:37 - app - INFO - Query ejecutada correctamente | filas=30
2026-01-28 12:37:37 - app - INFO - Iniciando reprocesamiento de request_id
2026-01-28 12:37:37 - app - INFO - Reprocesando 6 registros
2026-01-28 12:37:37 - app - INFO - Ejecutando validate_request_id
2026-01-28 12:37:40 - app - INFO - Query ejecutada correctamente | filas=4
2026-01-28 12:37:40 - app - INFO - Registros finales: 2
2026-01-28 12:37:40 - app - INFO - Guardando archivos de salida en data\destinatarios\destinatarios
2026-01-28 12:37:40 - app - INFO - Archivos guardados correctamente
2026-01-28 12:37:40 - app - INFO - Proceso finalizado | success=True | registros=2
2026-01-28 12:37:40 - app - INFO - Descarga de destinatarios exitosa | registros=2
2026-01-28 12:41:13 - app - INFO - Iniciando descarga de destinatarios | archivo=destinatarios | reprocesar=True
2026-01-28 12:41:13 - app - INFO - Iniciando exec_query | reprocesar=True | proyecto=tc-sc-bi-bigdata-edp-prod
2026-01-28 12:41:13 - app - INFO - Ejecutando query en BigQuery
2026-01-28 12:41:16 - app - INFO - Query ejecutada correctamente | filas=30
2026-01-28 12:41:16 - app - INFO - Iniciando reprocesamiento de request_id
2026-01-28 12:41:16 - app - INFO - Reprocesando 6 registros
2026-01-28 12:41:16 - app - INFO - Ejecutando validate_request_id
2026-01-28 12:41:19 - app - INFO - Query ejecutada correctamente | filas=4
2026-01-28 12:41:19 - app - INFO - Registros finales: 2
2026-01-28 12:41:19 - app - INFO - Guardando archivos de salida en data\destinatarios\destinatarios
2026-01-28 12:41:19 - app - ERROR - Error al guardar archivos de salida
Traceback (most recent call last):
  File "C:\Users\genesys\Documents\code_dev\Validaciones_teams\app\teams_validation_service\fuente_de_la_verdad.py", line 210, in download_Data
    data.to_excel(f"{output_path}.xlsx", index=False)
    ~~~~~~~~~~~~~^^^^^^^^^^^^^^^^^^^^^^^^^^^^^^^^^^^^
  File "c:\Users\genesys\Documents\code_dev\Validaciones_teams\.venv\Lib\site-packages\pandas\util\_decorators.py", line 333, in wrapper
    return func(*args, **kwargs)
  File "c:\Users\genesys\Documents\code_dev\Validaciones_teams\.venv\Lib\site-packages\pandas\core\generic.py", line 2439, in to_excel
    formatter.write(
    ~~~~~~~~~~~~~~~^
        excel_writer,
        ^^^^^^^^^^^^^
    ...<6 lines>...
        engine_kwargs=engine_kwargs,
        ^^^^^^^^^^^^^^^^^^^^^^^^^^^^
    )
    ^
  File "c:\Users\genesys\Documents\code_dev\Validaciones_teams\.venv\Lib\site-packages\pandas\io\formats\excel.py", line 943, in write
    writer = ExcelWriter(
        writer,
    ...<2 lines>...
        engine_kwargs=engine_kwargs,
    )
  File "c:\Users\genesys\Documents\code_dev\Validaciones_teams\.venv\Lib\site-packages\pandas\io\excel\_openpyxl.py", line 61, in __init__
    super().__init__(
    ~~~~~~~~~~~~~~~~^
        path,
        ^^^^^
    ...<3 lines>...
        engine_kwargs=engine_kwargs,
        ^^^^^^^^^^^^^^^^^^^^^^^^^^^^
    )
    ^
  File "c:\Users\genesys\Documents\code_dev\Validaciones_teams\.venv\Lib\site-packages\pandas\io\excel\_base.py", line 1246, in __init__
    self._handles = get_handle(
                    ~~~~~~~~~~^
        path, mode, storage_options=storage_options, is_text=False
        ^^^^^^^^^^^^^^^^^^^^^^^^^^^^^^^^^^^^^^^^^^^^^^^^^^^^^^^^^^
    )
    ^
  File "c:\Users\genesys\Documents\code_dev\Validaciones_teams\.venv\Lib\site-packages\pandas\io\common.py", line 882, in get_handle
    handle = open(handle, ioargs.mode)
PermissionError: [Errno 13] Permission denied: 'data\\destinatarios\\destinatarios.xlsx'
2026-01-28 12:41:19 - app - INFO - Proceso finalizado | success=False | registros=2
2026-01-28 12:41:19 - app - ERROR - Error descargando destinatarios | msg=Exception
2026-01-28 12:41:39 - app - INFO - Iniciando descarga de destinatarios | archivo=destinatarios | reprocesar=True
2026-01-28 12:41:39 - app - INFO - Iniciando exec_query | reprocesar=True | proyecto=tc-sc-bi-bigdata-edp-prod
2026-01-28 12:41:39 - app - INFO - Ejecutando query en BigQuery
2026-01-28 12:41:42 - app - INFO - Query ejecutada correctamente | filas=30
2026-01-28 12:41:42 - app - INFO - Iniciando reprocesamiento de request_id
2026-01-28 12:41:42 - app - INFO - Reprocesando 6 registros
2026-01-28 12:41:42 - app - INFO - Ejecutando validate_request_id
2026-01-28 12:41:45 - app - INFO - Query ejecutada correctamente | filas=4
2026-01-28 12:41:45 - app - INFO - Registros finales: 2
2026-01-28 12:41:45 - app - INFO - Guardando archivos de salida en data\destinatarios\destinatarios
2026-01-28 12:41:45 - app - INFO - Archivos guardados correctamente
2026-01-28 12:41:45 - app - INFO - Proceso finalizado | success=True | registros=2
2026-01-28 12:41:45 - app - INFO - Descarga de destinatarios exitosa | registros=2
2026-01-28 12:41:45 - app - INFO - Registrando pendientes en BigQuery | registros=2
2026-01-28 12:41:45 - app - INFO - Ejecutando get_array
2026-01-28 12:41:45 - app - INFO - Ejecutando get_array
2026-01-28 12:41:45 - app - INFO - Cargando datos en BigQuery | tabla=teams_validation_data | registros=2 | dropTable=True
2026-01-28 12:41:45 - app - INFO - Cargando datos a staging | tabla=stg_teams_validation_data | filas=2 | dropTable=True
2026-01-28 12:41:47 - app - WARNING - Tabla staging eliminada antes de la carga | tabla=stg_teams_validation_data
2026-01-28 12:41:51 - app - INFO - Carga a staging completada exitosamente | tabla=sbox_jcarrion.stg_teams_validation_data
2026-01-28 12:41:51 - app - INFO - Iniciando MERGE | staging=stg_teams_validation_data | tabla_final=teams_validation_data
2026-01-28 12:42:04 - app - INFO - MERGE completado exitosamente | tabla_final=teams_validation_data
2026-01-28 12:42:04 - app - INFO - Carga BigQuery finalizada correctamente | tabla=teams_validation_data
2026-01-28 12:42:04 - app - INFO - Inicio envío por lotes | archivo=destinatarios | chunk_size=5
2026-01-28 12:42:04 - app - INFO - Procesando lista de destinatarios
2026-01-28 12:42:04 - app - INFO - Destinatarios cargados correctamente: 2
2026-01-28 12:42:04 - app - INFO - Total destinatarios a procesar: 2
2026-01-28 12:42:04 - app - INFO - Ejecutando chunk_dataframe
2026-01-28 12:42:04 - app - INFO - Procesando lote 1 | registros=2
2026-01-28 12:42:04 - app - INFO - Iniciando envío de 2 formularios
2026-01-28 12:42:04 - app - INFO - Ejecutando get_array
2026-01-28 12:42:08 - app - INFO - Request enviado | request_id=3d0099b149e1ce9756b68788d5ab9c3263ab30e8cee39200d1f7af89c4b9d1d0 | destinatario=ext_jcarrion@Falabella.cl | status=202
2026-01-28 12:42:08 - app - INFO - 1/2 - ext_jcarrion@Falabella.cl - status:202
2026-01-28 12:42:08 - app - INFO - Ejecutando get_array
2026-01-28 12:42:10 - app - INFO - Request enviado | request_id=2e914cda3f49b58c56f675697593ba6f385fdefdc3436f5d215725b4fa3eecf9 | destinatario=ext_jcarrion@Falabella.cl | status=202
2026-01-28 12:42:10 - app - INFO - 2/2 - ext_jcarrion@Falabella.cl - status:202
2026-01-28 12:42:10 - app - INFO - Proceso de envío finalizado
2026-01-28 12:42:10 - app - INFO - Cargando datos en BigQuery | tabla=teams_validation_data | registros=2 | dropTable=False
2026-01-28 12:42:10 - app - INFO - Cargando datos a staging | tabla=stg_teams_validation_data | filas=2 | dropTable=False
2026-01-28 12:42:15 - app - INFO - Carga a staging completada exitosamente | tabla=sbox_jcarrion.stg_teams_validation_data
2026-01-28 12:42:15 - app - INFO - Iniciando MERGE | staging=stg_teams_validation_data | tabla_final=teams_validation_data
2026-01-28 12:42:19 - app - INFO - MERGE completado exitosamente | tabla_final=teams_validation_data
2026-01-28 12:42:19 - app - INFO - Carga BigQuery finalizada correctamente | tabla=teams_validation_data
2026-01-28 12:42:19 - app - INFO - Lote 1 persistido en BigQuery | registros=2
2026-01-28 12:49:08 - app - INFO - Iniciando descarga de destinatarios | archivo=destinatarios | reprocesar=True
2026-01-28 12:49:08 - app - INFO - Iniciando exec_query | reprocesar=True | proyecto=tc-sc-bi-bigdata-edp-prod
2026-01-28 12:49:08 - app - INFO - Ejecutando query en BigQuery
2026-01-28 12:49:13 - app - INFO - Query ejecutada correctamente | filas=3000
2026-01-28 12:49:13 - app - INFO - Iniciando reprocesamiento de request_id
2026-01-28 12:49:13 - app - INFO - Reprocesando 776 registros
2026-01-28 12:49:13 - app - INFO - Ejecutando validate_request_id
2026-01-28 12:49:17 - app - INFO - Query ejecutada correctamente | filas=4
2026-01-28 12:49:17 - app - INFO - Registros finales: 772
2026-01-28 12:49:17 - app - INFO - Guardando archivos de salida en data\destinatarios\destinatarios
2026-01-28 12:49:17 - app - INFO - Archivos guardados correctamente
2026-01-28 12:49:17 - app - INFO - Proceso finalizado | success=True | registros=772
2026-01-28 12:49:17 - app - INFO - Descarga de destinatarios exitosa | registros=772
2026-01-28 12:49:17 - app - INFO - Registrando pendientes en BigQuery | registros=772
2026-01-28 12:49:17 - app - INFO - Ejecutando get_array
2026-01-28 12:49:17 - app - INFO - Ejecutando get_array
2026-01-28 12:49:17 - app - INFO - Ejecutando get_array
2026-01-28 12:49:17 - app - INFO - Ejecutando get_array
2026-01-28 12:49:17 - app - INFO - Ejecutando get_array
2026-01-28 12:49:17 - app - INFO - Ejecutando get_array
2026-01-28 12:49:17 - app - INFO - Ejecutando get_array
2026-01-28 12:49:17 - app - INFO - Ejecutando get_array
2026-01-28 12:49:17 - app - INFO - Ejecutando get_array
2026-01-28 12:49:17 - app - INFO - Ejecutando get_array
2026-01-28 12:49:17 - app - INFO - Ejecutando get_array
2026-01-28 12:49:17 - app - INFO - Ejecutando get_array
2026-01-28 12:49:17 - app - INFO - Ejecutando get_array
2026-01-28 12:49:17 - app - INFO - Ejecutando get_array
2026-01-28 12:49:17 - app - INFO - Ejecutando get_array
2026-01-28 12:49:17 - app - INFO - Ejecutando get_array
2026-01-28 12:49:17 - app - INFO - Ejecutando get_array
2026-01-28 12:49:17 - app - INFO - Ejecutando get_array
2026-01-28 12:49:17 - app - INFO - Ejecutando get_array
2026-01-28 12:49:17 - app - INFO - Ejecutando get_array
2026-01-28 12:49:17 - app - INFO - Ejecutando get_array
2026-01-28 12:49:17 - app - INFO - Ejecutando get_array
2026-01-28 12:49:17 - app - INFO - Ejecutando get_array
2026-01-28 12:49:17 - app - INFO - Ejecutando get_array
2026-01-28 12:49:17 - app - INFO - Ejecutando get_array
2026-01-28 12:49:17 - app - INFO - Ejecutando get_array
2026-01-28 12:49:17 - app - INFO - Ejecutando get_array
2026-01-28 12:49:17 - app - INFO - Ejecutando get_array
2026-01-28 12:49:17 - app - INFO - Ejecutando get_array
2026-01-28 12:49:17 - app - INFO - Ejecutando get_array
2026-01-28 12:49:17 - app - INFO - Ejecutando get_array
2026-01-28 12:49:17 - app - INFO - Ejecutando get_array
2026-01-28 12:49:17 - app - INFO - Ejecutando get_array
2026-01-28 12:49:17 - app - INFO - Ejecutando get_array
2026-01-28 12:49:17 - app - INFO - Ejecutando get_array
2026-01-28 12:49:17 - app - INFO - Ejecutando get_array
2026-01-28 12:49:17 - app - INFO - Ejecutando get_array
2026-01-28 12:49:17 - app - INFO - Ejecutando get_array
2026-01-28 12:49:17 - app - INFO - Ejecutando get_array
2026-01-28 12:49:17 - app - INFO - Ejecutando get_array
2026-01-28 12:49:17 - app - INFO - Ejecutando get_array
2026-01-28 12:49:17 - app - INFO - Ejecutando get_array
2026-01-28 12:49:17 - app - INFO - Ejecutando get_array
2026-01-28 12:49:17 - app - INFO - Ejecutando get_array
2026-01-28 12:49:17 - app - INFO - Ejecutando get_array
2026-01-28 12:49:17 - app - INFO - Ejecutando get_array
2026-01-28 12:49:17 - app - INFO - Ejecutando get_array
2026-01-28 12:49:17 - app - INFO - Ejecutando get_array
2026-01-28 12:49:17 - app - INFO - Ejecutando get_array
2026-01-28 12:49:17 - app - INFO - Ejecutando get_array
2026-01-28 12:49:17 - app - INFO - Ejecutando get_array
2026-01-28 12:49:17 - app - INFO - Ejecutando get_array
2026-01-28 12:49:17 - app - INFO - Ejecutando get_array
2026-01-28 12:49:17 - app - INFO - Ejecutando get_array
2026-01-28 12:49:17 - app - INFO - Ejecutando get_array
2026-01-28 12:49:17 - app - INFO - Ejecutando get_array
2026-01-28 12:49:17 - app - INFO - Ejecutando get_array
2026-01-28 12:49:17 - app - INFO - Ejecutando get_array
2026-01-28 12:49:17 - app - INFO - Ejecutando get_array
2026-01-28 12:49:17 - app - INFO - Ejecutando get_array
2026-01-28 12:49:17 - app - INFO - Ejecutando get_array
2026-01-28 12:49:17 - app - INFO - Ejecutando get_array
2026-01-28 12:49:17 - app - INFO - Ejecutando get_array
2026-01-28 12:49:17 - app - INFO - Ejecutando get_array
2026-01-28 12:49:17 - app - INFO - Ejecutando get_array
2026-01-28 12:49:17 - app - INFO - Ejecutando get_array
2026-01-28 12:49:17 - app - INFO - Ejecutando get_array
2026-01-28 12:49:17 - app - INFO - Ejecutando get_array
2026-01-28 12:49:17 - app - INFO - Ejecutando get_array
2026-01-28 12:49:17 - app - INFO - Ejecutando get_array
2026-01-28 12:49:17 - app - INFO - Ejecutando get_array
2026-01-28 12:49:17 - app - INFO - Ejecutando get_array
2026-01-28 12:49:17 - app - INFO - Ejecutando get_array
2026-01-28 12:49:17 - app - INFO - Ejecutando get_array
2026-01-28 12:49:17 - app - INFO - Ejecutando get_array
2026-01-28 12:49:17 - app - INFO - Ejecutando get_array
2026-01-28 12:49:17 - app - INFO - Ejecutando get_array
2026-01-28 12:49:17 - app - INFO - Ejecutando get_array
2026-01-28 12:49:17 - app - INFO - Ejecutando get_array
2026-01-28 12:49:17 - app - INFO - Ejecutando get_array
2026-01-28 12:49:17 - app - INFO - Ejecutando get_array
2026-01-28 12:49:17 - app - INFO - Ejecutando get_array
2026-01-28 12:49:17 - app - INFO - Ejecutando get_array
2026-01-28 12:49:17 - app - INFO - Ejecutando get_array
2026-01-28 12:49:17 - app - INFO - Ejecutando get_array
2026-01-28 12:49:17 - app - INFO - Ejecutando get_array
2026-01-28 12:49:17 - app - INFO - Ejecutando get_array
2026-01-28 12:49:17 - app - INFO - Ejecutando get_array
2026-01-28 12:49:17 - app - INFO - Ejecutando get_array
2026-01-28 12:49:17 - app - INFO - Ejecutando get_array
2026-01-28 12:49:17 - app - INFO - Ejecutando get_array
2026-01-28 12:49:17 - app - INFO - Ejecutando get_array
2026-01-28 12:49:17 - app - INFO - Ejecutando get_array
2026-01-28 12:49:17 - app - INFO - Ejecutando get_array
2026-01-28 12:49:17 - app - INFO - Ejecutando get_array
2026-01-28 12:49:17 - app - INFO - Ejecutando get_array
2026-01-28 12:49:17 - app - INFO - Ejecutando get_array
2026-01-28 12:49:17 - app - INFO - Ejecutando get_array
2026-01-28 12:49:17 - app - INFO - Ejecutando get_array
2026-01-28 12:49:17 - app - INFO - Ejecutando get_array
2026-01-28 12:49:17 - app - INFO - Ejecutando get_array
2026-01-28 12:49:17 - app - INFO - Ejecutando get_array
2026-01-28 12:49:17 - app - INFO - Ejecutando get_array
2026-01-28 12:49:17 - app - INFO - Ejecutando get_array
2026-01-28 12:49:17 - app - INFO - Ejecutando get_array
2026-01-28 12:49:17 - app - INFO - Ejecutando get_array
2026-01-28 12:49:17 - app - INFO - Ejecutando get_array
2026-01-28 12:49:17 - app - INFO - Ejecutando get_array
2026-01-28 12:49:17 - app - INFO - Ejecutando get_array
2026-01-28 12:49:17 - app - INFO - Ejecutando get_array
2026-01-28 12:49:17 - app - INFO - Ejecutando get_array
2026-01-28 12:49:17 - app - INFO - Ejecutando get_array
2026-01-28 12:49:17 - app - INFO - Ejecutando get_array
2026-01-28 12:49:17 - app - INFO - Ejecutando get_array
2026-01-28 12:49:17 - app - INFO - Ejecutando get_array
2026-01-28 12:49:17 - app - INFO - Ejecutando get_array
2026-01-28 12:49:17 - app - INFO - Ejecutando get_array
2026-01-28 12:49:17 - app - INFO - Ejecutando get_array
2026-01-28 12:49:17 - app - INFO - Ejecutando get_array
2026-01-28 12:49:17 - app - INFO - Ejecutando get_array
2026-01-28 12:49:17 - app - INFO - Ejecutando get_array
2026-01-28 12:49:17 - app - INFO - Ejecutando get_array
2026-01-28 12:49:17 - app - INFO - Ejecutando get_array
2026-01-28 12:49:17 - app - INFO - Ejecutando get_array
2026-01-28 12:49:17 - app - INFO - Ejecutando get_array
2026-01-28 12:49:17 - app - INFO - Ejecutando get_array
2026-01-28 12:49:17 - app - INFO - Ejecutando get_array
2026-01-28 12:49:17 - app - INFO - Ejecutando get_array
2026-01-28 12:49:17 - app - INFO - Ejecutando get_array
2026-01-28 12:49:17 - app - INFO - Ejecutando get_array
2026-01-28 12:49:17 - app - INFO - Ejecutando get_array
2026-01-28 12:49:17 - app - INFO - Ejecutando get_array
2026-01-28 12:49:17 - app - INFO - Ejecutando get_array
2026-01-28 12:49:17 - app - INFO - Ejecutando get_array
2026-01-28 12:49:17 - app - INFO - Ejecutando get_array
2026-01-28 12:49:17 - app - INFO - Ejecutando get_array
2026-01-28 12:49:17 - app - INFO - Ejecutando get_array
2026-01-28 12:49:17 - app - INFO - Ejecutando get_array
2026-01-28 12:49:17 - app - INFO - Ejecutando get_array
2026-01-28 12:49:17 - app - INFO - Ejecutando get_array
2026-01-28 12:49:17 - app - INFO - Ejecutando get_array
2026-01-28 12:49:17 - app - INFO - Ejecutando get_array
2026-01-28 12:49:17 - app - INFO - Ejecutando get_array
2026-01-28 12:49:17 - app - INFO - Ejecutando get_array
2026-01-28 12:49:17 - app - INFO - Ejecutando get_array
2026-01-28 12:49:17 - app - INFO - Ejecutando get_array
2026-01-28 12:49:17 - app - INFO - Ejecutando get_array
2026-01-28 12:49:17 - app - INFO - Ejecutando get_array
2026-01-28 12:49:17 - app - INFO - Ejecutando get_array
2026-01-28 12:49:17 - app - INFO - Ejecutando get_array
2026-01-28 12:49:17 - app - INFO - Ejecutando get_array
2026-01-28 12:49:17 - app - INFO - Ejecutando get_array
2026-01-28 12:49:17 - app - INFO - Ejecutando get_array
2026-01-28 12:49:17 - app - INFO - Ejecutando get_array
2026-01-28 12:49:17 - app - INFO - Ejecutando get_array
2026-01-28 12:49:17 - app - INFO - Ejecutando get_array
2026-01-28 12:49:17 - app - INFO - Ejecutando get_array
2026-01-28 12:49:17 - app - INFO - Ejecutando get_array
2026-01-28 12:49:17 - app - INFO - Ejecutando get_array
2026-01-28 12:49:17 - app - INFO - Ejecutando get_array
2026-01-28 12:49:17 - app - INFO - Ejecutando get_array
2026-01-28 12:49:17 - app - INFO - Ejecutando get_array
2026-01-28 12:49:17 - app - INFO - Ejecutando get_array
2026-01-28 12:49:17 - app - INFO - Ejecutando get_array
2026-01-28 12:49:17 - app - INFO - Ejecutando get_array
2026-01-28 12:49:17 - app - INFO - Ejecutando get_array
2026-01-28 12:49:17 - app - INFO - Ejecutando get_array
2026-01-28 12:49:17 - app - INFO - Ejecutando get_array
2026-01-28 12:49:17 - app - INFO - Ejecutando get_array
2026-01-28 12:49:17 - app - INFO - Ejecutando get_array
2026-01-28 12:49:17 - app - INFO - Ejecutando get_array
2026-01-28 12:49:17 - app - INFO - Ejecutando get_array
2026-01-28 12:49:17 - app - INFO - Ejecutando get_array
2026-01-28 12:49:17 - app - INFO - Ejecutando get_array
2026-01-28 12:49:17 - app - INFO - Ejecutando get_array
2026-01-28 12:49:17 - app - INFO - Ejecutando get_array
2026-01-28 12:49:17 - app - INFO - Ejecutando get_array
2026-01-28 12:49:17 - app - INFO - Ejecutando get_array
2026-01-28 12:49:17 - app - INFO - Ejecutando get_array
2026-01-28 12:49:17 - app - INFO - Ejecutando get_array
2026-01-28 12:49:17 - app - INFO - Ejecutando get_array
2026-01-28 12:49:17 - app - INFO - Ejecutando get_array
2026-01-28 12:49:17 - app - INFO - Ejecutando get_array
2026-01-28 12:49:17 - app - INFO - Ejecutando get_array
2026-01-28 12:49:17 - app - INFO - Ejecutando get_array
2026-01-28 12:49:17 - app - INFO - Ejecutando get_array
2026-01-28 12:49:17 - app - INFO - Ejecutando get_array
2026-01-28 12:49:17 - app - INFO - Ejecutando get_array
2026-01-28 12:49:17 - app - INFO - Ejecutando get_array
2026-01-28 12:49:17 - app - INFO - Ejecutando get_array
2026-01-28 12:49:17 - app - INFO - Ejecutando get_array
2026-01-28 12:49:17 - app - INFO - Ejecutando get_array
2026-01-28 12:49:17 - app - INFO - Ejecutando get_array
2026-01-28 12:49:17 - app - INFO - Ejecutando get_array
2026-01-28 12:49:17 - app - INFO - Ejecutando get_array
2026-01-28 12:49:17 - app - INFO - Ejecutando get_array
2026-01-28 12:49:17 - app - INFO - Ejecutando get_array
2026-01-28 12:49:17 - app - INFO - Ejecutando get_array
2026-01-28 12:49:17 - app - INFO - Ejecutando get_array
2026-01-28 12:49:17 - app - INFO - Ejecutando get_array
2026-01-28 12:49:17 - app - INFO - Ejecutando get_array
2026-01-28 12:49:17 - app - INFO - Ejecutando get_array
2026-01-28 12:49:17 - app - INFO - Ejecutando get_array
2026-01-28 12:49:17 - app - INFO - Ejecutando get_array
2026-01-28 12:49:17 - app - INFO - Ejecutando get_array
2026-01-28 12:49:17 - app - INFO - Ejecutando get_array
2026-01-28 12:49:17 - app - INFO - Ejecutando get_array
2026-01-28 12:49:17 - app - INFO - Ejecutando get_array
2026-01-28 12:49:17 - app - INFO - Ejecutando get_array
2026-01-28 12:49:17 - app - INFO - Ejecutando get_array
2026-01-28 12:49:17 - app - INFO - Ejecutando get_array
2026-01-28 12:49:17 - app - INFO - Ejecutando get_array
2026-01-28 12:49:17 - app - INFO - Ejecutando get_array
2026-01-28 12:49:17 - app - INFO - Ejecutando get_array
2026-01-28 12:49:17 - app - INFO - Ejecutando get_array
2026-01-28 12:49:17 - app - INFO - Ejecutando get_array
2026-01-28 12:49:17 - app - INFO - Ejecutando get_array
2026-01-28 12:49:17 - app - INFO - Ejecutando get_array
2026-01-28 12:49:17 - app - INFO - Ejecutando get_array
2026-01-28 12:49:17 - app - INFO - Ejecutando get_array
2026-01-28 12:49:17 - app - INFO - Ejecutando get_array
2026-01-28 12:49:17 - app - INFO - Ejecutando get_array
2026-01-28 12:49:17 - app - INFO - Ejecutando get_array
2026-01-28 12:49:17 - app - INFO - Ejecutando get_array
2026-01-28 12:49:17 - app - INFO - Ejecutando get_array
2026-01-28 12:49:17 - app - INFO - Ejecutando get_array
2026-01-28 12:49:17 - app - INFO - Ejecutando get_array
2026-01-28 12:49:17 - app - INFO - Ejecutando get_array
2026-01-28 12:49:17 - app - INFO - Ejecutando get_array
2026-01-28 12:49:17 - app - INFO - Ejecutando get_array
2026-01-28 12:49:17 - app - INFO - Ejecutando get_array
2026-01-28 12:49:17 - app - INFO - Ejecutando get_array
2026-01-28 12:49:17 - app - INFO - Ejecutando get_array
2026-01-28 12:49:17 - app - INFO - Ejecutando get_array
2026-01-28 12:49:17 - app - INFO - Ejecutando get_array
2026-01-28 12:49:17 - app - INFO - Ejecutando get_array
2026-01-28 12:49:17 - app - INFO - Ejecutando get_array
2026-01-28 12:49:17 - app - INFO - Ejecutando get_array
2026-01-28 12:49:17 - app - INFO - Ejecutando get_array
2026-01-28 12:49:17 - app - INFO - Ejecutando get_array
2026-01-28 12:49:17 - app - INFO - Ejecutando get_array
2026-01-28 12:49:17 - app - INFO - Ejecutando get_array
2026-01-28 12:49:17 - app - INFO - Ejecutando get_array
2026-01-28 12:49:17 - app - INFO - Ejecutando get_array
2026-01-28 12:49:17 - app - INFO - Ejecutando get_array
2026-01-28 12:49:17 - app - INFO - Ejecutando get_array
2026-01-28 12:49:17 - app - INFO - Ejecutando get_array
2026-01-28 12:49:17 - app - INFO - Ejecutando get_array
2026-01-28 12:49:17 - app - INFO - Ejecutando get_array
2026-01-28 12:49:17 - app - INFO - Ejecutando get_array
2026-01-28 12:49:17 - app - INFO - Ejecutando get_array
2026-01-28 12:49:17 - app - INFO - Ejecutando get_array
2026-01-28 12:49:17 - app - INFO - Ejecutando get_array
2026-01-28 12:49:17 - app - INFO - Ejecutando get_array
2026-01-28 12:49:17 - app - INFO - Ejecutando get_array
2026-01-28 12:49:17 - app - INFO - Ejecutando get_array
2026-01-28 12:49:17 - app - INFO - Ejecutando get_array
2026-01-28 12:49:17 - app - INFO - Ejecutando get_array
2026-01-28 12:49:17 - app - INFO - Ejecutando get_array
2026-01-28 12:49:17 - app - INFO - Ejecutando get_array
2026-01-28 12:49:17 - app - INFO - Ejecutando get_array
2026-01-28 12:49:17 - app - INFO - Ejecutando get_array
2026-01-28 12:49:17 - app - INFO - Ejecutando get_array
2026-01-28 12:49:17 - app - INFO - Ejecutando get_array
2026-01-28 12:49:17 - app - INFO - Ejecutando get_array
2026-01-28 12:49:17 - app - INFO - Ejecutando get_array
2026-01-28 12:49:17 - app - INFO - Ejecutando get_array
2026-01-28 12:49:17 - app - INFO - Ejecutando get_array
2026-01-28 12:49:17 - app - INFO - Ejecutando get_array
2026-01-28 12:49:17 - app - INFO - Ejecutando get_array
2026-01-28 12:49:17 - app - INFO - Ejecutando get_array
2026-01-28 12:49:17 - app - INFO - Ejecutando get_array
2026-01-28 12:49:17 - app - INFO - Ejecutando get_array
2026-01-28 12:49:17 - app - INFO - Ejecutando get_array
2026-01-28 12:49:17 - app - INFO - Ejecutando get_array
2026-01-28 12:49:17 - app - INFO - Ejecutando get_array
2026-01-28 12:49:17 - app - INFO - Ejecutando get_array
2026-01-28 12:49:17 - app - INFO - Ejecutando get_array
2026-01-28 12:49:17 - app - INFO - Ejecutando get_array
2026-01-28 12:49:17 - app - INFO - Ejecutando get_array
2026-01-28 12:49:17 - app - INFO - Ejecutando get_array
2026-01-28 12:49:17 - app - INFO - Ejecutando get_array
2026-01-28 12:49:17 - app - INFO - Ejecutando get_array
2026-01-28 12:49:17 - app - INFO - Ejecutando get_array
2026-01-28 12:49:17 - app - INFO - Ejecutando get_array
2026-01-28 12:49:17 - app - INFO - Ejecutando get_array
2026-01-28 12:49:17 - app - INFO - Ejecutando get_array
2026-01-28 12:49:17 - app - INFO - Ejecutando get_array
2026-01-28 12:49:17 - app - INFO - Ejecutando get_array
2026-01-28 12:49:17 - app - INFO - Ejecutando get_array
2026-01-28 12:49:17 - app - INFO - Ejecutando get_array
2026-01-28 12:49:17 - app - INFO - Ejecutando get_array
2026-01-28 12:49:17 - app - INFO - Ejecutando get_array
2026-01-28 12:49:17 - app - INFO - Ejecutando get_array
2026-01-28 12:49:17 - app - INFO - Ejecutando get_array
2026-01-28 12:49:17 - app - INFO - Ejecutando get_array
2026-01-28 12:49:17 - app - INFO - Ejecutando get_array
2026-01-28 12:49:17 - app - INFO - Ejecutando get_array
2026-01-28 12:49:17 - app - INFO - Ejecutando get_array
2026-01-28 12:49:17 - app - INFO - Ejecutando get_array
2026-01-28 12:49:17 - app - INFO - Ejecutando get_array
2026-01-28 12:49:17 - app - INFO - Ejecutando get_array
2026-01-28 12:49:17 - app - INFO - Ejecutando get_array
2026-01-28 12:49:17 - app - INFO - Ejecutando get_array
2026-01-28 12:49:17 - app - INFO - Ejecutando get_array
2026-01-28 12:49:17 - app - INFO - Ejecutando get_array
2026-01-28 12:49:17 - app - INFO - Ejecutando get_array
2026-01-28 12:49:17 - app - INFO - Ejecutando get_array
2026-01-28 12:49:17 - app - INFO - Ejecutando get_array
2026-01-28 12:49:17 - app - INFO - Ejecutando get_array
2026-01-28 12:49:17 - app - INFO - Ejecutando get_array
2026-01-28 12:49:17 - app - INFO - Ejecutando get_array
2026-01-28 12:49:17 - app - INFO - Ejecutando get_array
2026-01-28 12:49:17 - app - INFO - Ejecutando get_array
2026-01-28 12:49:17 - app - INFO - Ejecutando get_array
2026-01-28 12:49:17 - app - INFO - Ejecutando get_array
2026-01-28 12:49:17 - app - INFO - Ejecutando get_array
2026-01-28 12:49:17 - app - INFO - Ejecutando get_array
2026-01-28 12:49:17 - app - INFO - Ejecutando get_array
2026-01-28 12:49:17 - app - INFO - Ejecutando get_array
2026-01-28 12:49:17 - app - INFO - Ejecutando get_array
2026-01-28 12:49:17 - app - INFO - Ejecutando get_array
2026-01-28 12:49:17 - app - INFO - Ejecutando get_array
2026-01-28 12:49:17 - app - INFO - Ejecutando get_array
2026-01-28 12:49:17 - app - INFO - Ejecutando get_array
2026-01-28 12:49:17 - app - INFO - Ejecutando get_array
2026-01-28 12:49:17 - app - INFO - Ejecutando get_array
2026-01-28 12:49:17 - app - INFO - Ejecutando get_array
2026-01-28 12:49:17 - app - INFO - Ejecutando get_array
2026-01-28 12:49:17 - app - INFO - Ejecutando get_array
2026-01-28 12:49:17 - app - INFO - Ejecutando get_array
2026-01-28 12:49:17 - app - INFO - Ejecutando get_array
2026-01-28 12:49:17 - app - INFO - Ejecutando get_array
2026-01-28 12:49:17 - app - INFO - Ejecutando get_array
2026-01-28 12:49:17 - app - INFO - Ejecutando get_array
2026-01-28 12:49:17 - app - INFO - Ejecutando get_array
2026-01-28 12:49:17 - app - INFO - Ejecutando get_array
2026-01-28 12:49:17 - app - INFO - Ejecutando get_array
2026-01-28 12:49:17 - app - INFO - Ejecutando get_array
2026-01-28 12:49:17 - app - INFO - Ejecutando get_array
2026-01-28 12:49:17 - app - INFO - Ejecutando get_array
2026-01-28 12:49:17 - app - INFO - Ejecutando get_array
2026-01-28 12:49:17 - app - INFO - Ejecutando get_array
2026-01-28 12:49:17 - app - INFO - Ejecutando get_array
2026-01-28 12:49:17 - app - INFO - Ejecutando get_array
2026-01-28 12:49:17 - app - INFO - Ejecutando get_array
2026-01-28 12:49:17 - app - INFO - Ejecutando get_array
2026-01-28 12:49:17 - app - INFO - Ejecutando get_array
2026-01-28 12:49:17 - app - INFO - Ejecutando get_array
2026-01-28 12:49:17 - app - INFO - Ejecutando get_array
2026-01-28 12:49:17 - app - INFO - Ejecutando get_array
2026-01-28 12:49:17 - app - INFO - Ejecutando get_array
2026-01-28 12:49:17 - app - INFO - Ejecutando get_array
2026-01-28 12:49:17 - app - INFO - Ejecutando get_array
2026-01-28 12:49:17 - app - INFO - Ejecutando get_array
2026-01-28 12:49:17 - app - INFO - Ejecutando get_array
2026-01-28 12:49:17 - app - INFO - Ejecutando get_array
2026-01-28 12:49:17 - app - INFO - Ejecutando get_array
2026-01-28 12:49:17 - app - INFO - Ejecutando get_array
2026-01-28 12:49:17 - app - INFO - Ejecutando get_array
2026-01-28 12:49:17 - app - INFO - Ejecutando get_array
2026-01-28 12:49:17 - app - INFO - Ejecutando get_array
2026-01-28 12:49:17 - app - INFO - Ejecutando get_array
2026-01-28 12:49:17 - app - INFO - Ejecutando get_array
2026-01-28 12:49:17 - app - INFO - Ejecutando get_array
2026-01-28 12:49:17 - app - INFO - Ejecutando get_array
2026-01-28 12:49:17 - app - INFO - Ejecutando get_array
2026-01-28 12:49:17 - app - INFO - Ejecutando get_array
2026-01-28 12:49:17 - app - INFO - Ejecutando get_array
2026-01-28 12:49:17 - app - INFO - Ejecutando get_array
2026-01-28 12:49:17 - app - INFO - Ejecutando get_array
2026-01-28 12:49:17 - app - INFO - Ejecutando get_array
2026-01-28 12:49:17 - app - INFO - Ejecutando get_array
2026-01-28 12:49:17 - app - INFO - Ejecutando get_array
2026-01-28 12:49:17 - app - INFO - Ejecutando get_array
2026-01-28 12:49:17 - app - INFO - Ejecutando get_array
2026-01-28 12:49:17 - app - INFO - Ejecutando get_array
2026-01-28 12:49:17 - app - INFO - Ejecutando get_array
2026-01-28 12:49:17 - app - INFO - Ejecutando get_array
2026-01-28 12:49:17 - app - INFO - Ejecutando get_array
2026-01-28 12:49:17 - app - INFO - Ejecutando get_array
2026-01-28 12:49:17 - app - INFO - Ejecutando get_array
2026-01-28 12:49:17 - app - INFO - Ejecutando get_array
2026-01-28 12:49:17 - app - INFO - Ejecutando get_array
2026-01-28 12:49:17 - app - INFO - Ejecutando get_array
2026-01-28 12:49:17 - app - INFO - Ejecutando get_array
2026-01-28 12:49:17 - app - INFO - Ejecutando get_array
2026-01-28 12:49:17 - app - INFO - Ejecutando get_array
2026-01-28 12:49:17 - app - INFO - Ejecutando get_array
2026-01-28 12:49:17 - app - INFO - Ejecutando get_array
2026-01-28 12:49:17 - app - INFO - Ejecutando get_array
2026-01-28 12:49:17 - app - INFO - Ejecutando get_array
2026-01-28 12:49:17 - app - INFO - Ejecutando get_array
2026-01-28 12:49:17 - app - INFO - Ejecutando get_array
2026-01-28 12:49:17 - app - INFO - Ejecutando get_array
2026-01-28 12:49:17 - app - INFO - Ejecutando get_array
2026-01-28 12:49:17 - app - INFO - Ejecutando get_array
2026-01-28 12:49:17 - app - INFO - Ejecutando get_array
2026-01-28 12:49:17 - app - INFO - Ejecutando get_array
2026-01-28 12:49:17 - app - INFO - Ejecutando get_array
2026-01-28 12:49:17 - app - INFO - Ejecutando get_array
2026-01-28 12:49:17 - app - INFO - Ejecutando get_array
2026-01-28 12:49:17 - app - INFO - Ejecutando get_array
2026-01-28 12:49:17 - app - INFO - Ejecutando get_array
2026-01-28 12:49:17 - app - INFO - Ejecutando get_array
2026-01-28 12:49:17 - app - INFO - Ejecutando get_array
2026-01-28 12:49:17 - app - INFO - Ejecutando get_array
2026-01-28 12:49:17 - app - INFO - Ejecutando get_array
2026-01-28 12:49:17 - app - INFO - Ejecutando get_array
2026-01-28 12:49:17 - app - INFO - Ejecutando get_array
2026-01-28 12:49:17 - app - INFO - Ejecutando get_array
2026-01-28 12:49:17 - app - INFO - Ejecutando get_array
2026-01-28 12:49:17 - app - INFO - Ejecutando get_array
2026-01-28 12:49:17 - app - INFO - Ejecutando get_array
2026-01-28 12:49:17 - app - INFO - Ejecutando get_array
2026-01-28 12:49:17 - app - INFO - Ejecutando get_array
2026-01-28 12:49:17 - app - INFO - Ejecutando get_array
2026-01-28 12:49:17 - app - INFO - Ejecutando get_array
2026-01-28 12:49:17 - app - INFO - Ejecutando get_array
2026-01-28 12:49:17 - app - INFO - Ejecutando get_array
2026-01-28 12:49:17 - app - INFO - Ejecutando get_array
2026-01-28 12:49:17 - app - INFO - Ejecutando get_array
2026-01-28 12:49:17 - app - INFO - Ejecutando get_array
2026-01-28 12:49:17 - app - INFO - Ejecutando get_array
2026-01-28 12:49:17 - app - INFO - Ejecutando get_array
2026-01-28 12:49:17 - app - INFO - Ejecutando get_array
2026-01-28 12:49:17 - app - INFO - Ejecutando get_array
2026-01-28 12:49:17 - app - INFO - Ejecutando get_array
2026-01-28 12:49:17 - app - INFO - Ejecutando get_array
2026-01-28 12:49:17 - app - INFO - Ejecutando get_array
2026-01-28 12:49:17 - app - INFO - Ejecutando get_array
2026-01-28 12:49:17 - app - INFO - Ejecutando get_array
2026-01-28 12:49:17 - app - INFO - Ejecutando get_array
2026-01-28 12:49:17 - app - INFO - Ejecutando get_array
2026-01-28 12:49:17 - app - INFO - Ejecutando get_array
2026-01-28 12:49:17 - app - INFO - Ejecutando get_array
2026-01-28 12:49:17 - app - INFO - Ejecutando get_array
2026-01-28 12:49:17 - app - INFO - Ejecutando get_array
2026-01-28 12:49:17 - app - INFO - Ejecutando get_array
2026-01-28 12:49:17 - app - INFO - Ejecutando get_array
2026-01-28 12:49:17 - app - INFO - Ejecutando get_array
2026-01-28 12:49:17 - app - INFO - Ejecutando get_array
2026-01-28 12:49:17 - app - INFO - Ejecutando get_array
2026-01-28 12:49:17 - app - INFO - Ejecutando get_array
2026-01-28 12:49:17 - app - INFO - Ejecutando get_array
2026-01-28 12:49:17 - app - INFO - Ejecutando get_array
2026-01-28 12:49:17 - app - INFO - Ejecutando get_array
2026-01-28 12:49:17 - app - INFO - Ejecutando get_array
2026-01-28 12:49:17 - app - INFO - Ejecutando get_array
2026-01-28 12:49:17 - app - INFO - Ejecutando get_array
2026-01-28 12:49:17 - app - INFO - Ejecutando get_array
2026-01-28 12:49:17 - app - INFO - Ejecutando get_array
2026-01-28 12:49:17 - app - INFO - Ejecutando get_array
2026-01-28 12:49:17 - app - INFO - Ejecutando get_array
2026-01-28 12:49:17 - app - INFO - Ejecutando get_array
2026-01-28 12:49:17 - app - INFO - Ejecutando get_array
2026-01-28 12:49:17 - app - INFO - Ejecutando get_array
2026-01-28 12:49:17 - app - INFO - Ejecutando get_array
2026-01-28 12:49:17 - app - INFO - Ejecutando get_array
2026-01-28 12:49:17 - app - INFO - Ejecutando get_array
2026-01-28 12:49:17 - app - INFO - Ejecutando get_array
2026-01-28 12:49:17 - app - INFO - Ejecutando get_array
2026-01-28 12:49:17 - app - INFO - Ejecutando get_array
2026-01-28 12:49:17 - app - INFO - Ejecutando get_array
2026-01-28 12:49:17 - app - INFO - Ejecutando get_array
2026-01-28 12:49:17 - app - INFO - Ejecutando get_array
2026-01-28 12:49:17 - app - INFO - Ejecutando get_array
2026-01-28 12:49:17 - app - INFO - Ejecutando get_array
2026-01-28 12:49:17 - app - INFO - Ejecutando get_array
2026-01-28 12:49:17 - app - INFO - Ejecutando get_array
2026-01-28 12:49:17 - app - INFO - Ejecutando get_array
2026-01-28 12:49:17 - app - INFO - Ejecutando get_array
2026-01-28 12:49:17 - app - INFO - Ejecutando get_array
2026-01-28 12:49:17 - app - INFO - Ejecutando get_array
2026-01-28 12:49:17 - app - INFO - Ejecutando get_array
2026-01-28 12:49:17 - app - INFO - Ejecutando get_array
2026-01-28 12:49:17 - app - INFO - Ejecutando get_array
2026-01-28 12:49:17 - app - INFO - Ejecutando get_array
2026-01-28 12:49:17 - app - INFO - Ejecutando get_array
2026-01-28 12:49:17 - app - INFO - Ejecutando get_array
2026-01-28 12:49:17 - app - INFO - Ejecutando get_array
2026-01-28 12:49:17 - app - INFO - Ejecutando get_array
2026-01-28 12:49:17 - app - INFO - Ejecutando get_array
2026-01-28 12:49:17 - app - INFO - Ejecutando get_array
2026-01-28 12:49:17 - app - INFO - Ejecutando get_array
2026-01-28 12:49:17 - app - INFO - Ejecutando get_array
2026-01-28 12:49:17 - app - INFO - Ejecutando get_array
2026-01-28 12:49:17 - app - INFO - Ejecutando get_array
2026-01-28 12:49:17 - app - INFO - Ejecutando get_array
2026-01-28 12:49:17 - app - INFO - Ejecutando get_array
2026-01-28 12:49:17 - app - INFO - Ejecutando get_array
2026-01-28 12:49:17 - app - INFO - Ejecutando get_array
2026-01-28 12:49:17 - app - INFO - Ejecutando get_array
2026-01-28 12:49:17 - app - INFO - Ejecutando get_array
2026-01-28 12:49:17 - app - INFO - Ejecutando get_array
2026-01-28 12:49:17 - app - INFO - Ejecutando get_array
2026-01-28 12:49:17 - app - INFO - Ejecutando get_array
2026-01-28 12:49:17 - app - INFO - Ejecutando get_array
2026-01-28 12:49:17 - app - INFO - Ejecutando get_array
2026-01-28 12:49:17 - app - INFO - Ejecutando get_array
2026-01-28 12:49:17 - app - INFO - Ejecutando get_array
2026-01-28 12:49:17 - app - INFO - Ejecutando get_array
2026-01-28 12:49:17 - app - INFO - Ejecutando get_array
2026-01-28 12:49:17 - app - INFO - Ejecutando get_array
2026-01-28 12:49:17 - app - INFO - Ejecutando get_array
2026-01-28 12:49:17 - app - INFO - Ejecutando get_array
2026-01-28 12:49:17 - app - INFO - Ejecutando get_array
2026-01-28 12:49:17 - app - INFO - Ejecutando get_array
2026-01-28 12:49:17 - app - INFO - Ejecutando get_array
2026-01-28 12:49:17 - app - INFO - Ejecutando get_array
2026-01-28 12:49:17 - app - INFO - Ejecutando get_array
2026-01-28 12:49:17 - app - INFO - Ejecutando get_array
2026-01-28 12:49:17 - app - INFO - Ejecutando get_array
2026-01-28 12:49:17 - app - INFO - Ejecutando get_array
2026-01-28 12:49:17 - app - INFO - Ejecutando get_array
2026-01-28 12:49:17 - app - INFO - Ejecutando get_array
2026-01-28 12:49:17 - app - INFO - Ejecutando get_array
2026-01-28 12:49:17 - app - INFO - Ejecutando get_array
2026-01-28 12:49:17 - app - INFO - Ejecutando get_array
2026-01-28 12:49:17 - app - INFO - Ejecutando get_array
2026-01-28 12:49:17 - app - INFO - Ejecutando get_array
2026-01-28 12:49:17 - app - INFO - Ejecutando get_array
2026-01-28 12:49:17 - app - INFO - Ejecutando get_array
2026-01-28 12:49:17 - app - INFO - Ejecutando get_array
2026-01-28 12:49:17 - app - INFO - Ejecutando get_array
2026-01-28 12:49:17 - app - INFO - Ejecutando get_array
2026-01-28 12:49:17 - app - INFO - Ejecutando get_array
2026-01-28 12:49:17 - app - INFO - Ejecutando get_array
2026-01-28 12:49:17 - app - INFO - Ejecutando get_array
2026-01-28 12:49:17 - app - INFO - Ejecutando get_array
2026-01-28 12:49:17 - app - INFO - Ejecutando get_array
2026-01-28 12:49:17 - app - INFO - Ejecutando get_array
2026-01-28 12:49:17 - app - INFO - Ejecutando get_array
2026-01-28 12:49:17 - app - INFO - Ejecutando get_array
2026-01-28 12:49:17 - app - INFO - Ejecutando get_array
2026-01-28 12:49:17 - app - INFO - Ejecutando get_array
2026-01-28 12:49:17 - app - INFO - Ejecutando get_array
2026-01-28 12:49:17 - app - INFO - Ejecutando get_array
2026-01-28 12:49:17 - app - INFO - Ejecutando get_array
2026-01-28 12:49:17 - app - INFO - Ejecutando get_array
2026-01-28 12:49:17 - app - INFO - Ejecutando get_array
2026-01-28 12:49:17 - app - INFO - Ejecutando get_array
2026-01-28 12:49:17 - app - INFO - Ejecutando get_array
2026-01-28 12:49:17 - app - INFO - Ejecutando get_array
2026-01-28 12:49:17 - app - INFO - Ejecutando get_array
2026-01-28 12:49:17 - app - INFO - Ejecutando get_array
2026-01-28 12:49:17 - app - INFO - Ejecutando get_array
2026-01-28 12:49:17 - app - INFO - Ejecutando get_array
2026-01-28 12:49:17 - app - INFO - Ejecutando get_array
2026-01-28 12:49:17 - app - INFO - Ejecutando get_array
2026-01-28 12:49:17 - app - INFO - Ejecutando get_array
2026-01-28 12:49:17 - app - INFO - Ejecutando get_array
2026-01-28 12:49:17 - app - INFO - Ejecutando get_array
2026-01-28 12:49:17 - app - INFO - Ejecutando get_array
2026-01-28 12:49:17 - app - INFO - Ejecutando get_array
2026-01-28 12:49:17 - app - INFO - Ejecutando get_array
2026-01-28 12:49:17 - app - INFO - Ejecutando get_array
2026-01-28 12:49:17 - app - INFO - Ejecutando get_array
2026-01-28 12:49:17 - app - INFO - Ejecutando get_array
2026-01-28 12:49:17 - app - INFO - Ejecutando get_array
2026-01-28 12:49:17 - app - INFO - Ejecutando get_array
2026-01-28 12:49:17 - app - INFO - Ejecutando get_array
2026-01-28 12:49:17 - app - INFO - Ejecutando get_array
2026-01-28 12:49:17 - app - INFO - Ejecutando get_array
2026-01-28 12:49:17 - app - INFO - Ejecutando get_array
2026-01-28 12:49:17 - app - INFO - Ejecutando get_array
2026-01-28 12:49:17 - app - INFO - Ejecutando get_array
2026-01-28 12:49:17 - app - INFO - Ejecutando get_array
2026-01-28 12:49:17 - app - INFO - Ejecutando get_array
2026-01-28 12:49:17 - app - INFO - Ejecutando get_array
2026-01-28 12:49:17 - app - INFO - Ejecutando get_array
2026-01-28 12:49:17 - app - INFO - Ejecutando get_array
2026-01-28 12:49:17 - app - INFO - Ejecutando get_array
2026-01-28 12:49:17 - app - INFO - Ejecutando get_array
2026-01-28 12:49:17 - app - INFO - Ejecutando get_array
2026-01-28 12:49:17 - app - INFO - Ejecutando get_array
2026-01-28 12:49:17 - app - INFO - Ejecutando get_array
2026-01-28 12:49:17 - app - INFO - Ejecutando get_array
2026-01-28 12:49:17 - app - INFO - Ejecutando get_array
2026-01-28 12:49:17 - app - INFO - Ejecutando get_array
2026-01-28 12:49:17 - app - INFO - Ejecutando get_array
2026-01-28 12:49:17 - app - INFO - Ejecutando get_array
2026-01-28 12:49:17 - app - INFO - Ejecutando get_array
2026-01-28 12:49:17 - app - INFO - Ejecutando get_array
2026-01-28 12:49:17 - app - INFO - Ejecutando get_array
2026-01-28 12:49:17 - app - INFO - Ejecutando get_array
2026-01-28 12:49:17 - app - INFO - Ejecutando get_array
2026-01-28 12:49:17 - app - INFO - Ejecutando get_array
2026-01-28 12:49:17 - app - INFO - Ejecutando get_array
2026-01-28 12:49:17 - app - INFO - Ejecutando get_array
2026-01-28 12:49:17 - app - INFO - Ejecutando get_array
2026-01-28 12:49:17 - app - INFO - Ejecutando get_array
2026-01-28 12:49:17 - app - INFO - Ejecutando get_array
2026-01-28 12:49:17 - app - INFO - Ejecutando get_array
2026-01-28 12:49:17 - app - INFO - Ejecutando get_array
2026-01-28 12:49:17 - app - INFO - Ejecutando get_array
2026-01-28 12:49:17 - app - INFO - Ejecutando get_array
2026-01-28 12:49:17 - app - INFO - Ejecutando get_array
2026-01-28 12:49:17 - app - INFO - Ejecutando get_array
2026-01-28 12:49:17 - app - INFO - Ejecutando get_array
2026-01-28 12:49:17 - app - INFO - Ejecutando get_array
2026-01-28 12:49:17 - app - INFO - Ejecutando get_array
2026-01-28 12:49:17 - app - INFO - Ejecutando get_array
2026-01-28 12:49:17 - app - INFO - Ejecutando get_array
2026-01-28 12:49:17 - app - INFO - Ejecutando get_array
2026-01-28 12:49:17 - app - INFO - Ejecutando get_array
2026-01-28 12:49:17 - app - INFO - Ejecutando get_array
2026-01-28 12:49:17 - app - INFO - Ejecutando get_array
2026-01-28 12:49:17 - app - INFO - Ejecutando get_array
2026-01-28 12:49:17 - app - INFO - Ejecutando get_array
2026-01-28 12:49:17 - app - INFO - Ejecutando get_array
2026-01-28 12:49:17 - app - INFO - Ejecutando get_array
2026-01-28 12:49:17 - app - INFO - Ejecutando get_array
2026-01-28 12:49:17 - app - INFO - Ejecutando get_array
2026-01-28 12:49:17 - app - INFO - Ejecutando get_array
2026-01-28 12:49:17 - app - INFO - Ejecutando get_array
2026-01-28 12:49:17 - app - INFO - Ejecutando get_array
2026-01-28 12:49:17 - app - INFO - Ejecutando get_array
2026-01-28 12:49:17 - app - INFO - Ejecutando get_array
2026-01-28 12:49:17 - app - INFO - Ejecutando get_array
2026-01-28 12:49:17 - app - INFO - Ejecutando get_array
2026-01-28 12:49:17 - app - INFO - Ejecutando get_array
2026-01-28 12:49:17 - app - INFO - Ejecutando get_array
2026-01-28 12:49:17 - app - INFO - Ejecutando get_array
2026-01-28 12:49:17 - app - INFO - Ejecutando get_array
2026-01-28 12:49:17 - app - INFO - Ejecutando get_array
2026-01-28 12:49:17 - app - INFO - Ejecutando get_array
2026-01-28 12:49:17 - app - INFO - Ejecutando get_array
2026-01-28 12:49:17 - app - INFO - Ejecutando get_array
2026-01-28 12:49:17 - app - INFO - Ejecutando get_array
2026-01-28 12:49:17 - app - INFO - Ejecutando get_array
2026-01-28 12:49:17 - app - INFO - Ejecutando get_array
2026-01-28 12:49:17 - app - INFO - Ejecutando get_array
2026-01-28 12:49:17 - app - INFO - Ejecutando get_array
2026-01-28 12:49:17 - app - INFO - Ejecutando get_array
2026-01-28 12:49:17 - app - INFO - Ejecutando get_array
2026-01-28 12:49:17 - app - INFO - Ejecutando get_array
2026-01-28 12:49:17 - app - INFO - Ejecutando get_array
2026-01-28 12:49:17 - app - INFO - Ejecutando get_array
2026-01-28 12:49:17 - app - INFO - Ejecutando get_array
2026-01-28 12:49:17 - app - INFO - Ejecutando get_array
2026-01-28 12:49:17 - app - INFO - Ejecutando get_array
2026-01-28 12:49:17 - app - INFO - Ejecutando get_array
2026-01-28 12:49:17 - app - INFO - Ejecutando get_array
2026-01-28 12:49:17 - app - INFO - Ejecutando get_array
2026-01-28 12:49:17 - app - INFO - Ejecutando get_array
2026-01-28 12:49:17 - app - INFO - Ejecutando get_array
2026-01-28 12:49:17 - app - INFO - Ejecutando get_array
2026-01-28 12:49:17 - app - INFO - Ejecutando get_array
2026-01-28 12:49:17 - app - INFO - Ejecutando get_array
2026-01-28 12:49:17 - app - INFO - Ejecutando get_array
2026-01-28 12:49:17 - app - INFO - Ejecutando get_array
2026-01-28 12:49:17 - app - INFO - Ejecutando get_array
2026-01-28 12:49:17 - app - INFO - Ejecutando get_array
2026-01-28 12:49:17 - app - INFO - Ejecutando get_array
2026-01-28 12:49:17 - app - INFO - Ejecutando get_array
2026-01-28 12:49:17 - app - INFO - Ejecutando get_array
2026-01-28 12:49:17 - app - INFO - Ejecutando get_array
2026-01-28 12:49:17 - app - INFO - Ejecutando get_array
2026-01-28 12:49:17 - app - INFO - Ejecutando get_array
2026-01-28 12:49:17 - app - INFO - Ejecutando get_array
2026-01-28 12:49:17 - app - INFO - Ejecutando get_array
2026-01-28 12:49:17 - app - INFO - Ejecutando get_array
2026-01-28 12:49:17 - app - INFO - Ejecutando get_array
2026-01-28 12:49:17 - app - INFO - Ejecutando get_array
2026-01-28 12:49:17 - app - INFO - Ejecutando get_array
2026-01-28 12:49:17 - app - INFO - Ejecutando get_array
2026-01-28 12:49:17 - app - INFO - Ejecutando get_array
2026-01-28 12:49:17 - app - INFO - Ejecutando get_array
2026-01-28 12:49:17 - app - INFO - Ejecutando get_array
2026-01-28 12:49:17 - app - INFO - Ejecutando get_array
2026-01-28 12:49:17 - app - INFO - Ejecutando get_array
2026-01-28 12:49:17 - app - INFO - Ejecutando get_array
2026-01-28 12:49:17 - app - INFO - Ejecutando get_array
2026-01-28 12:49:17 - app - INFO - Ejecutando get_array
2026-01-28 12:49:17 - app - INFO - Ejecutando get_array
2026-01-28 12:49:17 - app - INFO - Ejecutando get_array
2026-01-28 12:49:17 - app - INFO - Ejecutando get_array
2026-01-28 12:49:17 - app - INFO - Ejecutando get_array
2026-01-28 12:49:17 - app - INFO - Ejecutando get_array
2026-01-28 12:49:17 - app - INFO - Ejecutando get_array
2026-01-28 12:49:17 - app - INFO - Ejecutando get_array
2026-01-28 12:49:17 - app - INFO - Ejecutando get_array
2026-01-28 12:49:17 - app - INFO - Ejecutando get_array
2026-01-28 12:49:17 - app - INFO - Ejecutando get_array
2026-01-28 12:49:17 - app - INFO - Ejecutando get_array
2026-01-28 12:49:17 - app - INFO - Ejecutando get_array
2026-01-28 12:49:17 - app - INFO - Ejecutando get_array
2026-01-28 12:49:17 - app - INFO - Ejecutando get_array
2026-01-28 12:49:17 - app - INFO - Ejecutando get_array
2026-01-28 12:49:17 - app - INFO - Ejecutando get_array
2026-01-28 12:49:17 - app - INFO - Ejecutando get_array
2026-01-28 12:49:17 - app - INFO - Ejecutando get_array
2026-01-28 12:49:17 - app - INFO - Ejecutando get_array
2026-01-28 12:49:17 - app - INFO - Ejecutando get_array
2026-01-28 12:49:17 - app - INFO - Ejecutando get_array
2026-01-28 12:49:17 - app - INFO - Ejecutando get_array
2026-01-28 12:49:17 - app - INFO - Ejecutando get_array
2026-01-28 12:49:17 - app - INFO - Ejecutando get_array
2026-01-28 12:49:17 - app - INFO - Ejecutando get_array
2026-01-28 12:49:17 - app - INFO - Ejecutando get_array
2026-01-28 12:49:17 - app - INFO - Ejecutando get_array
2026-01-28 12:49:17 - app - INFO - Ejecutando get_array
2026-01-28 12:49:17 - app - INFO - Ejecutando get_array
2026-01-28 12:49:17 - app - INFO - Ejecutando get_array
2026-01-28 12:49:17 - app - INFO - Ejecutando get_array
2026-01-28 12:49:17 - app - INFO - Ejecutando get_array
2026-01-28 12:49:17 - app - INFO - Ejecutando get_array
2026-01-28 12:49:17 - app - INFO - Ejecutando get_array
2026-01-28 12:49:17 - app - INFO - Ejecutando get_array
2026-01-28 12:49:17 - app - INFO - Ejecutando get_array
2026-01-28 12:49:17 - app - INFO - Ejecutando get_array
2026-01-28 12:49:17 - app - INFO - Ejecutando get_array
2026-01-28 12:49:17 - app - INFO - Ejecutando get_array
2026-01-28 12:49:17 - app - INFO - Ejecutando get_array
2026-01-28 12:49:17 - app - INFO - Ejecutando get_array
2026-01-28 12:49:17 - app - INFO - Ejecutando get_array
2026-01-28 12:49:17 - app - INFO - Ejecutando get_array
2026-01-28 12:49:17 - app - INFO - Ejecutando get_array
2026-01-28 12:49:17 - app - INFO - Ejecutando get_array
2026-01-28 12:49:17 - app - INFO - Ejecutando get_array
2026-01-28 12:49:17 - app - INFO - Ejecutando get_array
2026-01-28 12:49:17 - app - INFO - Ejecutando get_array
2026-01-28 12:49:17 - app - INFO - Ejecutando get_array
2026-01-28 12:49:17 - app - INFO - Ejecutando get_array
2026-01-28 12:49:17 - app - INFO - Ejecutando get_array
2026-01-28 12:49:17 - app - INFO - Ejecutando get_array
2026-01-28 12:49:17 - app - INFO - Ejecutando get_array
2026-01-28 12:49:17 - app - INFO - Ejecutando get_array
2026-01-28 12:49:17 - app - INFO - Ejecutando get_array
2026-01-28 12:49:17 - app - INFO - Ejecutando get_array
2026-01-28 12:49:17 - app - INFO - Ejecutando get_array
2026-01-28 12:49:17 - app - INFO - Ejecutando get_array
2026-01-28 12:49:17 - app - INFO - Ejecutando get_array
2026-01-28 12:49:17 - app - INFO - Ejecutando get_array
2026-01-28 12:49:17 - app - INFO - Ejecutando get_array
2026-01-28 12:49:17 - app - INFO - Ejecutando get_array
2026-01-28 12:49:17 - app - INFO - Ejecutando get_array
2026-01-28 12:49:17 - app - INFO - Ejecutando get_array
2026-01-28 12:49:17 - app - INFO - Ejecutando get_array
2026-01-28 12:49:17 - app - INFO - Ejecutando get_array
2026-01-28 12:49:17 - app - INFO - Ejecutando get_array
2026-01-28 12:49:17 - app - INFO - Ejecutando get_array
2026-01-28 12:49:17 - app - INFO - Ejecutando get_array
2026-01-28 12:49:17 - app - INFO - Ejecutando get_array
2026-01-28 12:49:17 - app - INFO - Ejecutando get_array
2026-01-28 12:49:17 - app - INFO - Ejecutando get_array
2026-01-28 12:49:17 - app - INFO - Ejecutando get_array
2026-01-28 12:49:17 - app - INFO - Ejecutando get_array
2026-01-28 12:49:17 - app - INFO - Ejecutando get_array
2026-01-28 12:49:17 - app - INFO - Ejecutando get_array
2026-01-28 12:49:17 - app - INFO - Ejecutando get_array
2026-01-28 12:49:17 - app - INFO - Ejecutando get_array
2026-01-28 12:49:17 - app - INFO - Ejecutando get_array
2026-01-28 12:49:17 - app - INFO - Ejecutando get_array
2026-01-28 12:49:17 - app - INFO - Ejecutando get_array
2026-01-28 12:49:17 - app - INFO - Ejecutando get_array
2026-01-28 12:49:17 - app - INFO - Ejecutando get_array
2026-01-28 12:49:17 - app - INFO - Ejecutando get_array
2026-01-28 12:49:17 - app - INFO - Ejecutando get_array
2026-01-28 12:49:17 - app - INFO - Ejecutando get_array
2026-01-28 12:49:17 - app - INFO - Ejecutando get_array
2026-01-28 12:49:17 - app - INFO - Ejecutando get_array
2026-01-28 12:49:17 - app - INFO - Ejecutando get_array
2026-01-28 12:49:17 - app - INFO - Ejecutando get_array
2026-01-28 12:49:17 - app - INFO - Ejecutando get_array
2026-01-28 12:49:17 - app - INFO - Ejecutando get_array
2026-01-28 12:49:17 - app - INFO - Ejecutando get_array
2026-01-28 12:49:17 - app - INFO - Ejecutando get_array
2026-01-28 12:49:17 - app - INFO - Ejecutando get_array
2026-01-28 12:49:17 - app - INFO - Ejecutando get_array
2026-01-28 12:49:17 - app - INFO - Ejecutando get_array
2026-01-28 12:49:17 - app - INFO - Cargando datos en BigQuery | tabla=teams_validation_data | registros=772 | dropTable=True
2026-01-28 12:49:17 - app - INFO - Cargando datos a staging | tabla=stg_teams_validation_data | filas=772 | dropTable=True
2026-01-28 12:49:19 - app - WARNING - Tabla staging eliminada antes de la carga | tabla=stg_teams_validation_data
2026-01-28 12:49:22 - app - INFO - Carga a staging completada exitosamente | tabla=sbox_jcarrion.stg_teams_validation_data
2026-01-28 12:49:22 - app - INFO - Iniciando MERGE | staging=stg_teams_validation_data | tabla_final=teams_validation_data
2026-01-28 12:49:26 - app - INFO - MERGE completado exitosamente | tabla_final=teams_validation_data
2026-01-28 12:49:26 - app - INFO - Carga BigQuery finalizada correctamente | tabla=teams_validation_data
2026-01-28 12:49:26 - app - INFO - Inicio envío por lotes | archivo=destinatarios | chunk_size=5
2026-01-28 12:49:26 - app - INFO - Procesando lista de destinatarios
2026-01-28 12:49:26 - app - INFO - Destinatarios cargados correctamente: 772
2026-01-28 12:49:26 - app - INFO - Total destinatarios a procesar: 772
2026-01-28 12:49:26 - app - INFO - Ejecutando chunk_dataframe
2026-01-28 12:49:26 - app - INFO - Procesando lote 1 | registros=5
2026-01-28 12:49:26 - app - INFO - Iniciando envío de 5 formularios
2026-01-28 12:49:26 - app - INFO - Ejecutando get_array
2026-01-28 12:49:29 - app - INFO - Request enviado | request_id=3d0099b149e1ce9756b68788d5ab9c3263ab30e8cee39200d1f7af89c4b9d1d0 | destinatario=ext_jcarrion@Falabella.cl | status=202
2026-01-28 12:49:29 - app - INFO - 1/5 - ext_jcarrion@Falabella.cl - status:202
2026-01-28 12:49:29 - app - INFO - Ejecutando get_array
2026-01-28 12:49:31 - app - INFO - Request enviado | request_id=2e914cda3f49b58c56f675697593ba6f385fdefdc3436f5d215725b4fa3eecf9 | destinatario=ext_jcarrion@Falabella.cl | status=202
2026-01-28 12:49:31 - app - INFO - 2/5 - ext_jcarrion@Falabella.cl - status:202
2026-01-28 12:49:31 - app - INFO - Ejecutando get_array
2026-01-28 12:49:34 - app - INFO - Request enviado | request_id=355453d1efe365c47e51859e529a55f8790e3059765f03e71f3c67c9a1583165 | destinatario=ext_jcarrion@Falabella.cl | status=202
2026-01-28 12:49:34 - app - INFO - 3/5 - ext_jcarrion@Falabella.cl - status:202
2026-01-28 12:49:34 - app - INFO - Ejecutando get_array
2026-01-28 12:49:36 - app - INFO - Request enviado | request_id=a359bfe5a94724e91a8bdbeb16b4ad785a8e641690c33b85b80242cd29c29ed2 | destinatario=ext_jcarrion@Falabella.cl | status=202
2026-01-28 12:49:36 - app - INFO - 4/5 - ext_jcarrion@Falabella.cl - status:202
2026-01-28 12:49:36 - app - INFO - Ejecutando get_array
2026-01-28 12:49:39 - app - INFO - Request enviado | request_id=75deeff2ce76376a7ec4d9dd6db4ab3d8a1c3d863fd5895ec913bd969beac937 | destinatario=ext_jcarrion@Falabella.cl | status=202
2026-01-28 12:49:39 - app - INFO - 5/5 - ext_jcarrion@Falabella.cl - status:202
2026-01-28 12:49:39 - app - INFO - Proceso de envío finalizado
2026-01-28 12:49:39 - app - INFO - Cargando datos en BigQuery | tabla=teams_validation_data | registros=5 | dropTable=False
2026-01-28 12:49:39 - app - INFO - Cargando datos a staging | tabla=stg_teams_validation_data | filas=5 | dropTable=False
2026-01-28 12:49:43 - app - INFO - Carga a staging completada exitosamente | tabla=sbox_jcarrion.stg_teams_validation_data
2026-01-28 12:49:43 - app - INFO - Iniciando MERGE | staging=stg_teams_validation_data | tabla_final=teams_validation_data
2026-01-28 12:49:46 - app - INFO - MERGE completado exitosamente | tabla_final=teams_validation_data
2026-01-28 12:49:46 - app - INFO - Carga BigQuery finalizada correctamente | tabla=teams_validation_data
2026-01-28 12:49:46 - app - INFO - Lote 1 persistido en BigQuery | registros=5
2026-01-28 12:49:47 - app - INFO - Procesando lote 2 | registros=5
2026-01-28 12:49:47 - app - INFO - Iniciando envío de 5 formularios
2026-01-28 12:49:47 - app - INFO - Ejecutando get_array
2026-01-28 12:49:50 - app - INFO - Request enviado | request_id=c67141bfe0050d53d2f35636585408c0dc70dc123c2bd9a4f911c207bf7779e9 | destinatario=ext_jcarrion@Falabella.cl | status=202
2026-01-28 12:49:50 - app - INFO - 1/5 - ext_jcarrion@Falabella.cl - status:202
2026-01-28 12:49:50 - app - INFO - Ejecutando get_array
2026-01-28 12:49:52 - app - INFO - Request enviado | request_id=208c7ae0ca921646c930a07f27c347a9da32fc72efda7ea8180160ca7ff88f92 | destinatario=ext_jcarrion@Falabella.cl | status=202
2026-01-28 12:49:52 - app - INFO - 2/5 - ext_jcarrion@Falabella.cl - status:202
2026-01-28 12:49:52 - app - INFO - Ejecutando get_array
2026-01-28 12:49:55 - app - INFO - Request enviado | request_id=5d3c9da23a1684c9425b7ff9229202e2e3670476f750f110992ceae5ccd12db8 | destinatario=ext_jcarrion@Falabella.cl | status=202
2026-01-28 12:49:55 - app - INFO - 3/5 - ext_jcarrion@Falabella.cl - status:202
2026-01-28 12:49:55 - app - INFO - Ejecutando get_array
2026-01-28 12:49:57 - app - INFO - Request enviado | request_id=fce2f5200346f2f0f8c28365f832d25ca381c6a8467c336d1610cb082bf7c9f4 | destinatario=ext_jcarrion@Falabella.cl | status=202
2026-01-28 12:49:57 - app - INFO - 4/5 - ext_jcarrion@Falabella.cl - status:202
2026-01-28 12:49:57 - app - INFO - Ejecutando get_array
2026-01-28 12:50:00 - app - INFO - Request enviado | request_id=51fd7afe31e37b8940df675a991260eb28d6d3f5d62d7d440b7b506d4a9212ad | destinatario=ext_jcarrion@Falabella.cl | status=202
2026-01-28 12:50:00 - app - INFO - 5/5 - ext_jcarrion@Falabella.cl - status:202
2026-01-28 12:50:00 - app - INFO - Proceso de envío finalizado
2026-01-28 12:50:00 - app - INFO - Cargando datos en BigQuery | tabla=teams_validation_data | registros=5 | dropTable=False
2026-01-28 12:50:00 - app - INFO - Cargando datos a staging | tabla=stg_teams_validation_data | filas=5 | dropTable=False
2026-01-28 12:50:04 - app - INFO - Carga a staging completada exitosamente | tabla=sbox_jcarrion.stg_teams_validation_data
2026-01-28 12:50:04 - app - INFO - Iniciando MERGE | staging=stg_teams_validation_data | tabla_final=teams_validation_data
2026-01-28 12:50:07 - app - INFO - MERGE completado exitosamente | tabla_final=teams_validation_data
2026-01-28 12:50:07 - app - INFO - Carga BigQuery finalizada correctamente | tabla=teams_validation_data
2026-01-28 12:50:07 - app - INFO - Lote 2 persistido en BigQuery | registros=5
2026-01-28 12:50:08 - app - INFO - Procesando lote 3 | registros=5
2026-01-28 12:50:08 - app - INFO - Iniciando envío de 5 formularios
2026-01-28 12:50:08 - app - INFO - Ejecutando get_array
2026-01-28 12:50:10 - app - INFO - Request enviado | request_id=60a676de83c3091283d841436953966be2f05dee9a9f50f51bcb91d1b50a92f5 | destinatario=ext_jcarrion@Falabella.cl | status=202
2026-01-28 12:50:10 - app - INFO - 1/5 - ext_jcarrion@Falabella.cl - status:202
2026-01-28 12:50:10 - app - INFO - Ejecutando get_array
2026-01-28 12:50:13 - app - INFO - Request enviado | request_id=85995cde6cfcd1668f371aa794e05182f5b0007dc9b0aae6d7b57e5f43459c2f | destinatario=ext_jcarrion@Falabella.cl | status=202
2026-01-28 12:50:13 - app - INFO - 2/5 - ext_jcarrion@Falabella.cl - status:202
2026-01-28 12:50:13 - app - INFO - Ejecutando get_array
2026-01-28 12:50:15 - app - INFO - Request enviado | request_id=9f73775a2c3daf9edbb898a9afc51da64afeb361caed3900ec65af030604ac85 | destinatario=ext_jcarrion@Falabella.cl | status=202
2026-01-28 12:50:15 - app - INFO - 3/5 - ext_jcarrion@Falabella.cl - status:202
2026-01-28 12:50:15 - app - INFO - Ejecutando get_array
2026-01-28 12:50:18 - app - INFO - Request enviado | request_id=b2ea61e30f2b6a6dca0a382611483399a2e16135e599360d2ca44534a31a126f | destinatario=ext_jcarrion@Falabella.cl | status=202
2026-01-28 12:50:18 - app - INFO - 4/5 - ext_jcarrion@Falabella.cl - status:202
2026-01-28 12:50:18 - app - INFO - Ejecutando get_array
2026-01-28 12:50:21 - app - INFO - Request enviado | request_id=5c2d5430b34e0b6ff82743ea4ed4875ac68c62f54d048eec29d918fe92eff96a | destinatario=ext_jcarrion@Falabella.cl | status=202
2026-01-28 12:50:21 - app - INFO - 5/5 - ext_jcarrion@Falabella.cl - status:202
2026-01-28 12:50:21 - app - INFO - Proceso de envío finalizado
2026-01-28 12:50:21 - app - INFO - Cargando datos en BigQuery | tabla=teams_validation_data | registros=5 | dropTable=False
2026-01-28 12:50:21 - app - INFO - Cargando datos a staging | tabla=stg_teams_validation_data | filas=5 | dropTable=False
2026-01-28 12:50:25 - app - INFO - Carga a staging completada exitosamente | tabla=sbox_jcarrion.stg_teams_validation_data
2026-01-28 12:50:25 - app - INFO - Iniciando MERGE | staging=stg_teams_validation_data | tabla_final=teams_validation_data
2026-01-28 12:50:28 - app - INFO - MERGE completado exitosamente | tabla_final=teams_validation_data
2026-01-28 12:50:28 - app - INFO - Carga BigQuery finalizada correctamente | tabla=teams_validation_data
2026-01-28 12:50:28 - app - INFO - Lote 3 persistido en BigQuery | registros=5
2026-01-28 12:50:29 - app - INFO - Procesando lote 4 | registros=5
2026-01-28 12:50:29 - app - INFO - Iniciando envío de 5 formularios
2026-01-28 12:50:29 - app - INFO - Ejecutando get_array
2026-01-28 12:50:32 - app - INFO - Request enviado | request_id=b22946e07d7d32b597d7bf346a10559d8ea7622bae22f31e9d4cceea2d48ef46 | destinatario=ext_jcarrion@Falabella.cl | status=202
2026-01-28 12:50:32 - app - INFO - 1/5 - ext_jcarrion@Falabella.cl - status:202
2026-01-28 12:50:32 - app - INFO - Ejecutando get_array
2026-01-28 12:50:34 - app - INFO - Request enviado | request_id=1a1e6204957fdd6dad44824191e3b418cdcbd7833e1af48779421674e6f06950 | destinatario=ext_jcarrion@Falabella.cl | status=202
2026-01-28 12:50:34 - app - INFO - 2/5 - ext_jcarrion@Falabella.cl - status:202
2026-01-28 12:50:34 - app - INFO - Ejecutando get_array
2026-01-28 12:50:37 - app - INFO - Request enviado | request_id=d4f6a387a661e0add8da44b8880cf800b2457212ed9b586bb1d5f299d7a9dbc8 | destinatario=ext_jcarrion@Falabella.cl | status=202
2026-01-28 12:50:37 - app - INFO - 3/5 - ext_jcarrion@Falabella.cl - status:202
2026-01-28 12:50:37 - app - INFO - Ejecutando get_array
2026-01-28 12:50:39 - app - INFO - Request enviado | request_id=df199055889b7718c207e4868624fd0938084cec1644dc5afa247831cac33aa0 | destinatario=ext_jcarrion@Falabella.cl | status=202
2026-01-28 12:50:39 - app - INFO - 4/5 - ext_jcarrion@Falabella.cl - status:202
2026-01-28 12:50:39 - app - INFO - Ejecutando get_array
2026-01-28 12:50:42 - app - INFO - Request enviado | request_id=2777ffcdb992d2a4d6ff82864026481533af2eec8d8aa2499bb03ad75a219ab3 | destinatario=ext_jcarrion@Falabella.cl | status=202
2026-01-28 12:50:42 - app - INFO - 5/5 - ext_jcarrion@Falabella.cl - status:202
2026-01-28 12:50:42 - app - INFO - Proceso de envío finalizado
2026-01-28 12:50:42 - app - INFO - Cargando datos en BigQuery | tabla=teams_validation_data | registros=5 | dropTable=False
2026-01-28 12:50:42 - app - INFO - Cargando datos a staging | tabla=stg_teams_validation_data | filas=5 | dropTable=False
2026-01-28 12:50:46 - app - INFO - Carga a staging completada exitosamente | tabla=sbox_jcarrion.stg_teams_validation_data
2026-01-28 12:50:46 - app - INFO - Iniciando MERGE | staging=stg_teams_validation_data | tabla_final=teams_validation_data
2026-01-28 12:50:50 - app - INFO - MERGE completado exitosamente | tabla_final=teams_validation_data
2026-01-28 12:50:50 - app - INFO - Carga BigQuery finalizada correctamente | tabla=teams_validation_data
2026-01-28 12:50:50 - app - INFO - Lote 4 persistido en BigQuery | registros=5
2026-01-28 12:50:51 - app - INFO - Procesando lote 5 | registros=5
2026-01-28 12:50:51 - app - INFO - Iniciando envío de 5 formularios
2026-01-28 12:50:51 - app - INFO - Ejecutando get_array
2026-01-28 12:50:53 - app - INFO - Request enviado | request_id=d84937bc3d57858a64a1d363676bbd2c9c914bd4a67e1b14c009b75c90d5419c | destinatario=ext_jcarrion@Falabella.cl | status=202
2026-01-28 12:50:53 - app - INFO - 1/5 - ext_jcarrion@Falabella.cl - status:202
2026-01-28 12:50:53 - app - INFO - Ejecutando get_array
2026-01-28 12:50:56 - app - INFO - Request enviado | request_id=f033d308ef9b1b02b85e1fb75dc66b4e5de564898b35f4eec0ceb2e867e58a5a | destinatario=ext_jcarrion@Falabella.cl | status=202
2026-01-28 12:50:56 - app - INFO - 2/5 - ext_jcarrion@Falabella.cl - status:202
2026-01-28 12:50:56 - app - INFO - Ejecutando get_array
2026-01-28 12:50:58 - app - INFO - Request enviado | request_id=c5f9cf9b2974a1da4af6cfa98c558646870997c072f6cf4a7bb8742495f44a75 | destinatario=ext_jcarrion@Falabella.cl | status=202
2026-01-28 12:50:58 - app - INFO - 3/5 - ext_jcarrion@Falabella.cl - status:202
2026-01-28 12:50:58 - app - INFO - Ejecutando get_array
2026-01-28 12:51:01 - app - INFO - Request enviado | request_id=33d5a3e94e7da05d914decf88b97f4c23a5ac1339292dacfea75352b6a941922 | destinatario=ext_jcarrion@Falabella.cl | status=202
2026-01-28 12:51:01 - app - INFO - 4/5 - ext_jcarrion@Falabella.cl - status:202
2026-01-28 12:51:01 - app - INFO - Ejecutando get_array
2026-01-28 12:51:03 - app - INFO - Request enviado | request_id=5f8d1c8a21642a99d816d0bae477eef394d9e6d84490cfcca7687076eb65c06c | destinatario=ext_jcarrion@Falabella.cl | status=202
2026-01-28 12:51:03 - app - INFO - 5/5 - ext_jcarrion@Falabella.cl - status:202
2026-01-28 12:51:03 - app - INFO - Proceso de envío finalizado
2026-01-28 12:51:03 - app - INFO - Cargando datos en BigQuery | tabla=teams_validation_data | registros=5 | dropTable=False
2026-01-28 12:51:03 - app - INFO - Cargando datos a staging | tabla=stg_teams_validation_data | filas=5 | dropTable=False
2026-01-28 12:51:08 - app - INFO - Carga a staging completada exitosamente | tabla=sbox_jcarrion.stg_teams_validation_data
2026-01-28 12:51:08 - app - INFO - Iniciando MERGE | staging=stg_teams_validation_data | tabla_final=teams_validation_data
2026-01-28 12:51:25 - app - INFO - MERGE completado exitosamente | tabla_final=teams_validation_data
2026-01-28 12:51:25 - app - INFO - Carga BigQuery finalizada correctamente | tabla=teams_validation_data
2026-01-28 12:51:25 - app - INFO - Lote 5 persistido en BigQuery | registros=5
2026-01-28 12:51:26 - app - INFO - Procesando lote 6 | registros=5
2026-01-28 12:51:26 - app - INFO - Iniciando envío de 5 formularios
2026-01-28 12:51:26 - app - INFO - Ejecutando get_array
2026-01-28 12:51:28 - app - INFO - Request enviado | request_id=f78b322eff44eec4cb51355cc2b6bffe32179e041cbb0d6c8b865a0df32cb5c8 | destinatario=ext_jcarrion@Falabella.cl | status=202
2026-01-28 12:51:28 - app - INFO - 1/5 - ext_jcarrion@Falabella.cl - status:202
2026-01-28 12:51:28 - app - INFO - Ejecutando get_array
2026-01-28 12:51:31 - app - INFO - Request enviado | request_id=1af60f0b430b8b1df4a5967fde9cc0a1017d512fe3854a3ba5897d7734119225 | destinatario=ext_jcarrion@Falabella.cl | status=202
2026-01-28 12:51:31 - app - INFO - 2/5 - ext_jcarrion@Falabella.cl - status:202
2026-01-28 12:51:31 - app - INFO - Ejecutando get_array
2026-01-28 12:51:33 - app - INFO - Request enviado | request_id=d7bdbffc3b6d67080a93a22eeb9a403b5a330ab7548a708bf22cb7455e4c4b6a | destinatario=ext_jcarrion@Falabella.cl | status=202
2026-01-28 12:51:33 - app - INFO - 3/5 - ext_jcarrion@Falabella.cl - status:202
2026-01-28 12:51:33 - app - INFO - Ejecutando get_array
2026-01-28 12:51:36 - app - INFO - Request enviado | request_id=e05fa4221914d2d21caa8ea9363aaea365dfd8a11cd4f137bdb4f2e921ef9131 | destinatario=ext_jcarrion@Falabella.cl | status=202
2026-01-28 12:51:36 - app - INFO - 4/5 - ext_jcarrion@Falabella.cl - status:202
2026-01-28 12:51:36 - app - INFO - Ejecutando get_array
2026-01-28 12:51:38 - app - INFO - Request enviado | request_id=120779c8c72980eb5750e3a4cda00a1ff4935b0bbdd48437964d6f6b75319c91 | destinatario=ext_jcarrion@Falabella.cl | status=202
2026-01-28 12:51:38 - app - INFO - 5/5 - ext_jcarrion@Falabella.cl - status:202
2026-01-28 12:51:38 - app - INFO - Proceso de envío finalizado
2026-01-28 12:51:38 - app - INFO - Cargando datos en BigQuery | tabla=teams_validation_data | registros=5 | dropTable=False
2026-01-28 12:51:38 - app - INFO - Cargando datos a staging | tabla=stg_teams_validation_data | filas=5 | dropTable=False
2026-01-28 12:51:42 - app - INFO - Carga a staging completada exitosamente | tabla=sbox_jcarrion.stg_teams_validation_data
2026-01-28 12:51:42 - app - INFO - Iniciando MERGE | staging=stg_teams_validation_data | tabla_final=teams_validation_data
2026-01-28 12:51:45 - app - INFO - MERGE completado exitosamente | tabla_final=teams_validation_data
2026-01-28 12:51:45 - app - INFO - Carga BigQuery finalizada correctamente | tabla=teams_validation_data
2026-01-28 12:51:45 - app - INFO - Lote 6 persistido en BigQuery | registros=5
2026-01-28 12:51:46 - app - INFO - Procesando lote 7 | registros=5
2026-01-28 12:51:46 - app - INFO - Iniciando envío de 5 formularios
2026-01-28 12:51:46 - app - INFO - Ejecutando get_array
2026-01-28 12:51:49 - app - INFO - Request enviado | request_id=815fd88980799c15186ab59ea437dfb242da7c4612078c831c1abd52d9b3a5af | destinatario=ext_jcarrion@Falabella.cl | status=202
2026-01-28 12:51:49 - app - INFO - 1/5 - ext_jcarrion@Falabella.cl - status:202
2026-01-28 12:51:49 - app - INFO - Ejecutando get_array
2026-01-28 12:51:52 - app - INFO - Request enviado | request_id=8ed57b98bc0fa45518f4acb0aede232d3e0c1975f4b25471b02b223f6faf97ab | destinatario=ext_jcarrion@Falabella.cl | status=202
2026-01-28 12:51:52 - app - INFO - 2/5 - ext_jcarrion@Falabella.cl - status:202
2026-01-28 12:51:52 - app - INFO - Ejecutando get_array
2026-01-28 12:51:54 - app - INFO - Request enviado | request_id=f24cc3fe57eabb21f5cc1be9b1080edfac0a5b8ded10e38e4643501e58e5bccd | destinatario=ext_jcarrion@Falabella.cl | status=202
2026-01-28 12:51:54 - app - INFO - 3/5 - ext_jcarrion@Falabella.cl - status:202
2026-01-28 12:51:54 - app - INFO - Ejecutando get_array
2026-01-28 12:51:57 - app - INFO - Request enviado | request_id=5880699c77b3f1bb68f771982d4629d11b1127ca5a525b4ea149167104174b80 | destinatario=ext_jcarrion@Falabella.cl | status=202
2026-01-28 12:51:57 - app - INFO - 4/5 - ext_jcarrion@Falabella.cl - status:202
2026-01-28 12:51:57 - app - INFO - Ejecutando get_array
2026-01-28 12:51:59 - app - INFO - Request enviado | request_id=af35a75d8d7b0ab59eb342e55369707ed39bb694592270aa7b5521574f1cae3a | destinatario=ext_jcarrion@Falabella.cl | status=202
2026-01-28 12:51:59 - app - INFO - 5/5 - ext_jcarrion@Falabella.cl - status:202
2026-01-28 12:51:59 - app - INFO - Proceso de envío finalizado
2026-01-28 12:51:59 - app - INFO - Cargando datos en BigQuery | tabla=teams_validation_data | registros=5 | dropTable=False
2026-01-28 12:51:59 - app - INFO - Cargando datos a staging | tabla=stg_teams_validation_data | filas=5 | dropTable=False
2026-01-28 12:52:03 - app - INFO - Carga a staging completada exitosamente | tabla=sbox_jcarrion.stg_teams_validation_data
2026-01-28 12:52:03 - app - INFO - Iniciando MERGE | staging=stg_teams_validation_data | tabla_final=teams_validation_data
2026-01-28 12:52:07 - app - INFO - MERGE completado exitosamente | tabla_final=teams_validation_data
2026-01-28 12:52:07 - app - INFO - Carga BigQuery finalizada correctamente | tabla=teams_validation_data
2026-01-28 12:52:07 - app - INFO - Lote 7 persistido en BigQuery | registros=5
2026-01-28 12:52:08 - app - INFO - Procesando lote 8 | registros=5
2026-01-28 12:52:08 - app - INFO - Iniciando envío de 5 formularios
2026-01-28 12:52:08 - app - INFO - Ejecutando get_array
2026-01-28 12:52:10 - app - INFO - Request enviado | request_id=ae7b0f3786bdb705bb106c33c84b4db7913b3206dfa67cfc75e1db7b90ca3ba7 | destinatario=ext_jcarrion@Falabella.cl | status=202
2026-01-28 12:52:10 - app - INFO - 1/5 - ext_jcarrion@Falabella.cl - status:202
2026-01-28 12:52:10 - app - INFO - Ejecutando get_array
2026-01-28 12:52:13 - app - INFO - Request enviado | request_id=ff48d70663973cbd79c192f36e099d6dfb6f26ccf0350214e363fd776cafcc82 | destinatario=ext_jcarrion@Falabella.cl | status=202
2026-01-28 12:52:13 - app - INFO - 2/5 - ext_jcarrion@Falabella.cl - status:202
2026-01-28 12:52:13 - app - INFO - Ejecutando get_array
2026-01-28 12:52:15 - app - INFO - Request enviado | request_id=043628ffbe4284c98afbe427b10eafd67341efd9350ebfb41636894b9d2561f4 | destinatario=ext_jcarrion@Falabella.cl | status=202
2026-01-28 12:52:15 - app - INFO - 3/5 - ext_jcarrion@Falabella.cl - status:202
2026-01-28 12:52:15 - app - INFO - Ejecutando get_array
2026-01-28 12:52:18 - app - INFO - Request enviado | request_id=5b6f80ad9499bbdb3fe0ddbe10e650d614fe6507b86130d5d1217d183f2237a6 | destinatario=ext_jcarrion@Falabella.cl | status=202
2026-01-28 12:52:18 - app - INFO - 4/5 - ext_jcarrion@Falabella.cl - status:202
2026-01-28 12:52:18 - app - INFO - Ejecutando get_array
2026-01-28 12:52:20 - app - INFO - Request enviado | request_id=586d71f564ee07d1b69278ff7fc82e97f64336b906bf9959fa86792495c9d3a6 | destinatario=ext_jcarrion@Falabella.cl | status=202
2026-01-28 12:52:20 - app - INFO - 5/5 - ext_jcarrion@Falabella.cl - status:202
2026-01-28 12:52:20 - app - INFO - Proceso de envío finalizado
2026-01-28 12:52:20 - app - INFO - Cargando datos en BigQuery | tabla=teams_validation_data | registros=5 | dropTable=False
2026-01-28 12:52:20 - app - INFO - Cargando datos a staging | tabla=stg_teams_validation_data | filas=5 | dropTable=False
2026-01-28 12:52:25 - app - INFO - Carga a staging completada exitosamente | tabla=sbox_jcarrion.stg_teams_validation_data
2026-01-28 12:52:25 - app - INFO - Iniciando MERGE | staging=stg_teams_validation_data | tabla_final=teams_validation_data
2026-01-28 12:52:28 - app - INFO - MERGE completado exitosamente | tabla_final=teams_validation_data
2026-01-28 12:52:28 - app - INFO - Carga BigQuery finalizada correctamente | tabla=teams_validation_data
2026-01-28 12:52:28 - app - INFO - Lote 8 persistido en BigQuery | registros=5
2026-01-28 12:52:29 - app - INFO - Procesando lote 9 | registros=5
2026-01-28 12:52:29 - app - INFO - Iniciando envío de 5 formularios
2026-01-28 12:52:29 - app - INFO - Ejecutando get_array
2026-01-28 12:52:31 - app - INFO - Request enviado | request_id=786c03a5a36a2c586cc250de9560447de650c6678fdae570f16079d4b3dbdc85 | destinatario=ext_jcarrion@Falabella.cl | status=202
2026-01-28 12:52:31 - app - INFO - 1/5 - ext_jcarrion@Falabella.cl - status:202
2026-01-28 12:52:31 - app - INFO - Ejecutando get_array
2026-01-28 12:52:36 - app - INFO - Request enviado | request_id=aa9819394b056b564a6c11cafb3dd04860ff60d8de928fcc0002d52b48bdb8b1 | destinatario=ext_jcarrion@Falabella.cl | status=202
2026-01-28 12:52:36 - app - INFO - 2/5 - ext_jcarrion@Falabella.cl - status:202
2026-01-28 12:52:36 - app - INFO - Ejecutando get_array
2026-01-28 12:52:41 - app - INFO - Request enviado | request_id=ce4a2146eab97b07a1a7887fa915eb612d6588296b986dea463ab3387181e892 | destinatario=ext_jcarrion@Falabella.cl | status=202
2026-01-28 12:52:41 - app - INFO - 3/5 - ext_jcarrion@Falabella.cl - status:202
2026-01-28 12:52:41 - app - INFO - Ejecutando get_array
2026-01-28 12:52:43 - app - INFO - Request enviado | request_id=74dec096a9bc6ab1b8111609034af2c11066bbdb5133097b017b401a683ee49d | destinatario=ext_jcarrion@Falabella.cl | status=202
2026-01-28 12:52:43 - app - INFO - 4/5 - ext_jcarrion@Falabella.cl - status:202
2026-01-28 12:52:43 - app - INFO - Ejecutando get_array
2026-01-28 12:52:46 - app - INFO - Request enviado | request_id=04623a5f1602f495b834d0287d9759ca8bc7f6bc181fa1ac3785ce03d33b6885 | destinatario=ext_jcarrion@Falabella.cl | status=202
2026-01-28 12:52:46 - app - INFO - 5/5 - ext_jcarrion@Falabella.cl - status:202
2026-01-28 12:52:46 - app - INFO - Proceso de envío finalizado
2026-01-28 12:52:46 - app - INFO - Cargando datos en BigQuery | tabla=teams_validation_data | registros=5 | dropTable=False
2026-01-28 12:52:46 - app - INFO - Cargando datos a staging | tabla=stg_teams_validation_data | filas=5 | dropTable=False
2026-01-28 12:52:50 - app - INFO - Carga a staging completada exitosamente | tabla=sbox_jcarrion.stg_teams_validation_data
2026-01-28 12:52:50 - app - INFO - Iniciando MERGE | staging=stg_teams_validation_data | tabla_final=teams_validation_data
2026-01-28 12:52:53 - app - INFO - MERGE completado exitosamente | tabla_final=teams_validation_data
2026-01-28 12:52:53 - app - INFO - Carga BigQuery finalizada correctamente | tabla=teams_validation_data
2026-01-28 12:52:53 - app - INFO - Lote 9 persistido en BigQuery | registros=5
2026-01-28 12:52:54 - app - INFO - Procesando lote 10 | registros=5
2026-01-28 12:52:54 - app - INFO - Iniciando envío de 5 formularios
2026-01-28 12:52:54 - app - INFO - Ejecutando get_array
2026-01-28 12:52:56 - app - INFO - Request enviado | request_id=2419e847331372cbbbdc57d7778538c61183e67256a3cac46c9d28bd71d025ce | destinatario=ext_jcarrion@Falabella.cl | status=202
2026-01-28 12:52:56 - app - INFO - 1/5 - ext_jcarrion@Falabella.cl - status:202
2026-01-28 12:52:56 - app - INFO - Ejecutando get_array
2026-01-28 12:52:59 - app - INFO - Request enviado | request_id=3bdef28e87bed27e5d75a702b9a1cebf0d50196c3feec25df8510bf71fa07648 | destinatario=ext_jcarrion@Falabella.cl | status=202
2026-01-28 12:52:59 - app - INFO - 2/5 - ext_jcarrion@Falabella.cl - status:202
2026-01-28 12:52:59 - app - INFO - Ejecutando get_array
2026-01-28 12:53:01 - app - INFO - Request enviado | request_id=009d305ff92abfab6a3e838350fb3cfaf5b197e65b7a5c353b5085c317e49a03 | destinatario=ext_jcarrion@Falabella.cl | status=202
2026-01-28 12:53:01 - app - INFO - 3/5 - ext_jcarrion@Falabella.cl - status:202
2026-01-28 12:53:01 - app - INFO - Ejecutando get_array
2026-01-28 12:53:04 - app - INFO - Request enviado | request_id=599d6807450a59718ae3fc292d0f4f9fbd1558ce08349efb1cf15c38671cf2fa | destinatario=ext_jcarrion@Falabella.cl | status=202
2026-01-28 12:53:04 - app - INFO - 4/5 - ext_jcarrion@Falabella.cl - status:202
2026-01-28 12:53:04 - app - INFO - Ejecutando get_array
2026-01-28 12:53:06 - app - INFO - Request enviado | request_id=e33830ea257940655244b5acb119fd3be362ba7c0d8729f310fbf1c9004875ab | destinatario=ext_jcarrion@Falabella.cl | status=202
2026-01-28 12:53:06 - app - INFO - 5/5 - ext_jcarrion@Falabella.cl - status:202
2026-01-28 12:53:06 - app - INFO - Proceso de envío finalizado
2026-01-28 12:53:06 - app - INFO - Cargando datos en BigQuery | tabla=teams_validation_data | registros=5 | dropTable=False
2026-01-28 12:53:06 - app - INFO - Cargando datos a staging | tabla=stg_teams_validation_data | filas=5 | dropTable=False
2026-01-28 12:53:10 - app - INFO - Carga a staging completada exitosamente | tabla=sbox_jcarrion.stg_teams_validation_data
2026-01-28 12:53:10 - app - INFO - Iniciando MERGE | staging=stg_teams_validation_data | tabla_final=teams_validation_data
2026-01-28 12:53:14 - app - INFO - MERGE completado exitosamente | tabla_final=teams_validation_data
2026-01-28 12:53:14 - app - INFO - Carga BigQuery finalizada correctamente | tabla=teams_validation_data
2026-01-28 12:53:14 - app - INFO - Lote 10 persistido en BigQuery | registros=5
2026-01-28 12:53:15 - app - INFO - Procesando lote 11 | registros=5
2026-01-28 12:53:15 - app - INFO - Iniciando envío de 5 formularios
2026-01-28 12:53:15 - app - INFO - Ejecutando get_array
2026-01-28 12:53:17 - app - INFO - Request enviado | request_id=64b2d659bd703622bdda2b4b927d6d03068a74fe2b6a2e768c75ec1ec5028f43 | destinatario=ext_jcarrion@Falabella.cl | status=202
2026-01-28 12:53:17 - app - INFO - 1/5 - ext_jcarrion@Falabella.cl - status:202
2026-01-28 12:53:17 - app - INFO - Ejecutando get_array
2026-01-28 12:53:20 - app - INFO - Request enviado | request_id=e978e0a3bff792bc0f57d3683af58867503d3e4f0937357ea877b485bcccfb40 | destinatario=ext_jcarrion@Falabella.cl | status=202
2026-01-28 12:53:20 - app - INFO - 2/5 - ext_jcarrion@Falabella.cl - status:202
2026-01-28 12:53:20 - app - INFO - Ejecutando get_array
2026-01-28 12:53:22 - app - INFO - Request enviado | request_id=9df598adacfa315576b641a15bde916a3be7aa97bdf94a63236f63d42ef1e2e3 | destinatario=ext_jcarrion@Falabella.cl | status=202
2026-01-28 12:53:22 - app - INFO - 3/5 - ext_jcarrion@Falabella.cl - status:202
2026-01-28 12:53:22 - app - INFO - Ejecutando get_array
2026-01-28 12:53:25 - app - INFO - Request enviado | request_id=85a9bf58a26987719801c9f03e38e2ee4f7eb2e61be42610f97451048207ff38 | destinatario=ext_jcarrion@Falabella.cl | status=202
2026-01-28 12:53:25 - app - INFO - 4/5 - ext_jcarrion@Falabella.cl - status:202
2026-01-28 12:53:25 - app - INFO - Ejecutando get_array
2026-01-28 12:53:27 - app - INFO - Request enviado | request_id=c4a7da5578d652bab50e04b7dd905e8985591178631ee5f9d5fb27047b643947 | destinatario=ext_jcarrion@Falabella.cl | status=202
2026-01-28 12:53:27 - app - INFO - 5/5 - ext_jcarrion@Falabella.cl - status:202
2026-01-28 12:53:27 - app - INFO - Proceso de envío finalizado
2026-01-28 12:53:27 - app - INFO - Cargando datos en BigQuery | tabla=teams_validation_data | registros=5 | dropTable=False
2026-01-28 12:53:27 - app - INFO - Cargando datos a staging | tabla=stg_teams_validation_data | filas=5 | dropTable=False
2026-01-28 12:53:31 - app - INFO - Carga a staging completada exitosamente | tabla=sbox_jcarrion.stg_teams_validation_data
2026-01-28 12:53:31 - app - INFO - Iniciando MERGE | staging=stg_teams_validation_data | tabla_final=teams_validation_data
2026-01-28 12:53:34 - app - INFO - MERGE completado exitosamente | tabla_final=teams_validation_data
2026-01-28 12:53:34 - app - INFO - Carga BigQuery finalizada correctamente | tabla=teams_validation_data
2026-01-28 12:53:34 - app - INFO - Lote 11 persistido en BigQuery | registros=5
2026-01-28 12:53:35 - app - INFO - Procesando lote 12 | registros=5
2026-01-28 12:53:35 - app - INFO - Iniciando envío de 5 formularios
2026-01-28 12:53:35 - app - INFO - Ejecutando get_array
2026-01-28 12:53:37 - app - INFO - Request enviado | request_id=f75c3559346f74f68198c13913cbdf694989f8049572fbfdd3b566eab5f506b1 | destinatario=ext_jcarrion@Falabella.cl | status=202
2026-01-28 12:53:37 - app - INFO - 1/5 - ext_jcarrion@Falabella.cl - status:202
2026-01-28 12:53:37 - app - INFO - Ejecutando get_array
2026-01-28 12:53:40 - app - INFO - Request enviado | request_id=e066eec4b8924e8a96d8dca23c105855ba428cac9c603dd3d1c70c6e05315244 | destinatario=ext_jcarrion@Falabella.cl | status=202
2026-01-28 12:53:40 - app - INFO - 2/5 - ext_jcarrion@Falabella.cl - status:202
2026-01-28 12:53:40 - app - INFO - Ejecutando get_array
2026-01-28 12:53:42 - app - INFO - Request enviado | request_id=0f48793a4795db887cff493181bcc501790adfd4cc1a12f18b45f61c14c7f42c | destinatario=ext_jcarrion@Falabella.cl | status=202
2026-01-28 12:53:42 - app - INFO - 3/5 - ext_jcarrion@Falabella.cl - status:202
2026-01-28 12:53:42 - app - INFO - Ejecutando get_array
2026-01-28 12:53:45 - app - INFO - Request enviado | request_id=b807a5808be339cf8f1641e5f2ce850f775ba654e0d84f0b96a0809894cd7b05 | destinatario=ext_jcarrion@Falabella.cl | status=202
2026-01-28 12:53:45 - app - INFO - 4/5 - ext_jcarrion@Falabella.cl - status:202
2026-01-28 12:53:45 - app - INFO - Ejecutando get_array
2026-01-28 12:53:47 - app - INFO - Request enviado | request_id=a31955525f953eebed997f496173a23d313d3a6d93ca9b6773d7c4886f683635 | destinatario=ext_jcarrion@Falabella.cl | status=202
2026-01-28 12:53:47 - app - INFO - 5/5 - ext_jcarrion@Falabella.cl - status:202
2026-01-28 12:53:47 - app - INFO - Proceso de envío finalizado
2026-01-28 12:53:47 - app - INFO - Cargando datos en BigQuery | tabla=teams_validation_data | registros=5 | dropTable=False
2026-01-28 12:53:47 - app - INFO - Cargando datos a staging | tabla=stg_teams_validation_data | filas=5 | dropTable=False
2026-01-28 12:53:52 - app - INFO - Carga a staging completada exitosamente | tabla=sbox_jcarrion.stg_teams_validation_data
2026-01-28 12:53:52 - app - INFO - Iniciando MERGE | staging=stg_teams_validation_data | tabla_final=teams_validation_data
2026-01-28 12:53:54 - app - INFO - MERGE completado exitosamente | tabla_final=teams_validation_data
2026-01-28 12:53:54 - app - INFO - Carga BigQuery finalizada correctamente | tabla=teams_validation_data
2026-01-28 12:53:54 - app - INFO - Lote 12 persistido en BigQuery | registros=5
2026-01-28 12:53:55 - app - INFO - Procesando lote 13 | registros=5
2026-01-28 12:53:55 - app - INFO - Iniciando envío de 5 formularios
2026-01-28 12:53:55 - app - INFO - Ejecutando get_array
2026-01-28 12:53:58 - app - INFO - Request enviado | request_id=c68fb3ab9c0e66b77cc30f1905f3c9446303f172c167c44bc95414f5213b5534 | destinatario=ext_jcarrion@Falabella.cl | status=202
2026-01-28 12:53:58 - app - INFO - 1/5 - ext_jcarrion@Falabella.cl - status:202
2026-01-28 12:53:58 - app - INFO - Ejecutando get_array
2026-01-28 12:54:01 - app - INFO - Request enviado | request_id=6f0318076331bd11b8c7766c764ba57afcc969f41c7a4ac8b0ee7ee491f4f994 | destinatario=ext_jcarrion@Falabella.cl | status=202
2026-01-28 12:54:01 - app - INFO - 2/5 - ext_jcarrion@Falabella.cl - status:202
2026-01-28 12:54:01 - app - INFO - Ejecutando get_array
2026-01-28 12:54:03 - app - INFO - Request enviado | request_id=412fbb918e1c8c1ceccc2e0546e35cf8275ea820d400820b83c2889a6d73b35e | destinatario=ext_jcarrion@Falabella.cl | status=202
2026-01-28 12:54:03 - app - INFO - 3/5 - ext_jcarrion@Falabella.cl - status:202
2026-01-28 12:54:03 - app - INFO - Ejecutando get_array
2026-01-28 12:54:06 - app - INFO - Request enviado | request_id=db50679c5fadca53fcf1793b1c0c01b4937c954a77bf16100f954f1634bb559e | destinatario=ext_jcarrion@Falabella.cl | status=202
2026-01-28 12:54:06 - app - INFO - 4/5 - ext_jcarrion@Falabella.cl - status:202
2026-01-28 12:54:06 - app - INFO - Ejecutando get_array
2026-01-28 12:54:08 - app - INFO - Request enviado | request_id=c92d17cc73d9e0f125e006b2009e7ef7617603d20ab45c71ffcc861ce1e9261d | destinatario=ext_jcarrion@Falabella.cl | status=202
2026-01-28 12:54:08 - app - INFO - 5/5 - ext_jcarrion@Falabella.cl - status:202
2026-01-28 12:54:08 - app - INFO - Proceso de envío finalizado
2026-01-28 12:54:08 - app - INFO - Cargando datos en BigQuery | tabla=teams_validation_data | registros=5 | dropTable=False
2026-01-28 12:54:08 - app - INFO - Cargando datos a staging | tabla=stg_teams_validation_data | filas=5 | dropTable=False
2026-01-28 12:54:12 - app - INFO - Carga a staging completada exitosamente | tabla=sbox_jcarrion.stg_teams_validation_data
2026-01-28 12:54:12 - app - INFO - Iniciando MERGE | staging=stg_teams_validation_data | tabla_final=teams_validation_data
2026-01-28 12:54:15 - app - INFO - MERGE completado exitosamente | tabla_final=teams_validation_data
2026-01-28 12:54:15 - app - INFO - Carga BigQuery finalizada correctamente | tabla=teams_validation_data
2026-01-28 12:54:15 - app - INFO - Lote 13 persistido en BigQuery | registros=5
2026-01-28 12:54:16 - app - INFO - Procesando lote 14 | registros=5
2026-01-28 12:54:16 - app - INFO - Iniciando envío de 5 formularios
2026-01-28 12:54:16 - app - INFO - Ejecutando get_array
2026-01-28 12:54:19 - app - INFO - Request enviado | request_id=429dc7afbf6a16d0f46a8acc581f6a0b56c69da3ed68c5df51ef52d153d6f7a0 | destinatario=ext_jcarrion@Falabella.cl | status=202
2026-01-28 12:54:19 - app - INFO - 1/5 - ext_jcarrion@Falabella.cl - status:202
2026-01-28 12:54:19 - app - INFO - Ejecutando get_array
2026-01-28 12:54:21 - app - INFO - Request enviado | request_id=a07125ea92c6a1ddcd295918b0d50917bd7196fee5e82b0574b15df72e2bd463 | destinatario=ext_jcarrion@Falabella.cl | status=202
2026-01-28 12:54:21 - app - INFO - 2/5 - ext_jcarrion@Falabella.cl - status:202
2026-01-28 12:54:21 - app - INFO - Ejecutando get_array
2026-01-28 12:54:24 - app - INFO - Request enviado | request_id=0b5a2b1c1e98bb826dbbaf72cd1e94651dd596c1dadc18c177438da82bff4235 | destinatario=ext_jcarrion@Falabella.cl | status=202
2026-01-28 12:54:24 - app - INFO - 3/5 - ext_jcarrion@Falabella.cl - status:202
2026-01-28 12:54:24 - app - INFO - Ejecutando get_array
2026-01-28 12:54:26 - app - INFO - Request enviado | request_id=9f56588b5d5c77e94ebd575701ca6f675975133a952ecf22537a0459ab6b8b11 | destinatario=ext_jcarrion@Falabella.cl | status=202
2026-01-28 12:54:26 - app - INFO - 4/5 - ext_jcarrion@Falabella.cl - status:202
2026-01-28 12:54:26 - app - INFO - Ejecutando get_array
2026-01-28 12:54:29 - app - INFO - Request enviado | request_id=fb9f5b36ea5222d071fe68589d701bc68360e5b176328595ec75b7263b192319 | destinatario=ext_jcarrion@Falabella.cl | status=202
2026-01-28 12:54:29 - app - INFO - 5/5 - ext_jcarrion@Falabella.cl - status:202
2026-01-28 12:54:29 - app - INFO - Proceso de envío finalizado
2026-01-28 12:54:29 - app - INFO - Cargando datos en BigQuery | tabla=teams_validation_data | registros=5 | dropTable=False
2026-01-28 12:54:29 - app - INFO - Cargando datos a staging | tabla=stg_teams_validation_data | filas=5 | dropTable=False
2026-01-28 12:54:32 - app - INFO - Carga a staging completada exitosamente | tabla=sbox_jcarrion.stg_teams_validation_data
2026-01-28 12:54:32 - app - INFO - Iniciando MERGE | staging=stg_teams_validation_data | tabla_final=teams_validation_data
2026-01-28 12:54:35 - app - INFO - MERGE completado exitosamente | tabla_final=teams_validation_data
2026-01-28 12:54:35 - app - INFO - Carga BigQuery finalizada correctamente | tabla=teams_validation_data
2026-01-28 12:54:35 - app - INFO - Lote 14 persistido en BigQuery | registros=5
2026-01-28 12:54:36 - app - INFO - Procesando lote 15 | registros=5
2026-01-28 12:54:36 - app - INFO - Iniciando envío de 5 formularios
2026-01-28 12:54:36 - app - INFO - Ejecutando get_array
2026-01-28 12:54:39 - app - INFO - Request enviado | request_id=ef3d32f1827d224716156498ec4ed45a55d8011cd41104a55a0f1433ae09f96a | destinatario=ext_jcarrion@Falabella.cl | status=202
2026-01-28 12:54:39 - app - INFO - 1/5 - ext_jcarrion@Falabella.cl - status:202
2026-01-28 12:54:39 - app - INFO - Ejecutando get_array
2026-01-28 12:54:42 - app - INFO - Request enviado | request_id=26311fae71076719168bfa2a3942b0837bfc1a8a39f554b5a42fff0bdc6c3ab9 | destinatario=ext_jcarrion@Falabella.cl | status=202
2026-01-28 12:54:42 - app - INFO - 2/5 - ext_jcarrion@Falabella.cl - status:202
2026-01-28 12:54:42 - app - INFO - Ejecutando get_array
2026-01-28 12:54:44 - app - INFO - Request enviado | request_id=ba7c4286fa662d58a50b22a19413a4d8ae1789e6331568cc0aefbaeda7f91328 | destinatario=ext_jcarrion@Falabella.cl | status=202
2026-01-28 12:54:44 - app - INFO - 3/5 - ext_jcarrion@Falabella.cl - status:202
2026-01-28 12:54:44 - app - INFO - Ejecutando get_array
2026-01-28 12:54:47 - app - INFO - Request enviado | request_id=9f0b7c69ec8c5c56ca80a921edc899e7a203e8dfec266e5af65db3d494758ccb | destinatario=ext_jcarrion@Falabella.cl | status=202
2026-01-28 12:54:47 - app - INFO - 4/5 - ext_jcarrion@Falabella.cl - status:202
2026-01-28 12:54:47 - app - INFO - Ejecutando get_array
2026-01-28 12:54:49 - app - INFO - Request enviado | request_id=f49f7d4faf8e80f6fad5bf98f15e3fd3984e714f95ba9fb7a6e3b967c58d9926 | destinatario=ext_jcarrion@Falabella.cl | status=202
2026-01-28 12:54:49 - app - INFO - 5/5 - ext_jcarrion@Falabella.cl - status:202
2026-01-28 12:54:49 - app - INFO - Proceso de envío finalizado
2026-01-28 12:54:49 - app - INFO - Cargando datos en BigQuery | tabla=teams_validation_data | registros=5 | dropTable=False
2026-01-28 12:54:49 - app - INFO - Cargando datos a staging | tabla=stg_teams_validation_data | filas=5 | dropTable=False
2026-01-28 12:54:53 - app - INFO - Carga a staging completada exitosamente | tabla=sbox_jcarrion.stg_teams_validation_data
2026-01-28 12:54:53 - app - INFO - Iniciando MERGE | staging=stg_teams_validation_data | tabla_final=teams_validation_data
2026-01-28 12:54:55 - app - INFO - MERGE completado exitosamente | tabla_final=teams_validation_data
2026-01-28 12:54:55 - app - INFO - Carga BigQuery finalizada correctamente | tabla=teams_validation_data
2026-01-28 12:54:55 - app - INFO - Lote 15 persistido en BigQuery | registros=5
2026-01-28 12:54:56 - app - INFO - Procesando lote 16 | registros=5
2026-01-28 12:54:56 - app - INFO - Iniciando envío de 5 formularios
2026-01-28 12:54:56 - app - INFO - Ejecutando get_array
2026-01-28 12:54:59 - app - INFO - Request enviado | request_id=7b6e3d420f5ce6c202ee045845dfc7573a9f785e2bb0de7dc964a9213edb0dfb | destinatario=ext_jcarrion@Falabella.cl | status=202
2026-01-28 12:54:59 - app - INFO - 1/5 - ext_jcarrion@Falabella.cl - status:202
2026-01-28 12:54:59 - app - INFO - Ejecutando get_array
2026-01-28 12:55:02 - app - INFO - Request enviado | request_id=1e5cbdf3d2406d6fb5637faa959e00056a829121a69f0a3ec5559f67a3877c5c | destinatario=ext_jcarrion@Falabella.cl | status=202
2026-01-28 12:55:02 - app - INFO - 2/5 - ext_jcarrion@Falabella.cl - status:202
2026-01-28 12:55:02 - app - INFO - Ejecutando get_array
2026-01-28 12:55:04 - app - INFO - Request enviado | request_id=bb0f782aae5bc19c0f301ae986891912b8d8e18f6705d8f3e8a30d0f6e04ee38 | destinatario=ext_jcarrion@Falabella.cl | status=202
2026-01-28 12:55:04 - app - INFO - 3/5 - ext_jcarrion@Falabella.cl - status:202
2026-01-28 12:55:04 - app - INFO - Ejecutando get_array
2026-01-28 12:55:07 - app - INFO - Request enviado | request_id=9fb4cd155aece6c8a099f4f856ca31cd529d7ebb30fd94e83fff3b125692e0e3 | destinatario=ext_jcarrion@Falabella.cl | status=202
2026-01-28 12:55:07 - app - INFO - 4/5 - ext_jcarrion@Falabella.cl - status:202
2026-01-28 12:55:07 - app - INFO - Ejecutando get_array
2026-01-28 12:55:09 - app - INFO - Request enviado | request_id=f58485d8c255ecd5083cd33386b645b32cbf9b393b10e40d17b3410f446eb643 | destinatario=ext_jcarrion@Falabella.cl | status=202
2026-01-28 12:55:09 - app - INFO - 5/5 - ext_jcarrion@Falabella.cl - status:202
2026-01-28 12:55:09 - app - INFO - Proceso de envío finalizado
2026-01-28 12:55:09 - app - INFO - Cargando datos en BigQuery | tabla=teams_validation_data | registros=5 | dropTable=False
2026-01-28 12:55:09 - app - INFO - Cargando datos a staging | tabla=stg_teams_validation_data | filas=5 | dropTable=False
2026-01-28 12:55:13 - app - INFO - Carga a staging completada exitosamente | tabla=sbox_jcarrion.stg_teams_validation_data
2026-01-28 12:55:13 - app - INFO - Iniciando MERGE | staging=stg_teams_validation_data | tabla_final=teams_validation_data
2026-01-28 12:55:16 - app - INFO - MERGE completado exitosamente | tabla_final=teams_validation_data
2026-01-28 12:55:16 - app - INFO - Carga BigQuery finalizada correctamente | tabla=teams_validation_data
2026-01-28 12:55:16 - app - INFO - Lote 16 persistido en BigQuery | registros=5
2026-01-28 12:55:17 - app - INFO - Procesando lote 17 | registros=5
2026-01-28 12:55:17 - app - INFO - Iniciando envío de 5 formularios
2026-01-28 12:55:17 - app - INFO - Ejecutando get_array
2026-01-28 12:55:20 - app - INFO - Request enviado | request_id=975ee5d98ed249cba69ec6c8ace62a67164147f1e31030fce49c10cb93c2f02c | destinatario=ext_jcarrion@Falabella.cl | status=202
2026-01-28 12:55:20 - app - INFO - 1/5 - ext_jcarrion@Falabella.cl - status:202
2026-01-28 12:55:20 - app - INFO - Ejecutando get_array
2026-01-28 12:55:22 - app - INFO - Request enviado | request_id=6c0fe11198e6ec3ba42804e141e935fa141e898b63924ce685f31e0aa9c9b462 | destinatario=ext_jcarrion@Falabella.cl | status=202
2026-01-28 12:55:22 - app - INFO - 2/5 - ext_jcarrion@Falabella.cl - status:202
2026-01-28 12:55:22 - app - INFO - Ejecutando get_array
2026-01-28 12:55:25 - app - INFO - Request enviado | request_id=abb0a9172dec3b5b81f7dd77215772b57ce6899c21850ca940151936c8eea6ab | destinatario=ext_jcarrion@Falabella.cl | status=202
2026-01-28 12:55:25 - app - INFO - 3/5 - ext_jcarrion@Falabella.cl - status:202
2026-01-28 12:55:25 - app - INFO - Ejecutando get_array
2026-01-28 12:55:27 - app - INFO - Request enviado | request_id=35175a978c8836ab37171e51d3184cf7c1f54977f4070c95aca950cca591f562 | destinatario=ext_jcarrion@Falabella.cl | status=202
2026-01-28 12:55:27 - app - INFO - 4/5 - ext_jcarrion@Falabella.cl - status:202
2026-01-28 12:55:27 - app - INFO - Ejecutando get_array
2026-01-28 12:55:30 - app - INFO - Request enviado | request_id=d87d6c714458cf7c1433c311c70574e3ad404e6552f9ac8a562b5c654ec6316a | destinatario=ext_jcarrion@Falabella.cl | status=202
2026-01-28 12:55:30 - app - INFO - 5/5 - ext_jcarrion@Falabella.cl - status:202
2026-01-28 12:55:30 - app - INFO - Proceso de envío finalizado
2026-01-28 12:55:30 - app - INFO - Cargando datos en BigQuery | tabla=teams_validation_data | registros=5 | dropTable=False
2026-01-28 12:55:30 - app - INFO - Cargando datos a staging | tabla=stg_teams_validation_data | filas=5 | dropTable=False
2026-01-28 12:55:34 - app - INFO - Carga a staging completada exitosamente | tabla=sbox_jcarrion.stg_teams_validation_data
2026-01-28 12:55:34 - app - INFO - Iniciando MERGE | staging=stg_teams_validation_data | tabla_final=teams_validation_data
2026-01-28 12:55:37 - app - INFO - MERGE completado exitosamente | tabla_final=teams_validation_data
2026-01-28 12:55:37 - app - INFO - Carga BigQuery finalizada correctamente | tabla=teams_validation_data
2026-01-28 12:55:37 - app - INFO - Lote 17 persistido en BigQuery | registros=5
2026-01-28 12:55:38 - app - INFO - Procesando lote 18 | registros=5
2026-01-28 12:55:38 - app - INFO - Iniciando envío de 5 formularios
2026-01-28 12:55:38 - app - INFO - Ejecutando get_array
2026-01-28 12:55:41 - app - INFO - Request enviado | request_id=40dd313a3e8f9198359d30b13d0afb4cbf17556aa6659071ea53ea140677af98 | destinatario=ext_jcarrion@Falabella.cl | status=202
2026-01-28 12:55:41 - app - INFO - 1/5 - ext_jcarrion@Falabella.cl - status:202
2026-01-28 12:55:41 - app - INFO - Ejecutando get_array
2026-01-28 12:55:43 - app - INFO - Request enviado | request_id=8975107d55a37a7487282354584d729e208d26a2cb32e7f4eff9352d3438ec63 | destinatario=ext_jcarrion@Falabella.cl | status=202
2026-01-28 12:55:43 - app - INFO - 2/5 - ext_jcarrion@Falabella.cl - status:202
2026-01-28 12:55:43 - app - INFO - Ejecutando get_array
2026-01-28 12:55:46 - app - INFO - Request enviado | request_id=8b72a227899cb3168db758b295f6eadb2d49f1332a842587ffa6c825c721712f | destinatario=ext_jcarrion@Falabella.cl | status=202
2026-01-28 12:55:46 - app - INFO - 3/5 - ext_jcarrion@Falabella.cl - status:202
2026-01-28 12:55:46 - app - INFO - Ejecutando get_array
2026-01-28 12:55:48 - app - INFO - Request enviado | request_id=2e105d50c44caadc7b9708154ccb72bd2d090052416fe27fe213791ec5241d6b | destinatario=ext_jcarrion@Falabella.cl | status=202
2026-01-28 12:55:48 - app - INFO - 4/5 - ext_jcarrion@Falabella.cl - status:202
2026-01-28 12:55:48 - app - INFO - Ejecutando get_array
2026-01-28 12:55:51 - app - INFO - Request enviado | request_id=20c93940b26023d3863ea465ea138f099cb763d5da609d57155d926827402e66 | destinatario=ext_jcarrion@Falabella.cl | status=202
2026-01-28 12:55:51 - app - INFO - 5/5 - ext_jcarrion@Falabella.cl - status:202
2026-01-28 12:55:51 - app - INFO - Proceso de envío finalizado
2026-01-28 12:55:51 - app - INFO - Cargando datos en BigQuery | tabla=teams_validation_data | registros=5 | dropTable=False
2026-01-28 12:55:51 - app - INFO - Cargando datos a staging | tabla=stg_teams_validation_data | filas=5 | dropTable=False
2026-01-28 12:55:54 - app - INFO - Carga a staging completada exitosamente | tabla=sbox_jcarrion.stg_teams_validation_data
2026-01-28 12:55:54 - app - INFO - Iniciando MERGE | staging=stg_teams_validation_data | tabla_final=teams_validation_data
2026-01-28 12:55:57 - app - INFO - MERGE completado exitosamente | tabla_final=teams_validation_data
2026-01-28 12:55:57 - app - INFO - Carga BigQuery finalizada correctamente | tabla=teams_validation_data
2026-01-28 12:55:57 - app - INFO - Lote 18 persistido en BigQuery | registros=5
2026-01-28 12:55:58 - app - INFO - Procesando lote 19 | registros=5
2026-01-28 12:55:58 - app - INFO - Iniciando envío de 5 formularios
2026-01-28 12:55:58 - app - INFO - Ejecutando get_array
2026-01-28 12:56:01 - app - INFO - Request enviado | request_id=5ab3fd950c9db914671aa15dc640f40244b672dc9cc6e7a8175c66f8ce75583b | destinatario=ext_jcarrion@Falabella.cl | status=202
2026-01-28 12:56:01 - app - INFO - 1/5 - ext_jcarrion@Falabella.cl - status:202
2026-01-28 12:56:01 - app - INFO - Ejecutando get_array
2026-01-28 12:56:03 - app - INFO - Request enviado | request_id=3f3a73ebb16ecdcefd15b101e97eaeaf1b3556728e25b31f38102e2af6568bce | destinatario=ext_jcarrion@Falabella.cl | status=202
2026-01-28 12:56:03 - app - INFO - 2/5 - ext_jcarrion@Falabella.cl - status:202
2026-01-28 12:56:03 - app - INFO - Ejecutando get_array
2026-01-28 12:56:06 - app - INFO - Request enviado | request_id=4a3cca9d5e8f03d8a57cb1ca54189773f3d8a8a286a9b039b82a6117c2c7eaa3 | destinatario=ext_jcarrion@Falabella.cl | status=202
2026-01-28 12:56:06 - app - INFO - 3/5 - ext_jcarrion@Falabella.cl - status:202
2026-01-28 12:56:06 - app - INFO - Ejecutando get_array
2026-01-28 12:56:08 - app - INFO - Request enviado | request_id=5795eb46f9762ab8017310d3083a4dfd7adbceb9ce97f249dc49919492f5d013 | destinatario=ext_jcarrion@Falabella.cl | status=202
2026-01-28 12:56:08 - app - INFO - 4/5 - ext_jcarrion@Falabella.cl - status:202
2026-01-28 12:56:08 - app - INFO - Ejecutando get_array
2026-01-28 12:56:11 - app - INFO - Request enviado | request_id=008b5d6438d7804923ddaceb6fcc8996dc28ebd9c6d9379a77a7449a886776ae | destinatario=ext_jcarrion@Falabella.cl | status=202
2026-01-28 12:56:11 - app - INFO - 5/5 - ext_jcarrion@Falabella.cl - status:202
2026-01-28 12:56:11 - app - INFO - Proceso de envío finalizado
2026-01-28 12:56:11 - app - INFO - Cargando datos en BigQuery | tabla=teams_validation_data | registros=5 | dropTable=False
2026-01-28 12:56:11 - app - INFO - Cargando datos a staging | tabla=stg_teams_validation_data | filas=5 | dropTable=False
2026-01-28 12:56:16 - app - INFO - Carga a staging completada exitosamente | tabla=sbox_jcarrion.stg_teams_validation_data
2026-01-28 12:56:16 - app - INFO - Iniciando MERGE | staging=stg_teams_validation_data | tabla_final=teams_validation_data
2026-01-28 12:56:19 - app - INFO - MERGE completado exitosamente | tabla_final=teams_validation_data
2026-01-28 12:56:19 - app - INFO - Carga BigQuery finalizada correctamente | tabla=teams_validation_data
2026-01-28 12:56:19 - app - INFO - Lote 19 persistido en BigQuery | registros=5
2026-01-28 12:56:20 - app - INFO - Procesando lote 20 | registros=5
2026-01-28 12:56:20 - app - INFO - Iniciando envío de 5 formularios
2026-01-28 12:56:20 - app - INFO - Ejecutando get_array
2026-01-28 12:56:23 - app - INFO - Request enviado | request_id=8f3cacb1976ee01f03ad3f463a80ce388573bae26e46ea0aae4506258c7769b9 | destinatario=ext_jcarrion@Falabella.cl | status=202
2026-01-28 12:56:23 - app - INFO - 1/5 - ext_jcarrion@Falabella.cl - status:202
2026-01-28 12:56:23 - app - INFO - Ejecutando get_array
2026-01-28 12:56:25 - app - INFO - Request enviado | request_id=2893d2edd22c4567f90f00f73766d5cdddfdb8a231a704ac0f0d59dc2972e73a | destinatario=ext_jcarrion@Falabella.cl | status=202
2026-01-28 12:56:25 - app - INFO - 2/5 - ext_jcarrion@Falabella.cl - status:202
2026-01-28 12:56:25 - app - INFO - Ejecutando get_array
2026-01-28 12:56:28 - app - INFO - Request enviado | request_id=4ceaa5f6908ed934cd2f85511c40f9f06c5bb7a82927575cf3e7f90db51c16ab | destinatario=ext_jcarrion@Falabella.cl | status=202
2026-01-28 12:56:28 - app - INFO - 3/5 - ext_jcarrion@Falabella.cl - status:202
2026-01-28 12:56:28 - app - INFO - Ejecutando get_array
2026-01-28 12:56:31 - app - INFO - Request enviado | request_id=8eb291958dc646e8e935b8347dcdd35e56c442c6c44f0e7f6c4bedb2053eaba6 | destinatario=ext_jcarrion@Falabella.cl | status=202
2026-01-28 12:56:31 - app - INFO - 4/5 - ext_jcarrion@Falabella.cl - status:202
2026-01-28 12:56:31 - app - INFO - Ejecutando get_array
2026-01-28 12:56:33 - app - INFO - Request enviado | request_id=59697c21f3433e964e1ac23ea9d8cba751297d199ccdddb690cf30c58a35304e | destinatario=ext_jcarrion@Falabella.cl | status=202
2026-01-28 12:56:33 - app - INFO - 5/5 - ext_jcarrion@Falabella.cl - status:202
2026-01-28 12:56:33 - app - INFO - Proceso de envío finalizado
2026-01-28 12:56:33 - app - INFO - Cargando datos en BigQuery | tabla=teams_validation_data | registros=5 | dropTable=False
2026-01-28 12:56:33 - app - INFO - Cargando datos a staging | tabla=stg_teams_validation_data | filas=5 | dropTable=False
2026-01-28 12:56:37 - app - INFO - Carga a staging completada exitosamente | tabla=sbox_jcarrion.stg_teams_validation_data
2026-01-28 12:56:37 - app - INFO - Iniciando MERGE | staging=stg_teams_validation_data | tabla_final=teams_validation_data
2026-01-28 12:56:42 - app - INFO - MERGE completado exitosamente | tabla_final=teams_validation_data
2026-01-28 12:56:42 - app - INFO - Carga BigQuery finalizada correctamente | tabla=teams_validation_data
2026-01-28 12:56:42 - app - INFO - Lote 20 persistido en BigQuery | registros=5
2026-01-28 12:56:43 - app - INFO - Procesando lote 21 | registros=5
2026-01-28 12:56:43 - app - INFO - Iniciando envío de 5 formularios
2026-01-28 12:56:43 - app - INFO - Ejecutando get_array
2026-01-28 12:56:46 - app - INFO - Request enviado | request_id=5ee9a2df0a6b75034810ae799261486e181353d873058c8969041d239b7f3b42 | destinatario=ext_jcarrion@Falabella.cl | status=202
2026-01-28 12:56:46 - app - INFO - 1/5 - ext_jcarrion@Falabella.cl - status:202
2026-01-28 12:56:46 - app - INFO - Ejecutando get_array
2026-01-28 12:56:48 - app - INFO - Request enviado | request_id=06a409ad97efd51b5f7fc753bf7b9e73cc6d19ac11f02fefe91e70fc8f33b23f | destinatario=ext_jcarrion@Falabella.cl | status=202
2026-01-28 12:56:48 - app - INFO - 2/5 - ext_jcarrion@Falabella.cl - status:202
2026-01-28 12:56:48 - app - INFO - Ejecutando get_array
2026-01-28 12:56:51 - app - INFO - Request enviado | request_id=ea26681f13fcf3c1f1f215f82148dd73397e8fa4200f1d18250a8f2b685b6b99 | destinatario=ext_jcarrion@Falabella.cl | status=202
2026-01-28 12:56:51 - app - INFO - 3/5 - ext_jcarrion@Falabella.cl - status:202
2026-01-28 12:56:51 - app - INFO - Ejecutando get_array
2026-01-28 12:56:53 - app - INFO - Request enviado | request_id=7b3e384e2b3098f0d54ffd2335a6840c27aeecc9baf15092132f24f9da4613f4 | destinatario=ext_jcarrion@Falabella.cl | status=202
2026-01-28 12:56:53 - app - INFO - 4/5 - ext_jcarrion@Falabella.cl - status:202
2026-01-28 12:56:53 - app - INFO - Ejecutando get_array
2026-01-28 12:56:56 - app - INFO - Request enviado | request_id=4aa066c20c67823861b67015e43699fc6ea4e28ea8016c04cdcea7643abbd8dd | destinatario=ext_jcarrion@Falabella.cl | status=202
2026-01-28 12:56:56 - app - INFO - 5/5 - ext_jcarrion@Falabella.cl - status:202
2026-01-28 12:56:56 - app - INFO - Proceso de envío finalizado
2026-01-28 12:56:56 - app - INFO - Cargando datos en BigQuery | tabla=teams_validation_data | registros=5 | dropTable=False
2026-01-28 12:56:56 - app - INFO - Cargando datos a staging | tabla=stg_teams_validation_data | filas=5 | dropTable=False
2026-01-28 12:57:00 - app - INFO - Carga a staging completada exitosamente | tabla=sbox_jcarrion.stg_teams_validation_data
2026-01-28 12:57:00 - app - INFO - Iniciando MERGE | staging=stg_teams_validation_data | tabla_final=teams_validation_data
2026-01-28 12:57:03 - app - INFO - MERGE completado exitosamente | tabla_final=teams_validation_data
2026-01-28 12:57:03 - app - INFO - Carga BigQuery finalizada correctamente | tabla=teams_validation_data
2026-01-28 12:57:03 - app - INFO - Lote 21 persistido en BigQuery | registros=5
2026-01-28 12:57:04 - app - INFO - Procesando lote 22 | registros=5
2026-01-28 12:57:04 - app - INFO - Iniciando envío de 5 formularios
2026-01-28 12:57:04 - app - INFO - Ejecutando get_array
2026-01-28 12:57:06 - app - INFO - Request enviado | request_id=69951d6e876acc8c925f6f4a820866b97f0d83bbb1c64866664f7cc7ed005c84 | destinatario=ext_jcarrion@Falabella.cl | status=202
2026-01-28 12:57:06 - app - INFO - 1/5 - ext_jcarrion@Falabella.cl - status:202
2026-01-28 12:57:06 - app - INFO - Ejecutando get_array
2026-01-28 12:57:09 - app - INFO - Request enviado | request_id=c0af77975423faf3e64c054deee778e46cd0ff335c84b04d4833055324ff2544 | destinatario=ext_jcarrion@Falabella.cl | status=202
2026-01-28 12:57:09 - app - INFO - 2/5 - ext_jcarrion@Falabella.cl - status:202
2026-01-28 12:57:09 - app - INFO - Ejecutando get_array
2026-01-28 12:57:11 - app - INFO - Request enviado | request_id=1dd7166c030f939685ecc88de46ebc77d9824f1c5726cbab4b75117df66c936f | destinatario=ext_jcarrion@Falabella.cl | status=202
2026-01-28 12:57:11 - app - INFO - 3/5 - ext_jcarrion@Falabella.cl - status:202
2026-01-28 12:57:11 - app - INFO - Ejecutando get_array
2026-01-28 12:57:16 - app - INFO - Request enviado | request_id=dd6ae792128edecb47f2e4711633ae9c328f5367ce7822eca26ffdea54f20ff0 | destinatario=ext_jcarrion@Falabella.cl | status=202
2026-01-28 12:57:16 - app - INFO - 4/5 - ext_jcarrion@Falabella.cl - status:202
2026-01-28 12:57:16 - app - INFO - Ejecutando get_array
2026-01-28 12:57:19 - app - INFO - Request enviado | request_id=7317d34d2b53937352854a7aa2d050f9dda4661439a7c1a73958fd8173bb3d35 | destinatario=ext_jcarrion@Falabella.cl | status=202
2026-01-28 12:57:19 - app - INFO - 5/5 - ext_jcarrion@Falabella.cl - status:202
2026-01-28 12:57:19 - app - INFO - Proceso de envío finalizado
2026-01-28 12:57:19 - app - INFO - Cargando datos en BigQuery | tabla=teams_validation_data | registros=5 | dropTable=False
2026-01-28 12:57:19 - app - INFO - Cargando datos a staging | tabla=stg_teams_validation_data | filas=5 | dropTable=False
2026-01-28 12:57:27 - app - INFO - Carga a staging completada exitosamente | tabla=sbox_jcarrion.stg_teams_validation_data
2026-01-28 12:57:27 - app - INFO - Iniciando MERGE | staging=stg_teams_validation_data | tabla_final=teams_validation_data
2026-01-28 12:57:30 - app - INFO - MERGE completado exitosamente | tabla_final=teams_validation_data
2026-01-28 12:57:30 - app - INFO - Carga BigQuery finalizada correctamente | tabla=teams_validation_data
2026-01-28 12:57:30 - app - INFO - Lote 22 persistido en BigQuery | registros=5
2026-01-28 12:57:31 - app - INFO - Procesando lote 23 | registros=5
2026-01-28 12:57:31 - app - INFO - Iniciando envío de 5 formularios
2026-01-28 12:57:31 - app - INFO - Ejecutando get_array
2026-01-28 12:57:33 - app - INFO - Request enviado | request_id=37d286ad934231cd7daa625a94e794951be7395fc426489887c13ba1fe384af7 | destinatario=ext_jcarrion@Falabella.cl | status=202
2026-01-28 12:57:33 - app - INFO - 1/5 - ext_jcarrion@Falabella.cl - status:202
2026-01-28 12:57:33 - app - INFO - Ejecutando get_array
2026-01-28 12:57:36 - app - INFO - Request enviado | request_id=fbfc80b995eaf8eaadb2806eaf1c1454806967ab822ef7efcfa60e8550d8c869 | destinatario=ext_jcarrion@Falabella.cl | status=202
2026-01-28 12:57:36 - app - INFO - 2/5 - ext_jcarrion@Falabella.cl - status:202
2026-01-28 12:57:36 - app - INFO - Ejecutando get_array
2026-01-28 12:57:38 - app - INFO - Request enviado | request_id=538512c5f1f4221e5b8caebf69c7b06a0bc319755cec9ac88afa435f47662455 | destinatario=ext_jcarrion@Falabella.cl | status=202
2026-01-28 12:57:38 - app - INFO - 3/5 - ext_jcarrion@Falabella.cl - status:202
2026-01-28 12:57:38 - app - INFO - Ejecutando get_array
2026-01-28 12:57:41 - app - INFO - Request enviado | request_id=57d18c7fa06a51af5ffce1aa5a5d0a60da5197f8e8d67afcd632a669e97bd897 | destinatario=ext_jcarrion@Falabella.cl | status=202
2026-01-28 12:57:41 - app - INFO - 4/5 - ext_jcarrion@Falabella.cl - status:202
2026-01-28 12:57:41 - app - INFO - Ejecutando get_array
2026-01-28 12:57:43 - app - INFO - Request enviado | request_id=8e559c0e74c082ba557f87f5477e4cf7c47de234141b43b7b5a8298c373d8312 | destinatario=ext_jcarrion@Falabella.cl | status=202
2026-01-28 12:57:43 - app - INFO - 5/5 - ext_jcarrion@Falabella.cl - status:202
2026-01-28 12:57:43 - app - INFO - Proceso de envío finalizado
2026-01-28 12:57:43 - app - INFO - Cargando datos en BigQuery | tabla=teams_validation_data | registros=5 | dropTable=False
2026-01-28 12:57:43 - app - INFO - Cargando datos a staging | tabla=stg_teams_validation_data | filas=5 | dropTable=False
2026-01-28 12:57:48 - app - INFO - Carga a staging completada exitosamente | tabla=sbox_jcarrion.stg_teams_validation_data
2026-01-28 12:57:48 - app - INFO - Iniciando MERGE | staging=stg_teams_validation_data | tabla_final=teams_validation_data
2026-01-28 12:57:51 - app - INFO - MERGE completado exitosamente | tabla_final=teams_validation_data
2026-01-28 12:57:51 - app - INFO - Carga BigQuery finalizada correctamente | tabla=teams_validation_data
2026-01-28 12:57:51 - app - INFO - Lote 23 persistido en BigQuery | registros=5
2026-01-28 12:57:52 - app - INFO - Procesando lote 24 | registros=5
2026-01-28 12:57:52 - app - INFO - Iniciando envío de 5 formularios
2026-01-28 12:57:52 - app - INFO - Ejecutando get_array
2026-01-28 12:57:54 - app - INFO - Request enviado | request_id=10e8ae146f8005bc03642b29b87830703ef03669ded0e01da5928963eea7d20d | destinatario=ext_jcarrion@Falabella.cl | status=202
2026-01-28 12:57:54 - app - INFO - 1/5 - ext_jcarrion@Falabella.cl - status:202
2026-01-28 12:57:54 - app - INFO - Ejecutando get_array
2026-01-28 12:57:57 - app - INFO - Request enviado | request_id=b00bd29b89de23373d84c77ade9b2dbcd19bce1dddae03987e169afec7bb2239 | destinatario=ext_jcarrion@Falabella.cl | status=202
2026-01-28 12:57:57 - app - INFO - 2/5 - ext_jcarrion@Falabella.cl - status:202
2026-01-28 12:57:57 - app - INFO - Ejecutando get_array
2026-01-28 12:57:59 - app - INFO - Request enviado | request_id=6e2332f2799fe3412b887daad948d324ab0f6ccad7af5af9725abe78708ed32c | destinatario=ext_jcarrion@Falabella.cl | status=202
2026-01-28 12:57:59 - app - INFO - 3/5 - ext_jcarrion@Falabella.cl - status:202
2026-01-28 12:57:59 - app - INFO - Ejecutando get_array
2026-01-28 12:58:02 - app - INFO - Request enviado | request_id=f0cc1d6ae01b7de7958ed93c3b241bc3db4b2a0c1a1164b656936834af8b2b9a | destinatario=ext_jcarrion@Falabella.cl | status=202
2026-01-28 12:58:02 - app - INFO - 4/5 - ext_jcarrion@Falabella.cl - status:202
2026-01-28 12:58:02 - app - INFO - Ejecutando get_array
2026-01-28 12:58:04 - app - INFO - Request enviado | request_id=1830399d215c0122f5ace97a5d0ac8402da94031a5e9a2b56049ad335e169d6f | destinatario=ext_jcarrion@Falabella.cl | status=202
2026-01-28 12:58:04 - app - INFO - 5/5 - ext_jcarrion@Falabella.cl - status:202
2026-01-28 12:58:04 - app - INFO - Proceso de envío finalizado
2026-01-28 12:58:04 - app - INFO - Cargando datos en BigQuery | tabla=teams_validation_data | registros=5 | dropTable=False
2026-01-28 12:58:04 - app - INFO - Cargando datos a staging | tabla=stg_teams_validation_data | filas=5 | dropTable=False
2026-01-28 12:58:08 - app - INFO - Carga a staging completada exitosamente | tabla=sbox_jcarrion.stg_teams_validation_data
2026-01-28 12:58:08 - app - INFO - Iniciando MERGE | staging=stg_teams_validation_data | tabla_final=teams_validation_data
2026-01-28 12:58:11 - app - INFO - MERGE completado exitosamente | tabla_final=teams_validation_data
2026-01-28 12:58:11 - app - INFO - Carga BigQuery finalizada correctamente | tabla=teams_validation_data
2026-01-28 12:58:11 - app - INFO - Lote 24 persistido en BigQuery | registros=5
2026-01-28 12:58:12 - app - INFO - Procesando lote 25 | registros=5
2026-01-28 12:58:12 - app - INFO - Iniciando envío de 5 formularios
2026-01-28 12:58:12 - app - INFO - Ejecutando get_array
2026-01-28 12:58:15 - app - INFO - Request enviado | request_id=c407a5381caae790911a2209b8a7d63f2088ee66328687b0d79b87e83d470d62 | destinatario=ext_jcarrion@Falabella.cl | status=202
2026-01-28 12:58:15 - app - INFO - 1/5 - ext_jcarrion@Falabella.cl - status:202
2026-01-28 12:58:15 - app - INFO - Ejecutando get_array
2026-01-28 12:58:17 - app - INFO - Request enviado | request_id=e0c5df76ee9c69e378135fca80fb426ecfebca600caeafbf2dc9293050ce20bc | destinatario=ext_jcarrion@Falabella.cl | status=202
2026-01-28 12:58:17 - app - INFO - 2/5 - ext_jcarrion@Falabella.cl - status:202
2026-01-28 12:58:17 - app - INFO - Ejecutando get_array
2026-01-28 12:58:20 - app - INFO - Request enviado | request_id=dc312780977a2acde2aa8e5c469149b03f306790caadc3c1238548e63e31c5ba | destinatario=ext_jcarrion@Falabella.cl | status=202
2026-01-28 12:58:20 - app - INFO - 3/5 - ext_jcarrion@Falabella.cl - status:202
2026-01-28 12:58:20 - app - INFO - Ejecutando get_array
2026-01-28 12:58:22 - app - INFO - Request enviado | request_id=10b6cd38a285b99f71b2891aea98ccfcfa4b74b1db0594904486c0320ad510ca | destinatario=ext_jcarrion@Falabella.cl | status=202
2026-01-28 12:58:22 - app - INFO - 4/5 - ext_jcarrion@Falabella.cl - status:202
2026-01-28 12:58:22 - app - INFO - Ejecutando get_array
2026-01-28 12:58:25 - app - INFO - Request enviado | request_id=713580c56936da36e24248535869b4890545b7f9bf128cedc8d0a06fa8966b90 | destinatario=ext_jcarrion@Falabella.cl | status=202
2026-01-28 12:58:25 - app - INFO - 5/5 - ext_jcarrion@Falabella.cl - status:202
2026-01-28 12:58:25 - app - INFO - Proceso de envío finalizado
2026-01-28 12:58:25 - app - INFO - Cargando datos en BigQuery | tabla=teams_validation_data | registros=5 | dropTable=False
2026-01-28 12:58:25 - app - INFO - Cargando datos a staging | tabla=stg_teams_validation_data | filas=5 | dropTable=False
2026-01-28 12:58:29 - app - INFO - Carga a staging completada exitosamente | tabla=sbox_jcarrion.stg_teams_validation_data
2026-01-28 12:58:29 - app - INFO - Iniciando MERGE | staging=stg_teams_validation_data | tabla_final=teams_validation_data
2026-01-28 12:58:32 - app - INFO - MERGE completado exitosamente | tabla_final=teams_validation_data
2026-01-28 12:58:32 - app - INFO - Carga BigQuery finalizada correctamente | tabla=teams_validation_data
2026-01-28 12:58:32 - app - INFO - Lote 25 persistido en BigQuery | registros=5
2026-01-28 12:58:33 - app - INFO - Procesando lote 26 | registros=5
2026-01-28 12:58:33 - app - INFO - Iniciando envío de 5 formularios
2026-01-28 12:58:33 - app - INFO - Ejecutando get_array
2026-01-28 12:58:36 - app - INFO - Request enviado | request_id=f11bbcc61a90bb1b36113611e1e45aa36bca888390377c805b2f8bc1b2f1400e | destinatario=ext_jcarrion@Falabella.cl | status=202
2026-01-28 12:58:36 - app - INFO - 1/5 - ext_jcarrion@Falabella.cl - status:202
2026-01-28 12:58:36 - app - INFO - Ejecutando get_array
2026-01-28 12:58:38 - app - INFO - Request enviado | request_id=45b6b17306994ed672da62579f47b2d6265b3f3778125e160cb6f804545e5e43 | destinatario=ext_jcarrion@Falabella.cl | status=202
2026-01-28 12:58:38 - app - INFO - 2/5 - ext_jcarrion@Falabella.cl - status:202
2026-01-28 12:58:38 - app - INFO - Ejecutando get_array
2026-01-28 12:58:41 - app - INFO - Request enviado | request_id=c6a0a526123e68f219c82d87e4dc25bb37ee52ca6f30cb322aad2e14994ee818 | destinatario=ext_jcarrion@Falabella.cl | status=202
2026-01-28 12:58:41 - app - INFO - 3/5 - ext_jcarrion@Falabella.cl - status:202
2026-01-28 12:58:41 - app - INFO - Ejecutando get_array
2026-01-28 12:58:43 - app - INFO - Request enviado | request_id=dadb191cfeecaa92f56fc79aebe0ba86327d79d2bc89502708cdc75ca4581935 | destinatario=ext_jcarrion@Falabella.cl | status=202
2026-01-28 12:58:43 - app - INFO - 4/5 - ext_jcarrion@Falabella.cl - status:202
2026-01-28 12:58:43 - app - INFO - Ejecutando get_array
2026-01-28 12:58:46 - app - INFO - Request enviado | request_id=3906e8aa85d5680984c3855af822d584e38292622abae84c21e700ff1621bb01 | destinatario=ext_jcarrion@Falabella.cl | status=202
2026-01-28 12:58:46 - app - INFO - 5/5 - ext_jcarrion@Falabella.cl - status:202
2026-01-28 12:58:46 - app - INFO - Proceso de envío finalizado
2026-01-28 12:58:46 - app - INFO - Cargando datos en BigQuery | tabla=teams_validation_data | registros=5 | dropTable=False
2026-01-28 12:58:46 - app - INFO - Cargando datos a staging | tabla=stg_teams_validation_data | filas=5 | dropTable=False
2026-01-28 12:58:49 - app - INFO - Carga a staging completada exitosamente | tabla=sbox_jcarrion.stg_teams_validation_data
2026-01-28 12:58:49 - app - INFO - Iniciando MERGE | staging=stg_teams_validation_data | tabla_final=teams_validation_data
2026-01-28 12:58:52 - app - INFO - MERGE completado exitosamente | tabla_final=teams_validation_data
2026-01-28 12:58:52 - app - INFO - Carga BigQuery finalizada correctamente | tabla=teams_validation_data
2026-01-28 12:58:52 - app - INFO - Lote 26 persistido en BigQuery | registros=5
2026-01-28 12:58:53 - app - INFO - Procesando lote 27 | registros=5
2026-01-28 12:58:53 - app - INFO - Iniciando envío de 5 formularios
2026-01-28 12:58:53 - app - INFO - Ejecutando get_array
2026-01-28 12:58:56 - app - INFO - Request enviado | request_id=b87d9cb102fe8cff814fcd03084371cb4aec6340e8a5bb2e0af8e2d3fa8914b7 | destinatario=ext_jcarrion@Falabella.cl | status=202
2026-01-28 12:58:56 - app - INFO - 1/5 - ext_jcarrion@Falabella.cl - status:202
2026-01-28 12:58:56 - app - INFO - Ejecutando get_array
2026-01-28 12:58:58 - app - INFO - Request enviado | request_id=cf4d5063162a70e640efae76e2594b4be4914d7153b9f0acbc957795da6ecfb5 | destinatario=ext_jcarrion@Falabella.cl | status=202
2026-01-28 12:58:58 - app - INFO - 2/5 - ext_jcarrion@Falabella.cl - status:202
2026-01-28 12:58:58 - app - INFO - Ejecutando get_array
2026-01-28 12:59:01 - app - INFO - Request enviado | request_id=cf06176e87b9048f4ba688b7ba37328a8e38b03d322dcccf65011782c8f16595 | destinatario=ext_jcarrion@Falabella.cl | status=202
2026-01-28 12:59:01 - app - INFO - 3/5 - ext_jcarrion@Falabella.cl - status:202
2026-01-28 12:59:01 - app - INFO - Ejecutando get_array
2026-01-28 12:59:04 - app - INFO - Request enviado | request_id=9397d97ed89941e4e81dfcda15841150353853953dc1d20cf4cf2ff3f32d4a80 | destinatario=ext_jcarrion@Falabella.cl | status=202
2026-01-28 12:59:04 - app - INFO - 4/5 - ext_jcarrion@Falabella.cl - status:202
2026-01-28 12:59:04 - app - INFO - Ejecutando get_array
2026-01-28 12:59:06 - app - INFO - Request enviado | request_id=2f8523102166f6b2cfd06153712dd64c841b070faeebd2daf4f36f8eb81ea373 | destinatario=ext_jcarrion@Falabella.cl | status=202
2026-01-28 12:59:06 - app - INFO - 5/5 - ext_jcarrion@Falabella.cl - status:202
2026-01-28 12:59:06 - app - INFO - Proceso de envío finalizado
2026-01-28 12:59:06 - app - INFO - Cargando datos en BigQuery | tabla=teams_validation_data | registros=5 | dropTable=False
2026-01-28 12:59:06 - app - INFO - Cargando datos a staging | tabla=stg_teams_validation_data | filas=5 | dropTable=False
2026-01-28 12:59:10 - app - INFO - Carga a staging completada exitosamente | tabla=sbox_jcarrion.stg_teams_validation_data
2026-01-28 12:59:10 - app - INFO - Iniciando MERGE | staging=stg_teams_validation_data | tabla_final=teams_validation_data
2026-01-28 12:59:13 - app - INFO - MERGE completado exitosamente | tabla_final=teams_validation_data
2026-01-28 12:59:13 - app - INFO - Carga BigQuery finalizada correctamente | tabla=teams_validation_data
2026-01-28 12:59:13 - app - INFO - Lote 27 persistido en BigQuery | registros=5
2026-01-28 12:59:14 - app - INFO - Procesando lote 28 | registros=5
2026-01-28 12:59:14 - app - INFO - Iniciando envío de 5 formularios
2026-01-28 12:59:14 - app - INFO - Ejecutando get_array
2026-01-28 12:59:17 - app - INFO - Request enviado | request_id=b2d3795b89f396a513cd900fd57257531fda83c6e63f95c1b54b3251adfe422e | destinatario=ext_jcarrion@Falabella.cl | status=202
2026-01-28 12:59:17 - app - INFO - 1/5 - ext_jcarrion@Falabella.cl - status:202
2026-01-28 12:59:17 - app - INFO - Ejecutando get_array
2026-01-28 12:59:19 - app - INFO - Request enviado | request_id=c0549ec3c4c3ed4386abb5c0d59db4b34687d9fe4bab109243bff39c36559b02 | destinatario=ext_jcarrion@Falabella.cl | status=202
2026-01-28 12:59:19 - app - INFO - 2/5 - ext_jcarrion@Falabella.cl - status:202
2026-01-28 12:59:19 - app - INFO - Ejecutando get_array
2026-01-28 12:59:22 - app - INFO - Request enviado | request_id=2c6272c5e515b206dcd70fb6c15cef1e0f614c42c83f869ab0bd73b5db885eb4 | destinatario=ext_jcarrion@Falabella.cl | status=202
2026-01-28 12:59:22 - app - INFO - 3/5 - ext_jcarrion@Falabella.cl - status:202
2026-01-28 12:59:22 - app - INFO - Ejecutando get_array
2026-01-28 12:59:24 - app - INFO - Request enviado | request_id=4aa564a808d793867adc564fdf12702d8f20b645d9850d2d7351937bdce5a2a3 | destinatario=ext_jcarrion@Falabella.cl | status=202
2026-01-28 12:59:24 - app - INFO - 4/5 - ext_jcarrion@Falabella.cl - status:202
2026-01-28 12:59:24 - app - INFO - Ejecutando get_array
2026-01-28 12:59:27 - app - INFO - Request enviado | request_id=f29fc3ae7dde3cd39b6cf99284dd4159ed62f5ea5cdfb7e6a74460fe90de580f | destinatario=ext_jcarrion@Falabella.cl | status=202
2026-01-28 12:59:27 - app - INFO - 5/5 - ext_jcarrion@Falabella.cl - status:202
2026-01-28 12:59:27 - app - INFO - Proceso de envío finalizado
2026-01-28 12:59:27 - app - INFO - Cargando datos en BigQuery | tabla=teams_validation_data | registros=5 | dropTable=False
2026-01-28 12:59:27 - app - INFO - Cargando datos a staging | tabla=stg_teams_validation_data | filas=5 | dropTable=False
2026-01-28 12:59:32 - app - INFO - Carga a staging completada exitosamente | tabla=sbox_jcarrion.stg_teams_validation_data
2026-01-28 12:59:32 - app - INFO - Iniciando MERGE | staging=stg_teams_validation_data | tabla_final=teams_validation_data
2026-01-28 12:59:36 - app - INFO - MERGE completado exitosamente | tabla_final=teams_validation_data
2026-01-28 12:59:36 - app - INFO - Carga BigQuery finalizada correctamente | tabla=teams_validation_data
2026-01-28 12:59:36 - app - INFO - Lote 28 persistido en BigQuery | registros=5
2026-01-28 12:59:37 - app - INFO - Procesando lote 29 | registros=5
2026-01-28 12:59:37 - app - INFO - Iniciando envío de 5 formularios
2026-01-28 12:59:37 - app - INFO - Ejecutando get_array
2026-01-28 12:59:40 - app - INFO - Request enviado | request_id=23695c2db71d1d9b93623ac33ae341fb18b4befe9eee99f76a132a2b4c8d2f74 | destinatario=ext_jcarrion@Falabella.cl | status=202
2026-01-28 12:59:40 - app - INFO - 1/5 - ext_jcarrion@Falabella.cl - status:202
2026-01-28 12:59:40 - app - INFO - Ejecutando get_array
2026-01-28 12:59:43 - app - INFO - Request enviado | request_id=bf852ac5f5a18b0cd5f77d7391fb55c2b40bc52f42cb8b4ce4079317dfd4207e | destinatario=ext_jcarrion@Falabella.cl | status=202
2026-01-28 12:59:43 - app - INFO - 2/5 - ext_jcarrion@Falabella.cl - status:202
2026-01-28 12:59:43 - app - INFO - Ejecutando get_array
2026-01-28 12:59:45 - app - INFO - Request enviado | request_id=f46ae9b106421b981aa34bb9ba7719c4c0196020eda1cec116de772eba7f366e | destinatario=ext_jcarrion@Falabella.cl | status=202
2026-01-28 12:59:45 - app - INFO - 3/5 - ext_jcarrion@Falabella.cl - status:202
2026-01-28 12:59:45 - app - INFO - Ejecutando get_array
2026-01-28 12:59:48 - app - INFO - Request enviado | request_id=63b405628a2859750ba782902807116a4efc5f14c1ecc34a773663d380f640bc | destinatario=ext_jcarrion@Falabella.cl | status=202
2026-01-28 12:59:48 - app - INFO - 4/5 - ext_jcarrion@Falabella.cl - status:202
2026-01-28 12:59:48 - app - INFO - Ejecutando get_array
2026-01-28 12:59:50 - app - INFO - Request enviado | request_id=f1926ef595f2b198f761e943ca8e565a96855c6d4c6cb31094ff4a9b303937b8 | destinatario=ext_jcarrion@Falabella.cl | status=202
2026-01-28 12:59:50 - app - INFO - 5/5 - ext_jcarrion@Falabella.cl - status:202
2026-01-28 12:59:50 - app - INFO - Proceso de envío finalizado
2026-01-28 12:59:50 - app - INFO - Cargando datos en BigQuery | tabla=teams_validation_data | registros=5 | dropTable=False
2026-01-28 12:59:50 - app - INFO - Cargando datos a staging | tabla=stg_teams_validation_data | filas=5 | dropTable=False
2026-01-28 12:59:54 - app - INFO - Carga a staging completada exitosamente | tabla=sbox_jcarrion.stg_teams_validation_data
2026-01-28 12:59:54 - app - INFO - Iniciando MERGE | staging=stg_teams_validation_data | tabla_final=teams_validation_data
2026-01-28 12:59:59 - app - INFO - MERGE completado exitosamente | tabla_final=teams_validation_data
2026-01-28 12:59:59 - app - INFO - Carga BigQuery finalizada correctamente | tabla=teams_validation_data
2026-01-28 12:59:59 - app - INFO - Lote 29 persistido en BigQuery | registros=5
2026-01-28 13:00:00 - app - INFO - Procesando lote 30 | registros=5
2026-01-28 13:00:00 - app - INFO - Iniciando envío de 5 formularios
2026-01-28 13:00:00 - app - INFO - Ejecutando get_array
2026-01-28 13:00:03 - app - INFO - Request enviado | request_id=f66a12ae0c0b67477bb8aab34b82a84d46152407373beea7f5ed120f72149cc9 | destinatario=ext_jcarrion@Falabella.cl | status=202
2026-01-28 13:00:03 - app - INFO - 1/5 - ext_jcarrion@Falabella.cl - status:202
2026-01-28 13:00:03 - app - INFO - Ejecutando get_array
2026-01-28 13:00:07 - app - INFO - Request enviado | request_id=df2878a0d4b31f2051259010f838264db249ab810147e3bce9391220d80feb89 | destinatario=ext_jcarrion@Falabella.cl | status=202
2026-01-28 13:00:07 - app - INFO - 2/5 - ext_jcarrion@Falabella.cl - status:202
2026-01-28 13:00:07 - app - INFO - Ejecutando get_array
2026-01-28 13:00:10 - app - INFO - Request enviado | request_id=ffb025059a3542d1ba3c60ced8d39de8dd69366b0257b7e5dc69d5844119db6f | destinatario=ext_jcarrion@Falabella.cl | status=202
2026-01-28 13:00:10 - app - INFO - 3/5 - ext_jcarrion@Falabella.cl - status:202
2026-01-28 13:00:10 - app - INFO - Ejecutando get_array
2026-01-28 13:00:13 - app - INFO - Request enviado | request_id=844e4460ce44ebb87dd3f17783a2bad201e1e42b1ae4a5898792fb8f9fd3e30c | destinatario=ext_jcarrion@Falabella.cl | status=202
2026-01-28 13:00:13 - app - INFO - 4/5 - ext_jcarrion@Falabella.cl - status:202
2026-01-28 13:00:13 - app - INFO - Ejecutando get_array
2026-01-28 13:00:19 - app - INFO - Request enviado | request_id=3394b59f8551b169de63bfdc90aef6d589ce33b43175ac6ac2135b6835bef8d4 | destinatario=ext_jcarrion@Falabella.cl | status=202
2026-01-28 13:00:19 - app - INFO - 5/5 - ext_jcarrion@Falabella.cl - status:202
2026-01-28 13:00:19 - app - INFO - Proceso de envío finalizado
2026-01-28 13:00:19 - app - INFO - Cargando datos en BigQuery | tabla=teams_validation_data | registros=5 | dropTable=False
2026-01-28 13:00:19 - app - INFO - Cargando datos a staging | tabla=stg_teams_validation_data | filas=5 | dropTable=False
2026-01-28 13:00:23 - app - INFO - Carga a staging completada exitosamente | tabla=sbox_jcarrion.stg_teams_validation_data
2026-01-28 13:00:23 - app - INFO - Iniciando MERGE | staging=stg_teams_validation_data | tabla_final=teams_validation_data
2026-01-28 13:00:28 - app - INFO - MERGE completado exitosamente | tabla_final=teams_validation_data
2026-01-28 13:00:28 - app - INFO - Carga BigQuery finalizada correctamente | tabla=teams_validation_data
2026-01-28 13:00:28 - app - INFO - Lote 30 persistido en BigQuery | registros=5
2026-01-28 13:00:29 - app - INFO - Procesando lote 31 | registros=5
2026-01-28 13:00:29 - app - INFO - Iniciando envío de 5 formularios
2026-01-28 13:00:29 - app - INFO - Ejecutando get_array
2026-01-28 13:00:32 - app - INFO - Request enviado | request_id=40c844c4a3c8727f0014150b9c41b95107b8b59dc01cd32a0e149ce623ece8b8 | destinatario=ext_jcarrion@Falabella.cl | status=202
2026-01-28 13:00:32 - app - INFO - 1/5 - ext_jcarrion@Falabella.cl - status:202
2026-01-28 13:00:32 - app - INFO - Ejecutando get_array
2026-01-28 13:00:34 - app - INFO - Request enviado | request_id=3c14484385c1fe6c3fe88824451e78930ad3b68aa0cb2f48cb1df72df778ef79 | destinatario=ext_jcarrion@Falabella.cl | status=202
2026-01-28 13:00:34 - app - INFO - 2/5 - ext_jcarrion@Falabella.cl - status:202
2026-01-28 13:00:34 - app - INFO - Ejecutando get_array
2026-01-28 13:00:37 - app - INFO - Request enviado | request_id=87c55f863e2ff64081742759f60544d7573a9db3b701efdfe0bd1887397be8c1 | destinatario=ext_jcarrion@Falabella.cl | status=202
2026-01-28 13:00:37 - app - INFO - 3/5 - ext_jcarrion@Falabella.cl - status:202
2026-01-28 13:00:37 - app - INFO - Ejecutando get_array
2026-01-28 13:00:40 - app - INFO - Request enviado | request_id=f3ca863567c936892a1c01a1a40af127276ac59295aed71cb50a2da4c632e850 | destinatario=ext_jcarrion@Falabella.cl | status=202
2026-01-28 13:00:40 - app - INFO - 4/5 - ext_jcarrion@Falabella.cl - status:202
2026-01-28 13:00:40 - app - INFO - Ejecutando get_array
2026-01-28 13:00:42 - app - INFO - Request enviado | request_id=067ed39151edddf360ba437fcf3ad06df66af48f065143e5bde27444f464a392 | destinatario=ext_jcarrion@Falabella.cl | status=202
2026-01-28 13:00:42 - app - INFO - 5/5 - ext_jcarrion@Falabella.cl - status:202
2026-01-28 13:00:42 - app - INFO - Proceso de envío finalizado
2026-01-28 13:00:42 - app - INFO - Cargando datos en BigQuery | tabla=teams_validation_data | registros=5 | dropTable=False
2026-01-28 13:00:42 - app - INFO - Cargando datos a staging | tabla=stg_teams_validation_data | filas=5 | dropTable=False
2026-01-28 13:00:46 - app - INFO - Carga a staging completada exitosamente | tabla=sbox_jcarrion.stg_teams_validation_data
2026-01-28 13:00:46 - app - INFO - Iniciando MERGE | staging=stg_teams_validation_data | tabla_final=teams_validation_data
2026-01-28 13:00:49 - app - INFO - MERGE completado exitosamente | tabla_final=teams_validation_data
2026-01-28 13:00:49 - app - INFO - Carga BigQuery finalizada correctamente | tabla=teams_validation_data
2026-01-28 13:00:49 - app - INFO - Lote 31 persistido en BigQuery | registros=5
2026-01-28 13:00:50 - app - INFO - Procesando lote 32 | registros=5
2026-01-28 13:00:50 - app - INFO - Iniciando envío de 5 formularios
2026-01-28 13:00:50 - app - INFO - Ejecutando get_array
2026-01-28 13:00:56 - app - INFO - Request enviado | request_id=07df1d63c3e8407aadba4b3a405ad002eb145b69407fb44fe0d302ec192dd4b9 | destinatario=ext_jcarrion@Falabella.cl | status=202
2026-01-28 13:00:56 - app - INFO - 1/5 - ext_jcarrion@Falabella.cl - status:202
2026-01-28 13:00:56 - app - INFO - Ejecutando get_array
2026-01-28 13:00:58 - app - INFO - Request enviado | request_id=dc6204a96106f0ca38c4f38cfd3d0acff44a448677ae7f1c09dcac625bc68c3e | destinatario=ext_jcarrion@Falabella.cl | status=202
2026-01-28 13:00:58 - app - INFO - 2/5 - ext_jcarrion@Falabella.cl - status:202
2026-01-28 13:00:58 - app - INFO - Ejecutando get_array
2026-01-28 13:01:01 - app - INFO - Request enviado | request_id=70e29a47ee6276c39b3fb477af8f46a744e59e1d81cd4d434f6edeeaa72883da | destinatario=ext_jcarrion@Falabella.cl | status=202
2026-01-28 13:01:01 - app - INFO - 3/5 - ext_jcarrion@Falabella.cl - status:202
2026-01-28 13:01:01 - app - INFO - Ejecutando get_array
2026-01-28 13:01:04 - app - INFO - Request enviado | request_id=3ae30b0d29b5e76c27aef4f481160175da038ba20478b67fbf6c214c2080318e | destinatario=ext_jcarrion@Falabella.cl | status=202
2026-01-28 13:01:04 - app - INFO - 4/5 - ext_jcarrion@Falabella.cl - status:202
2026-01-28 13:01:04 - app - INFO - Ejecutando get_array
2026-01-28 13:01:15 - app - INFO - Request enviado | request_id=5b72aea578b246561b82264ee8c9aa2f6735df10b370ed968ecb8ffd931e80d5 | destinatario=ext_jcarrion@Falabella.cl | status=202
2026-01-28 13:01:15 - app - INFO - 5/5 - ext_jcarrion@Falabella.cl - status:202
2026-01-28 13:01:15 - app - INFO - Proceso de envío finalizado
2026-01-28 13:01:15 - app - INFO - Cargando datos en BigQuery | tabla=teams_validation_data | registros=5 | dropTable=False
2026-01-28 13:01:15 - app - INFO - Cargando datos a staging | tabla=stg_teams_validation_data | filas=5 | dropTable=False
2026-01-28 13:01:19 - app - INFO - Carga a staging completada exitosamente | tabla=sbox_jcarrion.stg_teams_validation_data
2026-01-28 13:01:19 - app - INFO - Iniciando MERGE | staging=stg_teams_validation_data | tabla_final=teams_validation_data
2026-01-28 13:01:23 - app - INFO - MERGE completado exitosamente | tabla_final=teams_validation_data
2026-01-28 13:01:23 - app - INFO - Carga BigQuery finalizada correctamente | tabla=teams_validation_data
2026-01-28 13:01:23 - app - INFO - Lote 32 persistido en BigQuery | registros=5
2026-01-28 13:01:24 - app - INFO - Procesando lote 33 | registros=5
2026-01-28 13:01:24 - app - INFO - Iniciando envío de 5 formularios
2026-01-28 13:01:24 - app - INFO - Ejecutando get_array
2026-01-28 13:01:36 - app - INFO - Request enviado | request_id=2822b22c3cf5595e4e5ca5f2682cf7b6fbccc62e801e161ddc7a545cf0d2aa51 | destinatario=ext_jcarrion@Falabella.cl | status=202
2026-01-28 13:01:36 - app - INFO - 1/5 - ext_jcarrion@Falabella.cl - status:202
2026-01-28 13:01:36 - app - INFO - Ejecutando get_array
2026-01-28 13:01:38 - app - INFO - Request enviado | request_id=1e27e076ae3490327b581d1571ff63d04033f7104b45d737d31e93a9932cf12b | destinatario=ext_jcarrion@Falabella.cl | status=202
2026-01-28 13:01:38 - app - INFO - 2/5 - ext_jcarrion@Falabella.cl - status:202
2026-01-28 13:01:38 - app - INFO - Ejecutando get_array
2026-01-28 13:01:41 - app - INFO - Request enviado | request_id=f06c109642efd54c6ce69d5209090b4b28dbc2913923770685588299840392a7 | destinatario=ext_jcarrion@Falabella.cl | status=202
2026-01-28 13:01:41 - app - INFO - 3/5 - ext_jcarrion@Falabella.cl - status:202
2026-01-28 13:01:41 - app - INFO - Ejecutando get_array
2026-01-28 13:01:43 - app - INFO - Request enviado | request_id=f1b3a1d70b1303edde4aa62fcbde057d7a5bb17ee12b9359172868be0622529f | destinatario=ext_jcarrion@Falabella.cl | status=202
2026-01-28 13:01:43 - app - INFO - 4/5 - ext_jcarrion@Falabella.cl - status:202
2026-01-28 13:01:43 - app - INFO - Ejecutando get_array
2026-01-28 13:01:46 - app - INFO - Request enviado | request_id=7e7d6aea5748e81a3c58634a33d3eaf6f4ab1602fbd8c34baca4e5ee0b2b3fab | destinatario=ext_jcarrion@Falabella.cl | status=202
2026-01-28 13:01:46 - app - INFO - 5/5 - ext_jcarrion@Falabella.cl - status:202
2026-01-28 13:01:46 - app - INFO - Proceso de envío finalizado
2026-01-28 13:01:46 - app - INFO - Cargando datos en BigQuery | tabla=teams_validation_data | registros=5 | dropTable=False
2026-01-28 13:01:46 - app - INFO - Cargando datos a staging | tabla=stg_teams_validation_data | filas=5 | dropTable=False
2026-01-28 13:01:50 - app - INFO - Carga a staging completada exitosamente | tabla=sbox_jcarrion.stg_teams_validation_data
2026-01-28 13:01:50 - app - INFO - Iniciando MERGE | staging=stg_teams_validation_data | tabla_final=teams_validation_data
2026-01-28 13:01:53 - app - INFO - MERGE completado exitosamente | tabla_final=teams_validation_data
2026-01-28 13:01:53 - app - INFO - Carga BigQuery finalizada correctamente | tabla=teams_validation_data
2026-01-28 13:01:53 - app - INFO - Lote 33 persistido en BigQuery | registros=5
2026-01-28 13:01:54 - app - INFO - Procesando lote 34 | registros=5
2026-01-28 13:01:54 - app - INFO - Iniciando envío de 5 formularios
2026-01-28 13:01:54 - app - INFO - Ejecutando get_array
2026-01-28 13:01:57 - app - INFO - Request enviado | request_id=23434554a0eb78e9747932936ab918cf747f41b41250ae3cb67e19cc4d6e08b9 | destinatario=ext_jcarrion@Falabella.cl | status=202
2026-01-28 13:01:57 - app - INFO - 1/5 - ext_jcarrion@Falabella.cl - status:202
2026-01-28 13:01:57 - app - INFO - Ejecutando get_array
2026-01-28 13:02:00 - app - INFO - Request enviado | request_id=02056498f322c76554937a50c8b9ac43d069324685ca91cd24601707c9b7956a | destinatario=ext_jcarrion@Falabella.cl | status=202
2026-01-28 13:02:00 - app - INFO - 2/5 - ext_jcarrion@Falabella.cl - status:202
2026-01-28 13:02:00 - app - INFO - Ejecutando get_array
2026-01-28 13:02:02 - app - INFO - Request enviado | request_id=106e19ec4119461f36639c57634325c732d90ad27a4697137be1b2a16560a703 | destinatario=ext_jcarrion@Falabella.cl | status=202
2026-01-28 13:02:02 - app - INFO - 3/5 - ext_jcarrion@Falabella.cl - status:202
2026-01-28 13:02:02 - app - INFO - Ejecutando get_array
2026-01-28 13:02:05 - app - INFO - Request enviado | request_id=35bd13ac3089d4bfc7bd81261fec79ec5d1ec8fef9f09e144982344321941513 | destinatario=ext_jcarrion@Falabella.cl | status=202
2026-01-28 13:02:05 - app - INFO - 4/5 - ext_jcarrion@Falabella.cl - status:202
2026-01-28 13:02:05 - app - INFO - Ejecutando get_array
2026-01-28 13:02:07 - app - INFO - Request enviado | request_id=36c82b37e10d52861ef1ccb13e528102ac694ef86a5ce593f8ee52d20dad78e9 | destinatario=ext_jcarrion@Falabella.cl | status=202
2026-01-28 13:02:07 - app - INFO - 5/5 - ext_jcarrion@Falabella.cl - status:202
2026-01-28 13:02:07 - app - INFO - Proceso de envío finalizado
2026-01-28 13:02:07 - app - INFO - Cargando datos en BigQuery | tabla=teams_validation_data | registros=5 | dropTable=False
2026-01-28 13:02:07 - app - INFO - Cargando datos a staging | tabla=stg_teams_validation_data | filas=5 | dropTable=False
2026-01-28 13:02:11 - app - INFO - Carga a staging completada exitosamente | tabla=sbox_jcarrion.stg_teams_validation_data
2026-01-28 13:02:11 - app - INFO - Iniciando MERGE | staging=stg_teams_validation_data | tabla_final=teams_validation_data
2026-01-28 13:02:14 - app - INFO - MERGE completado exitosamente | tabla_final=teams_validation_data
2026-01-28 13:02:14 - app - INFO - Carga BigQuery finalizada correctamente | tabla=teams_validation_data
2026-01-28 13:02:14 - app - INFO - Lote 34 persistido en BigQuery | registros=5
2026-01-28 13:02:15 - app - INFO - Procesando lote 35 | registros=5
2026-01-28 13:02:15 - app - INFO - Iniciando envío de 5 formularios
2026-01-28 13:02:15 - app - INFO - Ejecutando get_array
2026-01-28 13:02:18 - app - INFO - Request enviado | request_id=ca573f549d157e426f39fdb2561b989eb80145c3ca2bf913b5d3f511852c8530 | destinatario=ext_jcarrion@Falabella.cl | status=202
2026-01-28 13:02:18 - app - INFO - 1/5 - ext_jcarrion@Falabella.cl - status:202
2026-01-28 13:02:18 - app - INFO - Ejecutando get_array
2026-01-28 13:02:20 - app - INFO - Request enviado | request_id=d344ae27059ccdf79a03120574e4ffbf1aa3b4f86fd16f460ab65e6d8582871f | destinatario=ext_jcarrion@Falabella.cl | status=202
2026-01-28 13:02:20 - app - INFO - 2/5 - ext_jcarrion@Falabella.cl - status:202
2026-01-28 13:02:20 - app - INFO - Ejecutando get_array
2026-01-28 13:02:23 - app - INFO - Request enviado | request_id=7b3e6ffe3a029a18b9d6d42ad56487ccc569cf46c82485c05c2cd0ab5439feac | destinatario=ext_jcarrion@Falabella.cl | status=202
2026-01-28 13:02:23 - app - INFO - 3/5 - ext_jcarrion@Falabella.cl - status:202
2026-01-28 13:02:23 - app - INFO - Ejecutando get_array
2026-01-28 13:02:26 - app - INFO - Request enviado | request_id=144a2b23929884394eaeebb81a442a73c7df7ba82ec701e7e8cd720655fc73e7 | destinatario=ext_jcarrion@Falabella.cl | status=202
2026-01-28 13:02:26 - app - INFO - 4/5 - ext_jcarrion@Falabella.cl - status:202
2026-01-28 13:02:26 - app - INFO - Ejecutando get_array
2026-01-28 13:02:28 - app - INFO - Request enviado | request_id=58331afbf157ba3cf1635e189ba018e42df80b5676e444a44fad253746b47669 | destinatario=ext_jcarrion@Falabella.cl | status=202
2026-01-28 13:02:28 - app - INFO - 5/5 - ext_jcarrion@Falabella.cl - status:202
2026-01-28 13:02:28 - app - INFO - Proceso de envío finalizado
2026-01-28 13:02:28 - app - INFO - Cargando datos en BigQuery | tabla=teams_validation_data | registros=5 | dropTable=False
2026-01-28 13:02:28 - app - INFO - Cargando datos a staging | tabla=stg_teams_validation_data | filas=5 | dropTable=False
2026-01-28 13:02:32 - app - INFO - Carga a staging completada exitosamente | tabla=sbox_jcarrion.stg_teams_validation_data
2026-01-28 13:02:32 - app - INFO - Iniciando MERGE | staging=stg_teams_validation_data | tabla_final=teams_validation_data
2026-01-28 13:02:37 - app - INFO - MERGE completado exitosamente | tabla_final=teams_validation_data
2026-01-28 13:02:37 - app - INFO - Carga BigQuery finalizada correctamente | tabla=teams_validation_data
2026-01-28 13:02:37 - app - INFO - Lote 35 persistido en BigQuery | registros=5
2026-01-28 13:02:38 - app - INFO - Procesando lote 36 | registros=5
2026-01-28 13:02:38 - app - INFO - Iniciando envío de 5 formularios
2026-01-28 13:02:38 - app - INFO - Ejecutando get_array
2026-01-28 13:02:40 - app - INFO - Request enviado | request_id=a1dd3a872f604e98fba4ec58019626c56448c15175a4a6844aa1e91c2cead05d | destinatario=ext_jcarrion@Falabella.cl | status=202
2026-01-28 13:02:40 - app - INFO - 1/5 - ext_jcarrion@Falabella.cl - status:202
2026-01-28 13:02:40 - app - INFO - Ejecutando get_array
2026-01-28 13:02:58 - app - INFO - Request enviado | request_id=23af7e6fea9f090e74efac1fcd3e5648254c123e1e172db7dabf8dec6591529f | destinatario=ext_jcarrion@Falabella.cl | status=202
2026-01-28 13:02:58 - app - INFO - 2/5 - ext_jcarrion@Falabella.cl - status:202
2026-01-28 13:02:58 - app - INFO - Ejecutando get_array
2026-01-28 13:03:01 - app - INFO - Request enviado | request_id=91152750533600b936543321a998dc7190d3e409346d8f6dda918d2b61e19f0a | destinatario=ext_jcarrion@Falabella.cl | status=202
2026-01-28 13:03:01 - app - INFO - 3/5 - ext_jcarrion@Falabella.cl - status:202
2026-01-28 13:03:01 - app - INFO - Ejecutando get_array
2026-01-28 13:03:04 - app - INFO - Request enviado | request_id=11a23dc3cdd22fbce87cc8b58e363d9c46773e16dacaffd57ebb28c0df6e763f | destinatario=ext_jcarrion@Falabella.cl | status=202
2026-01-28 13:03:04 - app - INFO - 4/5 - ext_jcarrion@Falabella.cl - status:202
2026-01-28 13:03:04 - app - INFO - Ejecutando get_array
2026-01-28 13:03:06 - app - INFO - Request enviado | request_id=6240df9814b424dba211050e94d753913ff26fea86269d7b03b02858e84fc349 | destinatario=ext_jcarrion@Falabella.cl | status=202
2026-01-28 13:03:06 - app - INFO - 5/5 - ext_jcarrion@Falabella.cl - status:202
2026-01-28 13:03:06 - app - INFO - Proceso de envío finalizado
2026-01-28 13:03:06 - app - INFO - Cargando datos en BigQuery | tabla=teams_validation_data | registros=5 | dropTable=False
2026-01-28 13:03:06 - app - INFO - Cargando datos a staging | tabla=stg_teams_validation_data | filas=5 | dropTable=False
2026-01-28 13:03:11 - app - INFO - Carga a staging completada exitosamente | tabla=sbox_jcarrion.stg_teams_validation_data
2026-01-28 13:03:11 - app - INFO - Iniciando MERGE | staging=stg_teams_validation_data | tabla_final=teams_validation_data
2026-01-28 13:03:14 - app - INFO - MERGE completado exitosamente | tabla_final=teams_validation_data
2026-01-28 13:03:14 - app - INFO - Carga BigQuery finalizada correctamente | tabla=teams_validation_data
2026-01-28 13:03:14 - app - INFO - Lote 36 persistido en BigQuery | registros=5
2026-01-28 13:03:15 - app - INFO - Procesando lote 37 | registros=5
2026-01-28 13:03:15 - app - INFO - Iniciando envío de 5 formularios
2026-01-28 13:03:15 - app - INFO - Ejecutando get_array
2026-01-28 13:03:18 - app - INFO - Request enviado | request_id=73330e4e2db0ad9bf13549e8fdcec5d44c82cc7491fa1879573f5ee29b680f84 | destinatario=ext_jcarrion@Falabella.cl | status=202
2026-01-28 13:03:18 - app - INFO - 1/5 - ext_jcarrion@Falabella.cl - status:202
2026-01-28 13:03:18 - app - INFO - Ejecutando get_array
2026-01-28 13:03:20 - app - INFO - Request enviado | request_id=9f4967dce3a5bd2adcb805909bfa1b272fa082431f426e9d72df661b4280ede3 | destinatario=ext_jcarrion@Falabella.cl | status=202
2026-01-28 13:03:20 - app - INFO - 2/5 - ext_jcarrion@Falabella.cl - status:202
2026-01-28 13:03:20 - app - INFO - Ejecutando get_array
2026-01-28 13:03:23 - app - INFO - Request enviado | request_id=7320638b68e75b5bd47b1b0764e8f4abfe41a033382da583f66ed4c306abf66b | destinatario=ext_jcarrion@Falabella.cl | status=202
2026-01-28 13:03:23 - app - INFO - 3/5 - ext_jcarrion@Falabella.cl - status:202
2026-01-28 13:03:23 - app - INFO - Ejecutando get_array
2026-01-28 13:03:25 - app - INFO - Request enviado | request_id=01ece0ac8ae31d5dec42000ee76b14e10ed0742a45224347a35d07ed757aa19d | destinatario=ext_jcarrion@Falabella.cl | status=202
2026-01-28 13:03:25 - app - INFO - 4/5 - ext_jcarrion@Falabella.cl - status:202
2026-01-28 13:03:25 - app - INFO - Ejecutando get_array
2026-01-28 13:03:28 - app - INFO - Request enviado | request_id=b08bcf4fcfa9316ce0d44d11eb3c480fe1e5c82312aec68fa6008204fc43e96b | destinatario=ext_jcarrion@Falabella.cl | status=202
2026-01-28 13:03:28 - app - INFO - 5/5 - ext_jcarrion@Falabella.cl - status:202
2026-01-28 13:03:28 - app - INFO - Proceso de envío finalizado
2026-01-28 13:03:28 - app - INFO - Cargando datos en BigQuery | tabla=teams_validation_data | registros=5 | dropTable=False
2026-01-28 13:03:28 - app - INFO - Cargando datos a staging | tabla=stg_teams_validation_data | filas=5 | dropTable=False
2026-01-28 13:03:31 - app - INFO - Carga a staging completada exitosamente | tabla=sbox_jcarrion.stg_teams_validation_data
2026-01-28 13:03:31 - app - INFO - Iniciando MERGE | staging=stg_teams_validation_data | tabla_final=teams_validation_data
2026-01-28 13:03:35 - app - INFO - MERGE completado exitosamente | tabla_final=teams_validation_data
2026-01-28 13:03:35 - app - INFO - Carga BigQuery finalizada correctamente | tabla=teams_validation_data
2026-01-28 13:03:35 - app - INFO - Lote 37 persistido en BigQuery | registros=5
2026-01-28 13:03:36 - app - INFO - Procesando lote 38 | registros=5
2026-01-28 13:03:36 - app - INFO - Iniciando envío de 5 formularios
2026-01-28 13:03:36 - app - INFO - Ejecutando get_array
2026-01-28 13:03:38 - app - INFO - Request enviado | request_id=4d07100a35b5a31f4a345e54ac6263edf60f0d9443b1bfb4cd0af9ce613ff5fc | destinatario=ext_jcarrion@Falabella.cl | status=202
2026-01-28 13:03:38 - app - INFO - 1/5 - ext_jcarrion@Falabella.cl - status:202
2026-01-28 13:03:38 - app - INFO - Ejecutando get_array
2026-01-28 13:03:41 - app - INFO - Request enviado | request_id=97d7837515be479f960659322b076c36c41ac5d42157359d4bf63849eaa77876 | destinatario=ext_jcarrion@Falabella.cl | status=202
2026-01-28 13:03:41 - app - INFO - 2/5 - ext_jcarrion@Falabella.cl - status:202
2026-01-28 13:03:41 - app - INFO - Ejecutando get_array
2026-01-28 13:03:43 - app - INFO - Request enviado | request_id=733c2485432f8270daec9dd75bec3fa6ae4f0f79ab41030a6c274cfe752a13e1 | destinatario=ext_jcarrion@Falabella.cl | status=202
2026-01-28 13:03:43 - app - INFO - 3/5 - ext_jcarrion@Falabella.cl - status:202
2026-01-28 13:03:43 - app - INFO - Ejecutando get_array
2026-01-28 13:03:46 - app - INFO - Request enviado | request_id=e9ec0a272176d226f996118c3c17ed637bcdce4ec84e3475b3fd9349da07b76a | destinatario=ext_jcarrion@Falabella.cl | status=202
2026-01-28 13:03:46 - app - INFO - 4/5 - ext_jcarrion@Falabella.cl - status:202
2026-01-28 13:03:46 - app - INFO - Ejecutando get_array
2026-01-28 13:03:49 - app - INFO - Request enviado | request_id=553ea23e694f5a7ba49ca14b7a34011bda80d754349d541efa851f9c092dcda0 | destinatario=ext_jcarrion@Falabella.cl | status=202
2026-01-28 13:03:49 - app - INFO - 5/5 - ext_jcarrion@Falabella.cl - status:202
2026-01-28 13:03:49 - app - INFO - Proceso de envío finalizado
2026-01-28 13:03:49 - app - INFO - Cargando datos en BigQuery | tabla=teams_validation_data | registros=5 | dropTable=False
2026-01-28 13:03:49 - app - INFO - Cargando datos a staging | tabla=stg_teams_validation_data | filas=5 | dropTable=False
2026-01-28 13:03:55 - app - INFO - Carga a staging completada exitosamente | tabla=sbox_jcarrion.stg_teams_validation_data
2026-01-28 13:03:55 - app - INFO - Iniciando MERGE | staging=stg_teams_validation_data | tabla_final=teams_validation_data
2026-01-28 13:03:58 - app - INFO - MERGE completado exitosamente | tabla_final=teams_validation_data
2026-01-28 13:03:58 - app - INFO - Carga BigQuery finalizada correctamente | tabla=teams_validation_data
2026-01-28 13:03:58 - app - INFO - Lote 38 persistido en BigQuery | registros=5
2026-01-28 13:03:59 - app - INFO - Procesando lote 39 | registros=5
2026-01-28 13:03:59 - app - INFO - Iniciando envío de 5 formularios
2026-01-28 13:03:59 - app - INFO - Ejecutando get_array
2026-01-28 13:04:02 - app - INFO - Request enviado | request_id=65b5f66d958ee1dcdabeeb1966cadce52ca89f1d0ddcf2f118bc400053697fdd | destinatario=ext_jcarrion@Falabella.cl | status=202
2026-01-28 13:04:02 - app - INFO - 1/5 - ext_jcarrion@Falabella.cl - status:202
2026-01-28 13:04:02 - app - INFO - Ejecutando get_array
2026-01-28 13:04:04 - app - INFO - Request enviado | request_id=822c19b44ad9eba53a4aabd5441a2923445486f7223fc8168581a7ce794fe6c4 | destinatario=ext_jcarrion@Falabella.cl | status=202
2026-01-28 13:04:04 - app - INFO - 2/5 - ext_jcarrion@Falabella.cl - status:202
2026-01-28 13:04:04 - app - INFO - Ejecutando get_array
2026-01-28 13:04:07 - app - INFO - Request enviado | request_id=d46b5fb8aa8c7d58fd48a6a287a5bcea9502da21f5716908fdae007492cae6f5 | destinatario=ext_jcarrion@Falabella.cl | status=202
2026-01-28 13:04:07 - app - INFO - 3/5 - ext_jcarrion@Falabella.cl - status:202
2026-01-28 13:04:07 - app - INFO - Ejecutando get_array
2026-01-28 13:04:09 - app - INFO - Request enviado | request_id=484c338e3320bd0c012a8586e656db7c881eea931450bff8764fa4a0620fc990 | destinatario=ext_jcarrion@Falabella.cl | status=202
2026-01-28 13:04:09 - app - INFO - 4/5 - ext_jcarrion@Falabella.cl - status:202
2026-01-28 13:04:09 - app - INFO - Ejecutando get_array
2026-01-28 13:04:12 - app - INFO - Request enviado | request_id=487af6d7bd889d5b4f3be6965b97c4909cd7f9cfef137cc0d7026a476918bc00 | destinatario=ext_jcarrion@Falabella.cl | status=202
2026-01-28 13:04:12 - app - INFO - 5/5 - ext_jcarrion@Falabella.cl - status:202
2026-01-28 13:04:12 - app - INFO - Proceso de envío finalizado
2026-01-28 13:04:12 - app - INFO - Cargando datos en BigQuery | tabla=teams_validation_data | registros=5 | dropTable=False
2026-01-28 13:04:12 - app - INFO - Cargando datos a staging | tabla=stg_teams_validation_data | filas=5 | dropTable=False
2026-01-28 13:04:16 - app - INFO - Carga a staging completada exitosamente | tabla=sbox_jcarrion.stg_teams_validation_data
2026-01-28 13:04:16 - app - INFO - Iniciando MERGE | staging=stg_teams_validation_data | tabla_final=teams_validation_data
2026-01-28 13:04:20 - app - INFO - MERGE completado exitosamente | tabla_final=teams_validation_data
2026-01-28 13:04:20 - app - INFO - Carga BigQuery finalizada correctamente | tabla=teams_validation_data
2026-01-28 13:04:20 - app - INFO - Lote 39 persistido en BigQuery | registros=5
2026-01-28 13:04:21 - app - INFO - Procesando lote 40 | registros=5
2026-01-28 13:04:21 - app - INFO - Iniciando envío de 5 formularios
2026-01-28 13:04:21 - app - INFO - Ejecutando get_array
2026-01-28 13:04:24 - app - INFO - Request enviado | request_id=eba1607888abac083b33139bffabbd20e899deac38ef5d2c822b220c195a9763 | destinatario=ext_jcarrion@Falabella.cl | status=202
2026-01-28 13:04:24 - app - INFO - 1/5 - ext_jcarrion@Falabella.cl - status:202
2026-01-28 13:04:24 - app - INFO - Ejecutando get_array
2026-01-28 13:04:26 - app - INFO - Request enviado | request_id=07af001ec2a95ecb197b48feefeca43d1366d4c7f0090d58fecb5f9d833b1c73 | destinatario=ext_jcarrion@Falabella.cl | status=202
2026-01-28 13:04:26 - app - INFO - 2/5 - ext_jcarrion@Falabella.cl - status:202
2026-01-28 13:04:26 - app - INFO - Ejecutando get_array
2026-01-28 13:04:29 - app - INFO - Request enviado | request_id=c90fc14eae7a51e3f65503695edca8b85019fd83cca2a409baacacb33941b0c9 | destinatario=ext_jcarrion@Falabella.cl | status=202
2026-01-28 13:04:29 - app - INFO - 3/5 - ext_jcarrion@Falabella.cl - status:202
2026-01-28 13:04:29 - app - INFO - Ejecutando get_array
2026-01-28 13:04:32 - app - INFO - Request enviado | request_id=7065bc10f33620d66158fd8ad20612b25878357848f5a596f3090d45ea9599a7 | destinatario=ext_jcarrion@Falabella.cl | status=202
2026-01-28 13:04:32 - app - INFO - 4/5 - ext_jcarrion@Falabella.cl - status:202
2026-01-28 13:04:32 - app - INFO - Ejecutando get_array
2026-01-28 13:04:34 - app - INFO - Request enviado | request_id=b23ebec2eddc860171641723e1c1cbb7286d95ade1b277b5b2cc35091cf92e38 | destinatario=ext_jcarrion@Falabella.cl | status=202
2026-01-28 13:04:34 - app - INFO - 5/5 - ext_jcarrion@Falabella.cl - status:202
2026-01-28 13:04:34 - app - INFO - Proceso de envío finalizado
2026-01-28 13:04:34 - app - INFO - Cargando datos en BigQuery | tabla=teams_validation_data | registros=5 | dropTable=False
2026-01-28 13:04:34 - app - INFO - Cargando datos a staging | tabla=stg_teams_validation_data | filas=5 | dropTable=False
2026-01-28 13:04:48 - app - INFO - Carga a staging completada exitosamente | tabla=sbox_jcarrion.stg_teams_validation_data
2026-01-28 13:04:48 - app - INFO - Iniciando MERGE | staging=stg_teams_validation_data | tabla_final=teams_validation_data
2026-01-28 13:04:51 - app - INFO - MERGE completado exitosamente | tabla_final=teams_validation_data
2026-01-28 13:04:51 - app - INFO - Carga BigQuery finalizada correctamente | tabla=teams_validation_data
2026-01-28 13:04:51 - app - INFO - Lote 40 persistido en BigQuery | registros=5
2026-01-28 13:04:52 - app - INFO - Procesando lote 41 | registros=5
2026-01-28 13:04:52 - app - INFO - Iniciando envío de 5 formularios
2026-01-28 13:04:52 - app - INFO - Ejecutando get_array
2026-01-28 13:04:54 - app - INFO - Request enviado | request_id=4f24ae8c0d4d4d62ac90976ece09edfe08463ed240d33b349b649bddd676c0e4 | destinatario=ext_jcarrion@Falabella.cl | status=202
2026-01-28 13:04:54 - app - INFO - 1/5 - ext_jcarrion@Falabella.cl - status:202
2026-01-28 13:04:54 - app - INFO - Ejecutando get_array
2026-01-28 13:04:57 - app - INFO - Request enviado | request_id=8530db48621245d58bb9c6f1615ad96a3f9b232014934817875f20f6670ebead | destinatario=ext_jcarrion@Falabella.cl | status=202
2026-01-28 13:04:57 - app - INFO - 2/5 - ext_jcarrion@Falabella.cl - status:202
2026-01-28 13:04:57 - app - INFO - Ejecutando get_array
2026-01-28 13:05:00 - app - INFO - Request enviado | request_id=eed9712404b7b534e1628dcff0f842052e6ea7200066c6ed7a39003fbf816089 | destinatario=ext_jcarrion@Falabella.cl | status=202
2026-01-28 13:05:00 - app - INFO - 3/5 - ext_jcarrion@Falabella.cl - status:202
2026-01-28 13:05:00 - app - INFO - Ejecutando get_array
2026-01-28 13:05:02 - app - INFO - Request enviado | request_id=8eb178c88cf9c02ebf76f11727a70b2979e6f8824f3d51a40b728ce7f6eea2c9 | destinatario=ext_jcarrion@Falabella.cl | status=202
2026-01-28 13:05:02 - app - INFO - 4/5 - ext_jcarrion@Falabella.cl - status:202
2026-01-28 13:05:02 - app - INFO - Ejecutando get_array
2026-01-28 13:05:06 - app - INFO - Request enviado | request_id=e1050d6cca848bc2c861687fd9a867dc1b26449ed05b068d82cca68bc0b4bd63 | destinatario=ext_jcarrion@Falabella.cl | status=202
2026-01-28 13:05:06 - app - INFO - 5/5 - ext_jcarrion@Falabella.cl - status:202
2026-01-28 13:05:06 - app - INFO - Proceso de envío finalizado
2026-01-28 13:05:06 - app - INFO - Cargando datos en BigQuery | tabla=teams_validation_data | registros=5 | dropTable=False
2026-01-28 13:05:06 - app - INFO - Cargando datos a staging | tabla=stg_teams_validation_data | filas=5 | dropTable=False
2026-01-28 13:05:10 - app - INFO - Carga a staging completada exitosamente | tabla=sbox_jcarrion.stg_teams_validation_data
2026-01-28 13:05:10 - app - INFO - Iniciando MERGE | staging=stg_teams_validation_data | tabla_final=teams_validation_data
2026-01-28 13:05:14 - app - INFO - MERGE completado exitosamente | tabla_final=teams_validation_data
2026-01-28 13:05:14 - app - INFO - Carga BigQuery finalizada correctamente | tabla=teams_validation_data
2026-01-28 13:05:14 - app - INFO - Lote 41 persistido en BigQuery | registros=5
2026-01-28 13:05:15 - app - INFO - Procesando lote 42 | registros=5
2026-01-28 13:05:15 - app - INFO - Iniciando envío de 5 formularios
2026-01-28 13:05:15 - app - INFO - Ejecutando get_array
2026-01-28 13:05:17 - app - INFO - Request enviado | request_id=9a376f8ebb7803154ada61914a48679092c501524ad25b13fabbb31b7504ea3f | destinatario=ext_jcarrion@Falabella.cl | status=202
2026-01-28 13:05:17 - app - INFO - 1/5 - ext_jcarrion@Falabella.cl - status:202
2026-01-28 13:05:17 - app - INFO - Ejecutando get_array
2026-01-28 13:05:20 - app - INFO - Request enviado | request_id=e08c5585454a298dc653792321e88c08a3e6fc38f9647bb53e8a6e4aad57bc1e | destinatario=ext_jcarrion@Falabella.cl | status=202
2026-01-28 13:05:20 - app - INFO - 2/5 - ext_jcarrion@Falabella.cl - status:202
2026-01-28 13:05:20 - app - INFO - Ejecutando get_array
2026-01-28 13:05:22 - app - INFO - Request enviado | request_id=2055c6a0c73fd30fa0669360643b0194f5908beab5c3e6a30d61f2cc6164a693 | destinatario=ext_jcarrion@Falabella.cl | status=202
2026-01-28 13:05:22 - app - INFO - 3/5 - ext_jcarrion@Falabella.cl - status:202
2026-01-28 13:05:22 - app - INFO - Ejecutando get_array
2026-01-28 13:05:25 - app - INFO - Request enviado | request_id=567772828a8d5197772e169140fc42ebd620a5c40c3c7afe2781396b2670ec5b | destinatario=ext_jcarrion@Falabella.cl | status=202
2026-01-28 13:05:25 - app - INFO - 4/5 - ext_jcarrion@Falabella.cl - status:202
2026-01-28 13:05:25 - app - INFO - Ejecutando get_array
2026-01-28 13:05:27 - app - INFO - Request enviado | request_id=466527e9c04a0ce9c9744dc4ca91ead7c33847466b5a260cf140a03c1341925b | destinatario=ext_jcarrion@Falabella.cl | status=202
2026-01-28 13:05:27 - app - INFO - 5/5 - ext_jcarrion@Falabella.cl - status:202
2026-01-28 13:05:27 - app - INFO - Proceso de envío finalizado
2026-01-28 13:05:27 - app - INFO - Cargando datos en BigQuery | tabla=teams_validation_data | registros=5 | dropTable=False
2026-01-28 13:05:28 - app - INFO - Cargando datos a staging | tabla=stg_teams_validation_data | filas=5 | dropTable=False
2026-01-28 13:05:31 - app - INFO - Carga a staging completada exitosamente | tabla=sbox_jcarrion.stg_teams_validation_data
2026-01-28 13:05:31 - app - INFO - Iniciando MERGE | staging=stg_teams_validation_data | tabla_final=teams_validation_data
2026-01-28 13:05:35 - app - INFO - MERGE completado exitosamente | tabla_final=teams_validation_data
2026-01-28 13:05:35 - app - INFO - Carga BigQuery finalizada correctamente | tabla=teams_validation_data
2026-01-28 13:05:35 - app - INFO - Lote 42 persistido en BigQuery | registros=5
2026-01-28 13:05:36 - app - INFO - Procesando lote 43 | registros=5
2026-01-28 13:05:36 - app - INFO - Iniciando envío de 5 formularios
2026-01-28 13:05:36 - app - INFO - Ejecutando get_array
2026-01-28 13:05:38 - app - INFO - Request enviado | request_id=99f05e81d14ecc52786a99437f29195526845361db828c602be369b118c81385 | destinatario=ext_jcarrion@Falabella.cl | status=202
2026-01-28 13:05:38 - app - INFO - 1/5 - ext_jcarrion@Falabella.cl - status:202
2026-01-28 13:05:38 - app - INFO - Ejecutando get_array
2026-01-28 13:05:41 - app - INFO - Request enviado | request_id=bf39407435083a7c28461f2f8a9ab109406a23e4c1a1e9c3ba5cea830b5be352 | destinatario=ext_jcarrion@Falabella.cl | status=202
2026-01-28 13:05:41 - app - INFO - 2/5 - ext_jcarrion@Falabella.cl - status:202
2026-01-28 13:05:41 - app - INFO - Ejecutando get_array
2026-01-28 13:05:43 - app - INFO - Request enviado | request_id=1a08c2190c3e1fc940661ce95eee220bfd9f6397c4d78c33e9571faf962c4307 | destinatario=ext_jcarrion@Falabella.cl | status=202
2026-01-28 13:05:43 - app - INFO - 3/5 - ext_jcarrion@Falabella.cl - status:202
2026-01-28 13:05:43 - app - INFO - Ejecutando get_array
2026-01-28 13:05:46 - app - INFO - Request enviado | request_id=433f6093fa152619dbe5381d8d2d7cc413f98b4988d5c16a9d36bc2d5da089a1 | destinatario=ext_jcarrion@Falabella.cl | status=202
2026-01-28 13:05:46 - app - INFO - 4/5 - ext_jcarrion@Falabella.cl - status:202
2026-01-28 13:05:46 - app - INFO - Ejecutando get_array
2026-01-28 13:05:48 - app - INFO - Request enviado | request_id=23dbfc4c1642d372288116e9689e5121cb513cd5087f2613f5bcfcfdd6c31f16 | destinatario=ext_jcarrion@Falabella.cl | status=202
2026-01-28 13:05:48 - app - INFO - 5/5 - ext_jcarrion@Falabella.cl - status:202
2026-01-28 13:05:48 - app - INFO - Proceso de envío finalizado
2026-01-28 13:05:48 - app - INFO - Cargando datos en BigQuery | tabla=teams_validation_data | registros=5 | dropTable=False
2026-01-28 13:05:48 - app - INFO - Cargando datos a staging | tabla=stg_teams_validation_data | filas=5 | dropTable=False
2026-01-28 13:05:53 - app - INFO - Carga a staging completada exitosamente | tabla=sbox_jcarrion.stg_teams_validation_data
2026-01-28 13:05:53 - app - INFO - Iniciando MERGE | staging=stg_teams_validation_data | tabla_final=teams_validation_data
2026-01-28 13:05:56 - app - INFO - MERGE completado exitosamente | tabla_final=teams_validation_data
2026-01-28 13:05:56 - app - INFO - Carga BigQuery finalizada correctamente | tabla=teams_validation_data
2026-01-28 13:05:56 - app - INFO - Lote 43 persistido en BigQuery | registros=5
2026-01-28 13:05:57 - app - INFO - Procesando lote 44 | registros=5
2026-01-28 13:05:57 - app - INFO - Iniciando envío de 5 formularios
2026-01-28 13:05:57 - app - INFO - Ejecutando get_array
2026-01-28 13:06:00 - app - INFO - Request enviado | request_id=956eec181ad7c64b656f264924dfedbb2170e616077fbdcd98352cccaa672390 | destinatario=ext_jcarrion@Falabella.cl | status=202
2026-01-28 13:06:00 - app - INFO - 1/5 - ext_jcarrion@Falabella.cl - status:202
2026-01-28 13:06:00 - app - INFO - Ejecutando get_array
2026-01-28 13:06:02 - app - INFO - Request enviado | request_id=dab04b5f4d0e7b06b127a557e6ced0431a703146ca4c613b505e74e500d6e604 | destinatario=ext_jcarrion@Falabella.cl | status=202
2026-01-28 13:06:02 - app - INFO - 2/5 - ext_jcarrion@Falabella.cl - status:202
2026-01-28 13:06:02 - app - INFO - Ejecutando get_array
2026-01-28 13:06:05 - app - INFO - Request enviado | request_id=c8943dc23e0e5590c2d06221134394530e1ef8dcd1b5b293ff387efb11d54bf5 | destinatario=ext_jcarrion@Falabella.cl | status=202
2026-01-28 13:06:05 - app - INFO - 3/5 - ext_jcarrion@Falabella.cl - status:202
2026-01-28 13:06:05 - app - INFO - Ejecutando get_array
2026-01-28 13:06:08 - app - INFO - Request enviado | request_id=cb994df3224d5cca5526087fbb0027efd537fb54a7479bf585b9a67ae06d2c73 | destinatario=ext_jcarrion@Falabella.cl | status=202
2026-01-28 13:06:08 - app - INFO - 4/5 - ext_jcarrion@Falabella.cl - status:202
2026-01-28 13:06:08 - app - INFO - Ejecutando get_array
2026-01-28 13:06:10 - app - INFO - Request enviado | request_id=c375e842c55a17d466d410a6b236934ec5ead7845859c874bc35a8a9c4b20bb0 | destinatario=ext_jcarrion@Falabella.cl | status=202
2026-01-28 13:06:10 - app - INFO - 5/5 - ext_jcarrion@Falabella.cl - status:202
2026-01-28 13:06:10 - app - INFO - Proceso de envío finalizado
2026-01-28 13:06:10 - app - INFO - Cargando datos en BigQuery | tabla=teams_validation_data | registros=5 | dropTable=False
2026-01-28 13:06:10 - app - INFO - Cargando datos a staging | tabla=stg_teams_validation_data | filas=5 | dropTable=False
2026-01-28 13:06:15 - app - INFO - Carga a staging completada exitosamente | tabla=sbox_jcarrion.stg_teams_validation_data
2026-01-28 13:06:15 - app - INFO - Iniciando MERGE | staging=stg_teams_validation_data | tabla_final=teams_validation_data
2026-01-28 13:06:18 - app - INFO - MERGE completado exitosamente | tabla_final=teams_validation_data
2026-01-28 13:06:18 - app - INFO - Carga BigQuery finalizada correctamente | tabla=teams_validation_data
2026-01-28 13:06:18 - app - INFO - Lote 44 persistido en BigQuery | registros=5
2026-01-28 13:06:19 - app - INFO - Procesando lote 45 | registros=5
2026-01-28 13:06:19 - app - INFO - Iniciando envío de 5 formularios
2026-01-28 13:06:19 - app - INFO - Ejecutando get_array
2026-01-28 13:06:22 - app - INFO - Request enviado | request_id=43a117903c3bf71e6037c6f792d5ff30ca8fd163d36013e3402f4149c0c81c32 | destinatario=ext_jcarrion@Falabella.cl | status=202
2026-01-28 13:06:22 - app - INFO - 1/5 - ext_jcarrion@Falabella.cl - status:202
2026-01-28 13:06:22 - app - INFO - Ejecutando get_array
2026-01-28 13:06:24 - app - INFO - Request enviado | request_id=1f54158729ee45063ed0fd9497f1289eea9eff206ff35a8b46c45c63f56e7538 | destinatario=ext_jcarrion@Falabella.cl | status=202
2026-01-28 13:06:24 - app - INFO - 2/5 - ext_jcarrion@Falabella.cl - status:202
2026-01-28 13:06:24 - app - INFO - Ejecutando get_array
2026-01-28 13:06:27 - app - INFO - Request enviado | request_id=08cc24733123f759802ea572218cd9239f4aaf3ad83075d3f7c1092c98f8e962 | destinatario=ext_jcarrion@Falabella.cl | status=202
2026-01-28 13:06:27 - app - INFO - 3/5 - ext_jcarrion@Falabella.cl - status:202
2026-01-28 13:06:27 - app - INFO - Ejecutando get_array
2026-01-28 13:06:29 - app - INFO - Request enviado | request_id=3cd724cadc4848845792e5dd59aa66d8c17d60e2961633ebc9a1905e43897576 | destinatario=ext_jcarrion@Falabella.cl | status=202
2026-01-28 13:06:29 - app - INFO - 4/5 - ext_jcarrion@Falabella.cl - status:202
2026-01-28 13:06:29 - app - INFO - Ejecutando get_array
2026-01-28 13:06:32 - app - INFO - Request enviado | request_id=b036859e8120f93c63cc8aeb71d50cbc9419dfec1bc06db74284e2d84b6bcd18 | destinatario=ext_jcarrion@Falabella.cl | status=202
2026-01-28 13:06:32 - app - INFO - 5/5 - ext_jcarrion@Falabella.cl - status:202
2026-01-28 13:06:32 - app - INFO - Proceso de envío finalizado
2026-01-28 13:06:32 - app - INFO - Cargando datos en BigQuery | tabla=teams_validation_data | registros=5 | dropTable=False
2026-01-28 13:06:32 - app - INFO - Cargando datos a staging | tabla=stg_teams_validation_data | filas=5 | dropTable=False
2026-01-28 13:06:37 - app - INFO - Carga a staging completada exitosamente | tabla=sbox_jcarrion.stg_teams_validation_data
2026-01-28 13:06:37 - app - INFO - Iniciando MERGE | staging=stg_teams_validation_data | tabla_final=teams_validation_data
2026-01-28 13:06:40 - app - INFO - MERGE completado exitosamente | tabla_final=teams_validation_data
2026-01-28 13:06:40 - app - INFO - Carga BigQuery finalizada correctamente | tabla=teams_validation_data
2026-01-28 13:06:40 - app - INFO - Lote 45 persistido en BigQuery | registros=5
2026-01-28 13:06:41 - app - INFO - Procesando lote 46 | registros=5
2026-01-28 13:06:41 - app - INFO - Iniciando envío de 5 formularios
2026-01-28 13:06:41 - app - INFO - Ejecutando get_array
2026-01-28 13:06:43 - app - INFO - Request enviado | request_id=394a8e9f2913800f31ab5771af4aa4fcd2ab842b60584cfa3a270214eff41fba | destinatario=ext_jcarrion@Falabella.cl | status=202
2026-01-28 13:06:43 - app - INFO - 1/5 - ext_jcarrion@Falabella.cl - status:202
2026-01-28 13:06:43 - app - INFO - Ejecutando get_array
2026-01-28 13:06:46 - app - INFO - Request enviado | request_id=ac602843969701f9f8e28c84d2833a15ddd657fbf6f25987417b23b1ee9e974c | destinatario=ext_jcarrion@Falabella.cl | status=202
2026-01-28 13:06:46 - app - INFO - 2/5 - ext_jcarrion@Falabella.cl - status:202
2026-01-28 13:06:46 - app - INFO - Ejecutando get_array
2026-01-28 13:06:48 - app - INFO - Request enviado | request_id=2d11c530005f974d49c63f80974a68b86c94e5f3e936659116c0d94bda034dc8 | destinatario=ext_jcarrion@Falabella.cl | status=202
2026-01-28 13:06:48 - app - INFO - 3/5 - ext_jcarrion@Falabella.cl - status:202
2026-01-28 13:06:48 - app - INFO - Ejecutando get_array
2026-01-28 13:06:51 - app - INFO - Request enviado | request_id=b78ce81d2c9429a74bf3a8b38a661b5d11649a0c6a4ec9214a46a941fa129ca5 | destinatario=ext_jcarrion@Falabella.cl | status=202
2026-01-28 13:06:51 - app - INFO - 4/5 - ext_jcarrion@Falabella.cl - status:202
2026-01-28 13:06:51 - app - INFO - Ejecutando get_array
2026-01-28 13:06:53 - app - INFO - Request enviado | request_id=da7581a287b354d4ad8585605da9c7581658cb6e8869fb505e4be79853daf924 | destinatario=ext_jcarrion@Falabella.cl | status=202
2026-01-28 13:06:53 - app - INFO - 5/5 - ext_jcarrion@Falabella.cl - status:202
2026-01-28 13:06:53 - app - INFO - Proceso de envío finalizado
2026-01-28 13:06:53 - app - INFO - Cargando datos en BigQuery | tabla=teams_validation_data | registros=5 | dropTable=False
2026-01-28 13:06:53 - app - INFO - Cargando datos a staging | tabla=stg_teams_validation_data | filas=5 | dropTable=False
2026-01-28 13:06:58 - app - INFO - Carga a staging completada exitosamente | tabla=sbox_jcarrion.stg_teams_validation_data
2026-01-28 13:06:58 - app - INFO - Iniciando MERGE | staging=stg_teams_validation_data | tabla_final=teams_validation_data
2026-01-28 13:07:01 - app - INFO - MERGE completado exitosamente | tabla_final=teams_validation_data
2026-01-28 13:07:01 - app - INFO - Carga BigQuery finalizada correctamente | tabla=teams_validation_data
2026-01-28 13:07:01 - app - INFO - Lote 46 persistido en BigQuery | registros=5
2026-01-28 13:07:02 - app - INFO - Procesando lote 47 | registros=5
2026-01-28 13:07:02 - app - INFO - Iniciando envío de 5 formularios
2026-01-28 13:07:02 - app - INFO - Ejecutando get_array
2026-01-28 13:07:05 - app - INFO - Request enviado | request_id=278eda76c866f4d6f10c1a8ded32fc32fd701af5f6309628219484a376d3ef4b | destinatario=ext_jcarrion@Falabella.cl | status=202
2026-01-28 13:07:05 - app - INFO - 1/5 - ext_jcarrion@Falabella.cl - status:202
2026-01-28 13:07:05 - app - INFO - Ejecutando get_array
2026-01-28 13:07:08 - app - INFO - Request enviado | request_id=5d76c2fb4097a88d792532bc721230b5d2de15b8e9ccb6d99f5086c331971819 | destinatario=ext_jcarrion@Falabella.cl | status=202
2026-01-28 13:07:08 - app - INFO - 2/5 - ext_jcarrion@Falabella.cl - status:202
2026-01-28 13:07:08 - app - INFO - Ejecutando get_array
2026-01-28 13:07:10 - app - INFO - Request enviado | request_id=692bbba09953f55fa65bc6546a09114c0eef8740651dd043e2e77613346098db | destinatario=ext_jcarrion@Falabella.cl | status=202
2026-01-28 13:07:10 - app - INFO - 3/5 - ext_jcarrion@Falabella.cl - status:202
2026-01-28 13:07:10 - app - INFO - Ejecutando get_array
2026-01-28 13:07:13 - app - INFO - Request enviado | request_id=d721f1950cf858ceaadf5ad8eeb9390fca107940bec2dba14c6e34440dd568d0 | destinatario=ext_jcarrion@Falabella.cl | status=202
2026-01-28 13:07:13 - app - INFO - 4/5 - ext_jcarrion@Falabella.cl - status:202
2026-01-28 13:07:13 - app - INFO - Ejecutando get_array
2026-01-28 13:07:15 - app - INFO - Request enviado | request_id=1561176f877e9dfd859122a06f3ac8084edd5b4f1b9c777bdfd256648829d4f6 | destinatario=ext_jcarrion@Falabella.cl | status=202
2026-01-28 13:07:15 - app - INFO - 5/5 - ext_jcarrion@Falabella.cl - status:202
2026-01-28 13:07:15 - app - INFO - Proceso de envío finalizado
2026-01-28 13:07:15 - app - INFO - Cargando datos en BigQuery | tabla=teams_validation_data | registros=5 | dropTable=False
2026-01-28 13:07:15 - app - INFO - Cargando datos a staging | tabla=stg_teams_validation_data | filas=5 | dropTable=False
2026-01-28 13:07:20 - app - INFO - Carga a staging completada exitosamente | tabla=sbox_jcarrion.stg_teams_validation_data
2026-01-28 13:07:20 - app - INFO - Iniciando MERGE | staging=stg_teams_validation_data | tabla_final=teams_validation_data
2026-01-28 13:07:23 - app - INFO - MERGE completado exitosamente | tabla_final=teams_validation_data
2026-01-28 13:07:23 - app - INFO - Carga BigQuery finalizada correctamente | tabla=teams_validation_data
2026-01-28 13:07:23 - app - INFO - Lote 47 persistido en BigQuery | registros=5
2026-01-28 13:07:24 - app - INFO - Procesando lote 48 | registros=5
2026-01-28 13:07:24 - app - INFO - Iniciando envío de 5 formularios
2026-01-28 13:07:24 - app - INFO - Ejecutando get_array
2026-01-28 13:07:26 - app - INFO - Request enviado | request_id=7ae082bbfba18b25818476d9302465930cf1e1c9b7f9d7519bb9b5d60b54d828 | destinatario=ext_jcarrion@Falabella.cl | status=202
2026-01-28 13:07:26 - app - INFO - 1/5 - ext_jcarrion@Falabella.cl - status:202
2026-01-28 13:07:26 - app - INFO - Ejecutando get_array
2026-01-28 13:07:29 - app - INFO - Request enviado | request_id=3be295528db25d0eb65ae2c66253b8126defb3ea7025c8d3e31c92d38c581c6d | destinatario=ext_jcarrion@Falabella.cl | status=202
2026-01-28 13:07:29 - app - INFO - 2/5 - ext_jcarrion@Falabella.cl - status:202
2026-01-28 13:07:29 - app - INFO - Ejecutando get_array
2026-01-28 13:07:31 - app - INFO - Request enviado | request_id=7eb238fcfc8d2a2d5f551a5cb291529f87b0618db66b7474a0d3da0f20278964 | destinatario=ext_jcarrion@Falabella.cl | status=202
2026-01-28 13:07:31 - app - INFO - 3/5 - ext_jcarrion@Falabella.cl - status:202
2026-01-28 13:07:31 - app - INFO - Ejecutando get_array
2026-01-28 13:07:34 - app - INFO - Request enviado | request_id=431686be9871a0878fde7ff07ad0520efba6f2cfc11077a750ca30c6840c1fa9 | destinatario=ext_jcarrion@Falabella.cl | status=202
2026-01-28 13:07:34 - app - INFO - 4/5 - ext_jcarrion@Falabella.cl - status:202
2026-01-28 13:07:34 - app - INFO - Ejecutando get_array
2026-01-28 13:07:36 - app - INFO - Request enviado | request_id=c023168e199a4922c73fc95b72e635c40f3d7a4517978056b7648f1f4a8a5289 | destinatario=ext_jcarrion@Falabella.cl | status=202
2026-01-28 13:07:36 - app - INFO - 5/5 - ext_jcarrion@Falabella.cl - status:202
2026-01-28 13:07:36 - app - INFO - Proceso de envío finalizado
2026-01-28 13:07:36 - app - INFO - Cargando datos en BigQuery | tabla=teams_validation_data | registros=5 | dropTable=False
2026-01-28 13:07:36 - app - INFO - Cargando datos a staging | tabla=stg_teams_validation_data | filas=5 | dropTable=False
2026-01-28 13:07:40 - app - INFO - Carga a staging completada exitosamente | tabla=sbox_jcarrion.stg_teams_validation_data
2026-01-28 13:07:40 - app - INFO - Iniciando MERGE | staging=stg_teams_validation_data | tabla_final=teams_validation_data
2026-01-28 13:07:46 - app - INFO - MERGE completado exitosamente | tabla_final=teams_validation_data
2026-01-28 13:07:46 - app - INFO - Carga BigQuery finalizada correctamente | tabla=teams_validation_data
2026-01-28 13:07:46 - app - INFO - Lote 48 persistido en BigQuery | registros=5
2026-01-28 13:07:47 - app - INFO - Procesando lote 49 | registros=5
2026-01-28 13:07:47 - app - INFO - Iniciando envío de 5 formularios
2026-01-28 13:07:47 - app - INFO - Ejecutando get_array
2026-01-28 13:07:50 - app - INFO - Request enviado | request_id=81cfe1357e4963370b4c63b05851c4dc27039ec70b708503ac7649eacf8d78eb | destinatario=ext_jcarrion@Falabella.cl | status=202
2026-01-28 13:07:50 - app - INFO - 1/5 - ext_jcarrion@Falabella.cl - status:202
2026-01-28 13:07:50 - app - INFO - Ejecutando get_array
2026-01-28 13:07:53 - app - INFO - Request enviado | request_id=809725ed60ab765c4eec6672960378bbc6bf297f116315c08b134d836bcdac8d | destinatario=ext_jcarrion@Falabella.cl | status=202
2026-01-28 13:07:53 - app - INFO - 2/5 - ext_jcarrion@Falabella.cl - status:202
2026-01-28 13:07:53 - app - INFO - Ejecutando get_array
2026-01-28 13:07:55 - app - INFO - Request enviado | request_id=9ea8c9b45f9b894b2f2e7c062e5a75fc821e25faf5c8319deb5b834456d8be5b | destinatario=ext_jcarrion@Falabella.cl | status=202
2026-01-28 13:07:55 - app - INFO - 3/5 - ext_jcarrion@Falabella.cl - status:202
2026-01-28 13:07:55 - app - INFO - Ejecutando get_array
2026-01-28 13:07:58 - app - INFO - Request enviado | request_id=0101c326e69573bd1eccbaa969be6747dfbf60160796455f9b9b3bdb7f8876d7 | destinatario=ext_jcarrion@Falabella.cl | status=202
2026-01-28 13:07:58 - app - INFO - 4/5 - ext_jcarrion@Falabella.cl - status:202
2026-01-28 13:07:58 - app - INFO - Ejecutando get_array
2026-01-28 13:08:00 - app - INFO - Request enviado | request_id=3f7d4ee9d8d9d97558d66b04dbfff1f6031923daf49f8e5098d9df37273655e8 | destinatario=ext_jcarrion@Falabella.cl | status=202
2026-01-28 13:08:00 - app - INFO - 5/5 - ext_jcarrion@Falabella.cl - status:202
2026-01-28 13:08:00 - app - INFO - Proceso de envío finalizado
2026-01-28 13:08:00 - app - INFO - Cargando datos en BigQuery | tabla=teams_validation_data | registros=5 | dropTable=False
2026-01-28 13:08:00 - app - INFO - Cargando datos a staging | tabla=stg_teams_validation_data | filas=5 | dropTable=False
2026-01-28 13:08:04 - app - INFO - Carga a staging completada exitosamente | tabla=sbox_jcarrion.stg_teams_validation_data
2026-01-28 13:08:04 - app - INFO - Iniciando MERGE | staging=stg_teams_validation_data | tabla_final=teams_validation_data
2026-01-28 13:08:07 - app - INFO - MERGE completado exitosamente | tabla_final=teams_validation_data
2026-01-28 13:08:07 - app - INFO - Carga BigQuery finalizada correctamente | tabla=teams_validation_data
2026-01-28 13:08:07 - app - INFO - Lote 49 persistido en BigQuery | registros=5
2026-01-28 13:08:08 - app - INFO - Procesando lote 50 | registros=5
2026-01-28 13:08:08 - app - INFO - Iniciando envío de 5 formularios
2026-01-28 13:08:08 - app - INFO - Ejecutando get_array
2026-01-28 13:08:10 - app - INFO - Request enviado | request_id=6e801c090508ced058af3b7fdb66caea9ae0111ac49f4fbc6a50790432138280 | destinatario=ext_jcarrion@Falabella.cl | status=202
2026-01-28 13:08:10 - app - INFO - 1/5 - ext_jcarrion@Falabella.cl - status:202
2026-01-28 13:08:10 - app - INFO - Ejecutando get_array
2026-01-28 13:08:13 - app - INFO - Request enviado | request_id=1b348ce0bd842912a7c871b7c99d98b930b5f8fd3f82817038e5e490a9cc9d99 | destinatario=ext_jcarrion@Falabella.cl | status=202
2026-01-28 13:08:13 - app - INFO - 2/5 - ext_jcarrion@Falabella.cl - status:202
2026-01-28 13:08:13 - app - INFO - Ejecutando get_array
2026-01-28 13:08:16 - app - INFO - Request enviado | request_id=c1f364e7620bcfb83beddda5b81b3a7ab61572575d4272cb1f4621509762116a | destinatario=ext_jcarrion@Falabella.cl | status=202
2026-01-28 13:08:16 - app - INFO - 3/5 - ext_jcarrion@Falabella.cl - status:202
2026-01-28 13:08:16 - app - INFO - Ejecutando get_array
2026-01-28 13:08:18 - app - INFO - Request enviado | request_id=026cc4a0d8e720b340cb18b2014222222a1f0119917cbb76eab4babfe856b40f | destinatario=ext_jcarrion@Falabella.cl | status=202
2026-01-28 13:08:18 - app - INFO - 4/5 - ext_jcarrion@Falabella.cl - status:202
2026-01-28 13:08:18 - app - INFO - Ejecutando get_array
2026-01-28 13:08:21 - app - INFO - Request enviado | request_id=e836dfce200281929061a195665d82a39dcd64c967c97569b497a897d3a8e594 | destinatario=ext_jcarrion@Falabella.cl | status=202
2026-01-28 13:08:21 - app - INFO - 5/5 - ext_jcarrion@Falabella.cl - status:202
2026-01-28 13:08:21 - app - INFO - Proceso de envío finalizado
2026-01-28 13:08:21 - app - INFO - Cargando datos en BigQuery | tabla=teams_validation_data | registros=5 | dropTable=False
2026-01-28 13:08:21 - app - INFO - Cargando datos a staging | tabla=stg_teams_validation_data | filas=5 | dropTable=False
2026-01-28 13:08:25 - app - INFO - Carga a staging completada exitosamente | tabla=sbox_jcarrion.stg_teams_validation_data
2026-01-28 13:08:25 - app - INFO - Iniciando MERGE | staging=stg_teams_validation_data | tabla_final=teams_validation_data
2026-01-28 13:08:28 - app - INFO - MERGE completado exitosamente | tabla_final=teams_validation_data
2026-01-28 13:08:28 - app - INFO - Carga BigQuery finalizada correctamente | tabla=teams_validation_data
2026-01-28 13:08:28 - app - INFO - Lote 50 persistido en BigQuery | registros=5
2026-01-28 13:08:29 - app - INFO - Procesando lote 51 | registros=5
2026-01-28 13:08:29 - app - INFO - Iniciando envío de 5 formularios
2026-01-28 13:08:29 - app - INFO - Ejecutando get_array
2026-01-28 13:08:32 - app - INFO - Request enviado | request_id=a8f27c85e6e4e289f5454208282e617a599ce90f661259e572b3510ebfe6a5b2 | destinatario=ext_jcarrion@Falabella.cl | status=202
2026-01-28 13:08:32 - app - INFO - 1/5 - ext_jcarrion@Falabella.cl - status:202
2026-01-28 13:08:32 - app - INFO - Ejecutando get_array
2026-01-28 13:08:35 - app - INFO - Request enviado | request_id=8341b38830911d33395d30bdccc6faf8860b2ab4a8c7501be8ad8d219b7738a6 | destinatario=ext_jcarrion@Falabella.cl | status=202
2026-01-28 13:08:35 - app - INFO - 2/5 - ext_jcarrion@Falabella.cl - status:202
2026-01-28 13:08:35 - app - INFO - Ejecutando get_array
2026-01-28 13:08:37 - app - INFO - Request enviado | request_id=1d82e9c2b48ef0b157a53b8cae456c410b71ea626a0f7cc80ed1f02fcd29f43e | destinatario=ext_jcarrion@Falabella.cl | status=202
2026-01-28 13:08:37 - app - INFO - 3/5 - ext_jcarrion@Falabella.cl - status:202
2026-01-28 13:08:37 - app - INFO - Ejecutando get_array
2026-01-28 13:08:40 - app - INFO - Request enviado | request_id=618e79166a2ac42c463279362bff706ac59950698757e6656d564e83af1ce752 | destinatario=ext_jcarrion@Falabella.cl | status=202
2026-01-28 13:08:40 - app - INFO - 4/5 - ext_jcarrion@Falabella.cl - status:202
2026-01-28 13:08:40 - app - INFO - Ejecutando get_array
2026-01-28 13:08:42 - app - INFO - Request enviado | request_id=0b9a0d7e336007b3bf1c507eb5a80f9b9bdea2d8245df2e0b16941fd3e31a428 | destinatario=ext_jcarrion@Falabella.cl | status=202
2026-01-28 13:08:42 - app - INFO - 5/5 - ext_jcarrion@Falabella.cl - status:202
2026-01-28 13:08:42 - app - INFO - Proceso de envío finalizado
2026-01-28 13:08:42 - app - INFO - Cargando datos en BigQuery | tabla=teams_validation_data | registros=5 | dropTable=False
2026-01-28 13:08:42 - app - INFO - Cargando datos a staging | tabla=stg_teams_validation_data | filas=5 | dropTable=False
2026-01-28 13:08:47 - app - INFO - Carga a staging completada exitosamente | tabla=sbox_jcarrion.stg_teams_validation_data
2026-01-28 13:08:47 - app - INFO - Iniciando MERGE | staging=stg_teams_validation_data | tabla_final=teams_validation_data
2026-01-28 13:08:50 - app - INFO - MERGE completado exitosamente | tabla_final=teams_validation_data
2026-01-28 13:08:50 - app - INFO - Carga BigQuery finalizada correctamente | tabla=teams_validation_data
2026-01-28 13:08:50 - app - INFO - Lote 51 persistido en BigQuery | registros=5
2026-01-28 13:08:51 - app - INFO - Procesando lote 52 | registros=5
2026-01-28 13:08:51 - app - INFO - Iniciando envío de 5 formularios
2026-01-28 13:08:51 - app - INFO - Ejecutando get_array
2026-01-28 13:08:53 - app - INFO - Request enviado | request_id=89184768d49be5002953bd9b1eb8c467812eb27eb8833790d777672c2a4daa8e | destinatario=ext_jcarrion@Falabella.cl | status=202
2026-01-28 13:08:53 - app - INFO - 1/5 - ext_jcarrion@Falabella.cl - status:202
2026-01-28 13:08:53 - app - INFO - Ejecutando get_array
2026-01-28 13:08:56 - app - INFO - Request enviado | request_id=203d6c6cafd06f41eeecfda81aa18cef41c0e8f2b595a66618c9bd4a1e859cdf | destinatario=ext_jcarrion@Falabella.cl | status=202
2026-01-28 13:08:56 - app - INFO - 2/5 - ext_jcarrion@Falabella.cl - status:202
2026-01-28 13:08:56 - app - INFO - Ejecutando get_array
2026-01-28 13:08:58 - app - INFO - Request enviado | request_id=8b029ec8b6ce4ab96af63ddaf49a6f4cb4596de5bdb8ddb9a45364975c1be127 | destinatario=ext_jcarrion@Falabella.cl | status=202
2026-01-28 13:08:58 - app - INFO - 3/5 - ext_jcarrion@Falabella.cl - status:202
2026-01-28 13:08:58 - app - INFO - Ejecutando get_array
2026-01-28 13:09:01 - app - INFO - Request enviado | request_id=c5dc0fcf177284bb9f57d44ac140bf356f78ca4a6845851d4eafcea116e56985 | destinatario=ext_jcarrion@Falabella.cl | status=202
2026-01-28 13:09:01 - app - INFO - 4/5 - ext_jcarrion@Falabella.cl - status:202
2026-01-28 13:09:01 - app - INFO - Ejecutando get_array
2026-01-28 13:09:03 - app - INFO - Request enviado | request_id=b6f56030e856d2c0c4c2b91edffe20a2dd4dd72f72e8c76fd6790462d8c25e1e | destinatario=ext_jcarrion@Falabella.cl | status=202
2026-01-28 13:09:03 - app - INFO - 5/5 - ext_jcarrion@Falabella.cl - status:202
2026-01-28 13:09:03 - app - INFO - Proceso de envío finalizado
2026-01-28 13:09:03 - app - INFO - Cargando datos en BigQuery | tabla=teams_validation_data | registros=5 | dropTable=False
2026-01-28 13:09:03 - app - INFO - Cargando datos a staging | tabla=stg_teams_validation_data | filas=5 | dropTable=False
2026-01-28 13:09:07 - app - INFO - Carga a staging completada exitosamente | tabla=sbox_jcarrion.stg_teams_validation_data
2026-01-28 13:09:07 - app - INFO - Iniciando MERGE | staging=stg_teams_validation_data | tabla_final=teams_validation_data
2026-01-28 13:09:12 - app - INFO - MERGE completado exitosamente | tabla_final=teams_validation_data
2026-01-28 13:09:12 - app - INFO - Carga BigQuery finalizada correctamente | tabla=teams_validation_data
2026-01-28 13:09:12 - app - INFO - Lote 52 persistido en BigQuery | registros=5
2026-01-28 13:09:13 - app - INFO - Procesando lote 53 | registros=5
2026-01-28 13:09:13 - app - INFO - Iniciando envío de 5 formularios
2026-01-28 13:09:13 - app - INFO - Ejecutando get_array
2026-01-28 13:09:16 - app - INFO - Request enviado | request_id=ab4afc84cb29da2055d872a5b3aeeea11a496f19f42b671dce102581908100e2 | destinatario=ext_jcarrion@Falabella.cl | status=202
2026-01-28 13:09:16 - app - INFO - 1/5 - ext_jcarrion@Falabella.cl - status:202
2026-01-28 13:09:16 - app - INFO - Ejecutando get_array
2026-01-28 13:09:19 - app - INFO - Request enviado | request_id=203d41461e4c2c94e5ea40b12c4c505910b9a8a1302e19e80226762e9a1488e8 | destinatario=ext_jcarrion@Falabella.cl | status=202
2026-01-28 13:09:19 - app - INFO - 2/5 - ext_jcarrion@Falabella.cl - status:202
2026-01-28 13:09:19 - app - INFO - Ejecutando get_array
2026-01-28 13:09:21 - app - INFO - Request enviado | request_id=b96a637eae4ba812158277182bafec3f4fc7156d7348d6824dd5386e706ed7e8 | destinatario=ext_jcarrion@Falabella.cl | status=202
2026-01-28 13:09:21 - app - INFO - 3/5 - ext_jcarrion@Falabella.cl - status:202
2026-01-28 13:09:21 - app - INFO - Ejecutando get_array
2026-01-28 13:09:24 - app - INFO - Request enviado | request_id=f7fe7e97bdfbf66a02eca3ddb822c845771f46d3ad8ba4aea94bfc8437e16ac5 | destinatario=ext_jcarrion@Falabella.cl | status=202
2026-01-28 13:09:24 - app - INFO - 4/5 - ext_jcarrion@Falabella.cl - status:202
2026-01-28 13:09:24 - app - INFO - Ejecutando get_array
2026-01-28 13:09:26 - app - INFO - Request enviado | request_id=159497872e7e2296a6d4ded1e763488b692e41848cbebb4afe082cbb45689219 | destinatario=ext_jcarrion@Falabella.cl | status=202
2026-01-28 13:09:26 - app - INFO - 5/5 - ext_jcarrion@Falabella.cl - status:202
2026-01-28 13:09:26 - app - INFO - Proceso de envío finalizado
2026-01-28 13:09:26 - app - INFO - Cargando datos en BigQuery | tabla=teams_validation_data | registros=5 | dropTable=False
2026-01-28 13:09:26 - app - INFO - Cargando datos a staging | tabla=stg_teams_validation_data | filas=5 | dropTable=False
2026-01-28 13:09:30 - app - INFO - Carga a staging completada exitosamente | tabla=sbox_jcarrion.stg_teams_validation_data
2026-01-28 13:09:30 - app - INFO - Iniciando MERGE | staging=stg_teams_validation_data | tabla_final=teams_validation_data
2026-01-28 13:09:34 - app - INFO - MERGE completado exitosamente | tabla_final=teams_validation_data
2026-01-28 13:09:34 - app - INFO - Carga BigQuery finalizada correctamente | tabla=teams_validation_data
2026-01-28 13:09:34 - app - INFO - Lote 53 persistido en BigQuery | registros=5
2026-01-28 13:09:35 - app - INFO - Procesando lote 54 | registros=5
2026-01-28 13:09:35 - app - INFO - Iniciando envío de 5 formularios
2026-01-28 13:09:35 - app - INFO - Ejecutando get_array
2026-01-28 13:09:37 - app - INFO - Request enviado | request_id=5c734a7804524a57cef0a55c01243813d71eb6f4a0c5788b18b1310c14015c30 | destinatario=ext_jcarrion@Falabella.cl | status=202
2026-01-28 13:09:37 - app - INFO - 1/5 - ext_jcarrion@Falabella.cl - status:202
2026-01-28 13:09:37 - app - INFO - Ejecutando get_array
2026-01-28 13:09:40 - app - INFO - Request enviado | request_id=08d34eeb9db7773f47b2d92aa6eef96dc59b22bd22fa32a632ec94813e47824a | destinatario=ext_jcarrion@Falabella.cl | status=202
2026-01-28 13:09:40 - app - INFO - 2/5 - ext_jcarrion@Falabella.cl - status:202
2026-01-28 13:09:40 - app - INFO - Ejecutando get_array
2026-01-28 13:09:42 - app - INFO - Request enviado | request_id=aed2e54f604b647b7bed66b9ca8b40dfff45870ecf7d4d69cad184a9a0a9403e | destinatario=ext_jcarrion@Falabella.cl | status=202
2026-01-28 13:09:42 - app - INFO - 3/5 - ext_jcarrion@Falabella.cl - status:202
2026-01-28 13:09:42 - app - INFO - Ejecutando get_array
2026-01-28 13:09:45 - app - INFO - Request enviado | request_id=42a8363f0a727ce51c35a658c3885449221a65ae14de3072bc4af4a8f8b84271 | destinatario=ext_jcarrion@Falabella.cl | status=202
2026-01-28 13:09:45 - app - INFO - 4/5 - ext_jcarrion@Falabella.cl - status:202
2026-01-28 13:09:45 - app - INFO - Ejecutando get_array
2026-01-28 13:09:48 - app - INFO - Request enviado | request_id=34eaec7e3940ecc850273c1fb2aa4a325def02bc92b0d0abbba42c6294aa4bbb | destinatario=ext_jcarrion@Falabella.cl | status=202
2026-01-28 13:09:48 - app - INFO - 5/5 - ext_jcarrion@Falabella.cl - status:202
2026-01-28 13:09:48 - app - INFO - Proceso de envío finalizado
2026-01-28 13:09:48 - app - INFO - Cargando datos en BigQuery | tabla=teams_validation_data | registros=5 | dropTable=False
2026-01-28 13:09:48 - app - INFO - Cargando datos a staging | tabla=stg_teams_validation_data | filas=5 | dropTable=False
2026-01-28 13:09:55 - app - INFO - Carga a staging completada exitosamente | tabla=sbox_jcarrion.stg_teams_validation_data
2026-01-28 13:09:55 - app - INFO - Iniciando MERGE | staging=stg_teams_validation_data | tabla_final=teams_validation_data
2026-01-28 13:09:58 - app - INFO - MERGE completado exitosamente | tabla_final=teams_validation_data
2026-01-28 13:09:58 - app - INFO - Carga BigQuery finalizada correctamente | tabla=teams_validation_data
2026-01-28 13:09:58 - app - INFO - Lote 54 persistido en BigQuery | registros=5
2026-01-28 13:09:59 - app - INFO - Procesando lote 55 | registros=5
2026-01-28 13:09:59 - app - INFO - Iniciando envío de 5 formularios
2026-01-28 13:09:59 - app - INFO - Ejecutando get_array
2026-01-28 13:10:01 - app - INFO - Request enviado | request_id=e39d25489633331f75368b9810ef36fac7398c0982987e2e1f1e251ae2d34eb8 | destinatario=ext_jcarrion@Falabella.cl | status=202
2026-01-28 13:10:01 - app - INFO - 1/5 - ext_jcarrion@Falabella.cl - status:202
2026-01-28 13:10:01 - app - INFO - Ejecutando get_array
2026-01-28 13:10:04 - app - INFO - Request enviado | request_id=3af7c3f441807ae1734895eaaf85956e7b5e105b79e3dc3280b553ee1e454a01 | destinatario=ext_jcarrion@Falabella.cl | status=202
2026-01-28 13:10:04 - app - INFO - 2/5 - ext_jcarrion@Falabella.cl - status:202
2026-01-28 13:10:04 - app - INFO - Ejecutando get_array
2026-01-28 13:10:06 - app - INFO - Request enviado | request_id=9e82469f26f5dfd062eef386699e4547273b15431a27dff34c118c9c094dfa38 | destinatario=ext_jcarrion@Falabella.cl | status=202
2026-01-28 13:10:06 - app - INFO - 3/5 - ext_jcarrion@Falabella.cl - status:202
2026-01-28 13:10:06 - app - INFO - Ejecutando get_array
2026-01-28 13:10:09 - app - INFO - Request enviado | request_id=6c8b8e10c8208b6ea4160ffe95615496c3e3b954161452a28f2b74c7e67843a4 | destinatario=ext_jcarrion@Falabella.cl | status=202
2026-01-28 13:10:09 - app - INFO - 4/5 - ext_jcarrion@Falabella.cl - status:202
2026-01-28 13:10:09 - app - INFO - Ejecutando get_array
2026-01-28 13:10:11 - app - INFO - Request enviado | request_id=5c844f97cb289edb01a911e0b5a110bce97c3f8dd8f974bb93db3dbfa114e924 | destinatario=ext_jcarrion@Falabella.cl | status=202
2026-01-28 13:10:11 - app - INFO - 5/5 - ext_jcarrion@Falabella.cl - status:202
2026-01-28 13:10:11 - app - INFO - Proceso de envío finalizado
2026-01-28 13:10:11 - app - INFO - Cargando datos en BigQuery | tabla=teams_validation_data | registros=5 | dropTable=False
2026-01-28 13:10:12 - app - INFO - Cargando datos a staging | tabla=stg_teams_validation_data | filas=5 | dropTable=False
2026-01-28 13:10:15 - app - INFO - Carga a staging completada exitosamente | tabla=sbox_jcarrion.stg_teams_validation_data
2026-01-28 13:10:15 - app - INFO - Iniciando MERGE | staging=stg_teams_validation_data | tabla_final=teams_validation_data
2026-01-28 13:10:19 - app - INFO - MERGE completado exitosamente | tabla_final=teams_validation_data
2026-01-28 13:10:19 - app - INFO - Carga BigQuery finalizada correctamente | tabla=teams_validation_data
2026-01-28 13:10:19 - app - INFO - Lote 55 persistido en BigQuery | registros=5
2026-01-28 13:10:20 - app - INFO - Procesando lote 56 | registros=5
2026-01-28 13:10:20 - app - INFO - Iniciando envío de 5 formularios
2026-01-28 13:10:20 - app - INFO - Ejecutando get_array
2026-01-28 13:10:22 - app - INFO - Request enviado | request_id=6d8365b8bed67df89fc21227681cfc444effcf885208983a43abaf1535307480 | destinatario=ext_jcarrion@Falabella.cl | status=202
2026-01-28 13:10:22 - app - INFO - 1/5 - ext_jcarrion@Falabella.cl - status:202
2026-01-28 13:10:22 - app - INFO - Ejecutando get_array
2026-01-28 13:10:25 - app - INFO - Request enviado | request_id=18dc12cf2f9d5d8bcb805a7c2509abb8fd8ff5d2eb3d185d228850f384d4c4f3 | destinatario=ext_jcarrion@Falabella.cl | status=202
2026-01-28 13:10:25 - app - INFO - 2/5 - ext_jcarrion@Falabella.cl - status:202
2026-01-28 13:10:25 - app - INFO - Ejecutando get_array
2026-01-28 13:10:27 - app - INFO - Request enviado | request_id=469e90d04d8ead67af9a9425c349add54d44dba6384eeea157762003e27b232d | destinatario=ext_jcarrion@Falabella.cl | status=202
2026-01-28 13:10:27 - app - INFO - 3/5 - ext_jcarrion@Falabella.cl - status:202
2026-01-28 13:10:27 - app - INFO - Ejecutando get_array
2026-01-28 13:10:30 - app - INFO - Request enviado | request_id=b03c2270bf3abc5851034ef83cf2a19770be884a5b0ad804e87c262c9b9673ed | destinatario=ext_jcarrion@Falabella.cl | status=202
2026-01-28 13:10:30 - app - INFO - 4/5 - ext_jcarrion@Falabella.cl - status:202
2026-01-28 13:10:30 - app - INFO - Ejecutando get_array
2026-01-28 13:10:32 - app - INFO - Request enviado | request_id=14ba3407490cac7e61ac0b72322f3383c40ec72917a89a19dac3f1a8d682161d | destinatario=ext_jcarrion@Falabella.cl | status=202
2026-01-28 13:10:32 - app - INFO - 5/5 - ext_jcarrion@Falabella.cl - status:202
2026-01-28 13:10:32 - app - INFO - Proceso de envío finalizado
2026-01-28 13:10:32 - app - INFO - Cargando datos en BigQuery | tabla=teams_validation_data | registros=5 | dropTable=False
2026-01-28 13:10:32 - app - INFO - Cargando datos a staging | tabla=stg_teams_validation_data | filas=5 | dropTable=False
2026-01-28 13:10:36 - app - INFO - Carga a staging completada exitosamente | tabla=sbox_jcarrion.stg_teams_validation_data
2026-01-28 13:10:36 - app - INFO - Iniciando MERGE | staging=stg_teams_validation_data | tabla_final=teams_validation_data
2026-01-28 13:10:39 - app - INFO - MERGE completado exitosamente | tabla_final=teams_validation_data
2026-01-28 13:10:39 - app - INFO - Carga BigQuery finalizada correctamente | tabla=teams_validation_data
2026-01-28 13:10:39 - app - INFO - Lote 56 persistido en BigQuery | registros=5
2026-01-28 13:10:40 - app - INFO - Procesando lote 57 | registros=5
2026-01-28 13:10:40 - app - INFO - Iniciando envío de 5 formularios
2026-01-28 13:10:40 - app - INFO - Ejecutando get_array
2026-01-28 13:10:43 - app - INFO - Request enviado | request_id=56ecd3e22d62d26191a051d8444968f1252efaf3a201db458412634d94994143 | destinatario=ext_jcarrion@Falabella.cl | status=202
2026-01-28 13:10:43 - app - INFO - 1/5 - ext_jcarrion@Falabella.cl - status:202
2026-01-28 13:10:43 - app - INFO - Ejecutando get_array
2026-01-28 13:10:45 - app - INFO - Request enviado | request_id=0092d0b436b33c52bebc275fef40b6778174cbed59e38951afd6df7f7316bdea | destinatario=ext_jcarrion@Falabella.cl | status=202
2026-01-28 13:10:45 - app - INFO - 2/5 - ext_jcarrion@Falabella.cl - status:202
2026-01-28 13:10:45 - app - INFO - Ejecutando get_array
2026-01-28 13:10:48 - app - INFO - Request enviado | request_id=5f8663b8c767973cc09923a25c38153a98b10a3ce6d6d1d1df17f017e76b27d3 | destinatario=ext_jcarrion@Falabella.cl | status=202
2026-01-28 13:10:48 - app - INFO - 3/5 - ext_jcarrion@Falabella.cl - status:202
2026-01-28 13:10:48 - app - INFO - Ejecutando get_array
2026-01-28 13:10:50 - app - INFO - Request enviado | request_id=9e69b886d25db12f7646c638be5dabb0d8d0b3a2092b266c05b47bcc37d64e3e | destinatario=ext_jcarrion@Falabella.cl | status=202
2026-01-28 13:10:50 - app - INFO - 4/5 - ext_jcarrion@Falabella.cl - status:202
2026-01-28 13:10:50 - app - INFO - Ejecutando get_array
2026-01-28 13:10:53 - app - INFO - Request enviado | request_id=ce84a51cd7ba3a540a5242d703a9e67331fdd267b345aa7156984dec620b75d1 | destinatario=ext_jcarrion@Falabella.cl | status=202
2026-01-28 13:10:53 - app - INFO - 5/5 - ext_jcarrion@Falabella.cl - status:202
2026-01-28 13:10:53 - app - INFO - Proceso de envío finalizado
2026-01-28 13:10:53 - app - INFO - Cargando datos en BigQuery | tabla=teams_validation_data | registros=5 | dropTable=False
2026-01-28 13:10:53 - app - INFO - Cargando datos a staging | tabla=stg_teams_validation_data | filas=5 | dropTable=False
2026-01-28 13:10:57 - app - INFO - Carga a staging completada exitosamente | tabla=sbox_jcarrion.stg_teams_validation_data
2026-01-28 13:10:57 - app - INFO - Iniciando MERGE | staging=stg_teams_validation_data | tabla_final=teams_validation_data
2026-01-28 13:11:00 - app - INFO - MERGE completado exitosamente | tabla_final=teams_validation_data
2026-01-28 13:11:00 - app - INFO - Carga BigQuery finalizada correctamente | tabla=teams_validation_data
2026-01-28 13:11:00 - app - INFO - Lote 57 persistido en BigQuery | registros=5
2026-01-28 13:11:01 - app - INFO - Procesando lote 58 | registros=5
2026-01-28 13:11:01 - app - INFO - Iniciando envío de 5 formularios
2026-01-28 13:11:01 - app - INFO - Ejecutando get_array
2026-01-28 13:11:04 - app - INFO - Request enviado | request_id=06f7bdf86f0030b25ea101e1a4311b9d1d05755aadeff0073ae3236530ad3abe | destinatario=ext_jcarrion@Falabella.cl | status=202
2026-01-28 13:11:04 - app - INFO - 1/5 - ext_jcarrion@Falabella.cl - status:202
2026-01-28 13:11:04 - app - INFO - Ejecutando get_array
2026-01-28 13:11:06 - app - INFO - Request enviado | request_id=decbca4c183df24bcfffdedf415d54e18eb537b8ba9a39aae23cab842fed04ca | destinatario=ext_jcarrion@Falabella.cl | status=202
2026-01-28 13:11:06 - app - INFO - 2/5 - ext_jcarrion@Falabella.cl - status:202
2026-01-28 13:11:06 - app - INFO - Ejecutando get_array
2026-01-28 13:11:09 - app - INFO - Request enviado | request_id=ffb33da9042841581a93715a44b998555170de6eb6d6d99e708a1700cb17bfa2 | destinatario=ext_jcarrion@Falabella.cl | status=202
2026-01-28 13:11:09 - app - INFO - 3/5 - ext_jcarrion@Falabella.cl - status:202
2026-01-28 13:11:09 - app - INFO - Ejecutando get_array
2026-01-28 13:11:12 - app - INFO - Request enviado | request_id=763c5fb3d2fca88b5ba94ef1b2bde565beb71cbc85cd7edd4404c1b32d9f888f | destinatario=ext_jcarrion@Falabella.cl | status=202
2026-01-28 13:11:12 - app - INFO - 4/5 - ext_jcarrion@Falabella.cl - status:202
2026-01-28 13:11:12 - app - INFO - Ejecutando get_array
2026-01-28 13:11:14 - app - INFO - Request enviado | request_id=dab69a34dcf31b0918a29d6136383420b368ada75432b9cd00e980163f9e695c | destinatario=ext_jcarrion@Falabella.cl | status=202
2026-01-28 13:11:14 - app - INFO - 5/5 - ext_jcarrion@Falabella.cl - status:202
2026-01-28 13:11:14 - app - INFO - Proceso de envío finalizado
2026-01-28 13:11:14 - app - INFO - Cargando datos en BigQuery | tabla=teams_validation_data | registros=5 | dropTable=False
2026-01-28 13:11:14 - app - INFO - Cargando datos a staging | tabla=stg_teams_validation_data | filas=5 | dropTable=False
2026-01-28 13:11:18 - app - INFO - Carga a staging completada exitosamente | tabla=sbox_jcarrion.stg_teams_validation_data
2026-01-28 13:11:18 - app - INFO - Iniciando MERGE | staging=stg_teams_validation_data | tabla_final=teams_validation_data
2026-01-28 13:11:21 - app - INFO - MERGE completado exitosamente | tabla_final=teams_validation_data
2026-01-28 13:11:21 - app - INFO - Carga BigQuery finalizada correctamente | tabla=teams_validation_data
2026-01-28 13:11:21 - app - INFO - Lote 58 persistido en BigQuery | registros=5
2026-01-28 13:11:22 - app - INFO - Procesando lote 59 | registros=5
2026-01-28 13:11:22 - app - INFO - Iniciando envío de 5 formularios
2026-01-28 13:11:22 - app - INFO - Ejecutando get_array
2026-01-28 13:11:24 - app - INFO - Request enviado | request_id=3771b48861d559fe6159a15c2ffdc0f68cdeb270b8301cbf2059d412c433d096 | destinatario=ext_jcarrion@Falabella.cl | status=202
2026-01-28 13:11:24 - app - INFO - 1/5 - ext_jcarrion@Falabella.cl - status:202
2026-01-28 13:11:24 - app - INFO - Ejecutando get_array
2026-01-28 13:11:27 - app - INFO - Request enviado | request_id=29c67dcdb89e634a73b659f19a3d0689a8c1b31693f452bc34180c908435bfc4 | destinatario=ext_jcarrion@Falabella.cl | status=202
2026-01-28 13:11:27 - app - INFO - 2/5 - ext_jcarrion@Falabella.cl - status:202
2026-01-28 13:11:27 - app - INFO - Ejecutando get_array
2026-01-28 13:11:29 - app - INFO - Request enviado | request_id=bb3c902b90d2c1cb6527cc79b8caffc3bb97feaeee998257a066c268e0b7be25 | destinatario=ext_jcarrion@Falabella.cl | status=202
2026-01-28 13:11:29 - app - INFO - 3/5 - ext_jcarrion@Falabella.cl - status:202
2026-01-28 13:11:29 - app - INFO - Ejecutando get_array
2026-01-28 13:11:32 - app - INFO - Request enviado | request_id=0788903c92ea6128d71a756da47353ce0d973059e724e440f0e6367bdf87e52b | destinatario=ext_jcarrion@Falabella.cl | status=202
2026-01-28 13:11:32 - app - INFO - 4/5 - ext_jcarrion@Falabella.cl - status:202
2026-01-28 13:11:32 - app - INFO - Ejecutando get_array
2026-01-28 13:11:34 - app - INFO - Request enviado | request_id=a6d5d9bc8fcafd24c878f686c439ecdc9f5f039922472fc788c08be29f55f7fe | destinatario=ext_jcarrion@Falabella.cl | status=202
2026-01-28 13:11:34 - app - INFO - 5/5 - ext_jcarrion@Falabella.cl - status:202
2026-01-28 13:11:34 - app - INFO - Proceso de envío finalizado
2026-01-28 13:11:34 - app - INFO - Cargando datos en BigQuery | tabla=teams_validation_data | registros=5 | dropTable=False
2026-01-28 13:11:34 - app - INFO - Cargando datos a staging | tabla=stg_teams_validation_data | filas=5 | dropTable=False
2026-01-28 13:12:06 - app - INFO - Carga a staging completada exitosamente | tabla=sbox_jcarrion.stg_teams_validation_data
2026-01-28 13:12:06 - app - INFO - Iniciando MERGE | staging=stg_teams_validation_data | tabla_final=teams_validation_data
2026-01-28 13:12:10 - app - INFO - MERGE completado exitosamente | tabla_final=teams_validation_data
2026-01-28 13:12:10 - app - INFO - Carga BigQuery finalizada correctamente | tabla=teams_validation_data
2026-01-28 13:12:10 - app - INFO - Lote 59 persistido en BigQuery | registros=5
2026-01-28 13:12:11 - app - INFO - Procesando lote 60 | registros=5
2026-01-28 13:12:11 - app - INFO - Iniciando envío de 5 formularios
2026-01-28 13:12:11 - app - INFO - Ejecutando get_array
2026-01-28 13:12:13 - app - INFO - Request enviado | request_id=1160ff86868b70cea976c99e751f8b1951b7d7abcdd6c0b71e26facf2ff6cfab | destinatario=ext_jcarrion@Falabella.cl | status=202
2026-01-28 13:12:13 - app - INFO - 1/5 - ext_jcarrion@Falabella.cl - status:202
2026-01-28 13:12:13 - app - INFO - Ejecutando get_array
2026-01-28 13:12:16 - app - INFO - Request enviado | request_id=302116d3d289a6f203bbadefbba2e5b01eff944815adb56254926f3f0f54959e | destinatario=ext_jcarrion@Falabella.cl | status=202
2026-01-28 13:12:16 - app - INFO - 2/5 - ext_jcarrion@Falabella.cl - status:202
2026-01-28 13:12:16 - app - INFO - Ejecutando get_array
2026-01-28 13:12:19 - app - INFO - Request enviado | request_id=87605787e70c98e8aaf97bc8974296cb5050f0b920011a8fb3ea0dc67304b8b6 | destinatario=ext_jcarrion@Falabella.cl | status=202
2026-01-28 13:12:19 - app - INFO - 3/5 - ext_jcarrion@Falabella.cl - status:202
2026-01-28 13:12:19 - app - INFO - Ejecutando get_array
2026-01-28 13:12:22 - app - INFO - Request enviado | request_id=3a3e1820cc0d4ce9161ca515305456feaba3241eb0485858e82f8a6c7a3024bb | destinatario=ext_jcarrion@Falabella.cl | status=202
2026-01-28 13:12:22 - app - INFO - 4/5 - ext_jcarrion@Falabella.cl - status:202
2026-01-28 13:12:22 - app - INFO - Ejecutando get_array
2026-01-28 13:12:24 - app - INFO - Request enviado | request_id=ee660bd6ca6affdd022af94b15c85f0f7af17908977535a8cdc7344f9d1e3539 | destinatario=ext_jcarrion@Falabella.cl | status=202
2026-01-28 13:12:24 - app - INFO - 5/5 - ext_jcarrion@Falabella.cl - status:202
2026-01-28 13:12:24 - app - INFO - Proceso de envío finalizado
2026-01-28 13:12:24 - app - INFO - Cargando datos en BigQuery | tabla=teams_validation_data | registros=5 | dropTable=False
2026-01-28 13:12:24 - app - INFO - Cargando datos a staging | tabla=stg_teams_validation_data | filas=5 | dropTable=False
2026-01-28 13:12:29 - app - INFO - Carga a staging completada exitosamente | tabla=sbox_jcarrion.stg_teams_validation_data
2026-01-28 13:12:29 - app - INFO - Iniciando MERGE | staging=stg_teams_validation_data | tabla_final=teams_validation_data
2026-01-28 13:12:33 - app - INFO - MERGE completado exitosamente | tabla_final=teams_validation_data
2026-01-28 13:12:33 - app - INFO - Carga BigQuery finalizada correctamente | tabla=teams_validation_data
2026-01-28 13:12:33 - app - INFO - Lote 60 persistido en BigQuery | registros=5
2026-01-28 13:12:34 - app - INFO - Procesando lote 61 | registros=5
2026-01-28 13:12:34 - app - INFO - Iniciando envío de 5 formularios
2026-01-28 13:12:34 - app - INFO - Ejecutando get_array
2026-01-28 13:12:36 - app - INFO - Request enviado | request_id=76ada7b2256e2fce3f66822a1e23fa61cf732c6b6559e9acadd1139185729375 | destinatario=ext_jcarrion@Falabella.cl | status=202
2026-01-28 13:12:36 - app - INFO - 1/5 - ext_jcarrion@Falabella.cl - status:202
2026-01-28 13:12:36 - app - INFO - Ejecutando get_array
2026-01-28 13:12:39 - app - INFO - Request enviado | request_id=e9efa3fa38c79232cac590f3124055fefbcd9ea9e12345b37505f7ebcc5a6705 | destinatario=ext_jcarrion@Falabella.cl | status=202
2026-01-28 13:12:39 - app - INFO - 2/5 - ext_jcarrion@Falabella.cl - status:202
2026-01-28 13:12:39 - app - INFO - Ejecutando get_array
2026-01-28 13:12:41 - app - INFO - Request enviado | request_id=6bc5dbada0b955d8c7f051692a236b110196264de47287d29d953c02586e50ac | destinatario=ext_jcarrion@Falabella.cl | status=202
2026-01-28 13:12:41 - app - INFO - 3/5 - ext_jcarrion@Falabella.cl - status:202
2026-01-28 13:12:41 - app - INFO - Ejecutando get_array
2026-01-28 13:12:44 - app - INFO - Request enviado | request_id=5510f7d866688ad33e0d1b9d8f793037a0bf36b4965c09ea23566416336a933f | destinatario=ext_jcarrion@Falabella.cl | status=202
2026-01-28 13:12:44 - app - INFO - 4/5 - ext_jcarrion@Falabella.cl - status:202
2026-01-28 13:12:44 - app - INFO - Ejecutando get_array
2026-01-28 13:12:46 - app - INFO - Request enviado | request_id=1f8d3c918b7f246c03869c92da6e8b281c270ad0589f0d44fde433820f136170 | destinatario=ext_jcarrion@Falabella.cl | status=202
2026-01-28 13:12:46 - app - INFO - 5/5 - ext_jcarrion@Falabella.cl - status:202
2026-01-28 13:12:46 - app - INFO - Proceso de envío finalizado
2026-01-28 13:12:46 - app - INFO - Cargando datos en BigQuery | tabla=teams_validation_data | registros=5 | dropTable=False
2026-01-28 13:12:46 - app - INFO - Cargando datos a staging | tabla=stg_teams_validation_data | filas=5 | dropTable=False
2026-01-28 13:12:51 - app - INFO - Carga a staging completada exitosamente | tabla=sbox_jcarrion.stg_teams_validation_data
2026-01-28 13:12:51 - app - INFO - Iniciando MERGE | staging=stg_teams_validation_data | tabla_final=teams_validation_data
2026-01-28 13:12:56 - app - INFO - MERGE completado exitosamente | tabla_final=teams_validation_data
2026-01-28 13:12:56 - app - INFO - Carga BigQuery finalizada correctamente | tabla=teams_validation_data
2026-01-28 13:12:56 - app - INFO - Lote 61 persistido en BigQuery | registros=5
2026-01-28 13:12:57 - app - INFO - Procesando lote 62 | registros=5
2026-01-28 13:12:57 - app - INFO - Iniciando envío de 5 formularios
2026-01-28 13:12:57 - app - INFO - Ejecutando get_array
2026-01-28 13:13:00 - app - INFO - Request enviado | request_id=09aba8e34e9cd80ef9ee222d0f7981a48af8acf5dcc9c0500e380de5b6c340ff | destinatario=ext_jcarrion@Falabella.cl | status=202
2026-01-28 13:13:00 - app - INFO - 1/5 - ext_jcarrion@Falabella.cl - status:202
2026-01-28 13:13:00 - app - INFO - Ejecutando get_array
2026-01-28 13:13:02 - app - INFO - Request enviado | request_id=367bdbb2b520465ab9f47f1a19cddaf069ab75fdd095d104c7976e7ec498db68 | destinatario=ext_jcarrion@Falabella.cl | status=202
2026-01-28 13:13:02 - app - INFO - 2/5 - ext_jcarrion@Falabella.cl - status:202
2026-01-28 13:13:02 - app - INFO - Ejecutando get_array
2026-01-28 13:13:05 - app - INFO - Request enviado | request_id=b42691436ce22d655218006a8fee16b0cdc6f92edfe5b34d89ba864abc62e0c7 | destinatario=ext_jcarrion@Falabella.cl | status=202
2026-01-28 13:13:05 - app - INFO - 3/5 - ext_jcarrion@Falabella.cl - status:202
2026-01-28 13:13:05 - app - INFO - Ejecutando get_array
2026-01-28 13:13:08 - app - INFO - Request enviado | request_id=c3d0e479b10ba4ee04a4e34c2516470aec5a1078d45839dc86bc740ccdbc7935 | destinatario=ext_jcarrion@Falabella.cl | status=202
2026-01-28 13:13:08 - app - INFO - 4/5 - ext_jcarrion@Falabella.cl - status:202
2026-01-28 13:13:08 - app - INFO - Ejecutando get_array
2026-01-28 13:13:10 - app - INFO - Request enviado | request_id=5458d10246cfbcfa088cfc3b60fa7322d7b1c568165e5ae87e1d7924b8a24504 | destinatario=ext_jcarrion@Falabella.cl | status=202
2026-01-28 13:13:10 - app - INFO - 5/5 - ext_jcarrion@Falabella.cl - status:202
2026-01-28 13:13:10 - app - INFO - Proceso de envío finalizado
2026-01-28 13:13:10 - app - INFO - Cargando datos en BigQuery | tabla=teams_validation_data | registros=5 | dropTable=False
2026-01-28 13:13:10 - app - INFO - Cargando datos a staging | tabla=stg_teams_validation_data | filas=5 | dropTable=False
2026-01-28 13:13:14 - app - INFO - Carga a staging completada exitosamente | tabla=sbox_jcarrion.stg_teams_validation_data
2026-01-28 13:13:14 - app - INFO - Iniciando MERGE | staging=stg_teams_validation_data | tabla_final=teams_validation_data
2026-01-28 13:13:18 - app - INFO - MERGE completado exitosamente | tabla_final=teams_validation_data
2026-01-28 13:13:18 - app - INFO - Carga BigQuery finalizada correctamente | tabla=teams_validation_data
2026-01-28 13:13:18 - app - INFO - Lote 62 persistido en BigQuery | registros=5
2026-01-28 13:13:19 - app - INFO - Procesando lote 63 | registros=5
2026-01-28 13:13:19 - app - INFO - Iniciando envío de 5 formularios
2026-01-28 13:13:19 - app - INFO - Ejecutando get_array
2026-01-28 13:13:22 - app - INFO - Request enviado | request_id=46a911486eda2c7ca3bf80c93a17a66f1c4afda675c66c35e6298543294fb5d1 | destinatario=ext_jcarrion@Falabella.cl | status=202
2026-01-28 13:13:22 - app - INFO - 1/5 - ext_jcarrion@Falabella.cl - status:202
2026-01-28 13:13:22 - app - INFO - Ejecutando get_array
2026-01-28 13:13:25 - app - INFO - Request enviado | request_id=1610e8f850098496ac0588fd2ba0bb50cdaf5bf4eb060437ae7e172b69e55dd1 | destinatario=ext_jcarrion@Falabella.cl | status=202
2026-01-28 13:13:25 - app - INFO - 2/5 - ext_jcarrion@Falabella.cl - status:202
2026-01-28 13:13:25 - app - INFO - Ejecutando get_array
2026-01-28 13:13:27 - app - INFO - Request enviado | request_id=760c0fcdadbdf7a87e5fd00a01206482aff5ac854a4938725ffd04448b18960a | destinatario=ext_jcarrion@Falabella.cl | status=202
2026-01-28 13:13:27 - app - INFO - 3/5 - ext_jcarrion@Falabella.cl - status:202
2026-01-28 13:13:27 - app - INFO - Ejecutando get_array
2026-01-28 13:13:30 - app - INFO - Request enviado | request_id=78b7810773b8108f36c4dc524bc2c90bcaaff1e4c84352b2588890f21e03c07e | destinatario=ext_jcarrion@Falabella.cl | status=202
2026-01-28 13:13:30 - app - INFO - 4/5 - ext_jcarrion@Falabella.cl - status:202
2026-01-28 13:13:30 - app - INFO - Ejecutando get_array
2026-01-28 13:13:32 - app - INFO - Request enviado | request_id=8186c3249c1309add106859ccacb3fb7b5838d053907978cebcccfa79f96439e | destinatario=ext_jcarrion@Falabella.cl | status=202
2026-01-28 13:13:32 - app - INFO - 5/5 - ext_jcarrion@Falabella.cl - status:202
2026-01-28 13:13:32 - app - INFO - Proceso de envío finalizado
2026-01-28 13:13:32 - app - INFO - Cargando datos en BigQuery | tabla=teams_validation_data | registros=5 | dropTable=False
2026-01-28 13:13:32 - app - INFO - Cargando datos a staging | tabla=stg_teams_validation_data | filas=5 | dropTable=False
2026-01-28 13:13:36 - app - INFO - Carga a staging completada exitosamente | tabla=sbox_jcarrion.stg_teams_validation_data
2026-01-28 13:13:36 - app - INFO - Iniciando MERGE | staging=stg_teams_validation_data | tabla_final=teams_validation_data
2026-01-28 13:13:39 - app - INFO - MERGE completado exitosamente | tabla_final=teams_validation_data
2026-01-28 13:13:39 - app - INFO - Carga BigQuery finalizada correctamente | tabla=teams_validation_data
2026-01-28 13:13:39 - app - INFO - Lote 63 persistido en BigQuery | registros=5
2026-01-28 13:13:40 - app - INFO - Procesando lote 64 | registros=5
2026-01-28 13:13:40 - app - INFO - Iniciando envío de 5 formularios
2026-01-28 13:13:40 - app - INFO - Ejecutando get_array
2026-01-28 13:13:42 - app - INFO - Request enviado | request_id=a2bf040dbb070f48094d2e02ddc6c70ff552534b72b018b2d3ee6bb728d30a83 | destinatario=ext_jcarrion@Falabella.cl | status=202
2026-01-28 13:13:42 - app - INFO - 1/5 - ext_jcarrion@Falabella.cl - status:202
2026-01-28 13:13:42 - app - INFO - Ejecutando get_array
2026-01-28 13:13:45 - app - INFO - Request enviado | request_id=ad03130bdee961af26b261a4708ecf84330c1fdb3676b38465146119aa7f6bd6 | destinatario=ext_jcarrion@Falabella.cl | status=202
2026-01-28 13:13:45 - app - INFO - 2/5 - ext_jcarrion@Falabella.cl - status:202
2026-01-28 13:13:45 - app - INFO - Ejecutando get_array
2026-01-28 13:13:48 - app - INFO - Request enviado | request_id=05fd87158cc057fdfa9223f6e5315ed4f9ca6a0ae8eb51951577887492693710 | destinatario=ext_jcarrion@Falabella.cl | status=202
2026-01-28 13:13:48 - app - INFO - 3/5 - ext_jcarrion@Falabella.cl - status:202
2026-01-28 13:13:48 - app - INFO - Ejecutando get_array
2026-01-28 13:13:53 - app - INFO - Request enviado | request_id=736672d9f6737e419e86e3e6c76f51ef16ff90b8b3fe9317d082cd81d98b17e1 | destinatario=ext_jcarrion@Falabella.cl | status=202
2026-01-28 13:13:53 - app - INFO - 4/5 - ext_jcarrion@Falabella.cl - status:202
2026-01-28 13:13:53 - app - INFO - Ejecutando get_array
2026-01-28 13:13:56 - app - INFO - Request enviado | request_id=f58d4b0f0f0a4e6ab7a12f66f794f70faeedd800336760a9050b27bba1b36531 | destinatario=ext_jcarrion@Falabella.cl | status=202
2026-01-28 13:13:56 - app - INFO - 5/5 - ext_jcarrion@Falabella.cl - status:202
2026-01-28 13:13:56 - app - INFO - Proceso de envío finalizado
2026-01-28 13:13:56 - app - INFO - Cargando datos en BigQuery | tabla=teams_validation_data | registros=5 | dropTable=False
2026-01-28 13:13:56 - app - INFO - Cargando datos a staging | tabla=stg_teams_validation_data | filas=5 | dropTable=False
2026-01-28 13:14:00 - app - INFO - Carga a staging completada exitosamente | tabla=sbox_jcarrion.stg_teams_validation_data
2026-01-28 13:14:00 - app - INFO - Iniciando MERGE | staging=stg_teams_validation_data | tabla_final=teams_validation_data
2026-01-28 13:14:03 - app - INFO - MERGE completado exitosamente | tabla_final=teams_validation_data
2026-01-28 13:14:03 - app - INFO - Carga BigQuery finalizada correctamente | tabla=teams_validation_data
2026-01-28 13:14:03 - app - INFO - Lote 64 persistido en BigQuery | registros=5
2026-01-28 13:14:04 - app - INFO - Procesando lote 65 | registros=5
2026-01-28 13:14:04 - app - INFO - Iniciando envío de 5 formularios
2026-01-28 13:14:04 - app - INFO - Ejecutando get_array
2026-01-28 13:14:07 - app - INFO - Request enviado | request_id=5daaf0dcb73c6247c0f2a27d21b75ef4e619135b9306a83d6f7ca39663dfe633 | destinatario=ext_jcarrion@Falabella.cl | status=202
2026-01-28 13:14:07 - app - INFO - 1/5 - ext_jcarrion@Falabella.cl - status:202
2026-01-28 13:14:07 - app - INFO - Ejecutando get_array
2026-01-28 13:14:09 - app - INFO - Request enviado | request_id=2585ab8b331574c4f267b8d02f623302150d55993f35498f9335ec3eb07f63be | destinatario=ext_jcarrion@Falabella.cl | status=202
2026-01-28 13:14:09 - app - INFO - 2/5 - ext_jcarrion@Falabella.cl - status:202
2026-01-28 13:14:09 - app - INFO - Ejecutando get_array
2026-01-28 13:14:12 - app - INFO - Request enviado | request_id=9caa3d2bd6c65ccdab59b1d86bf83ac817557ee17bc64cee95e9ec162d8fb650 | destinatario=ext_jcarrion@Falabella.cl | status=202
2026-01-28 13:14:12 - app - INFO - 3/5 - ext_jcarrion@Falabella.cl - status:202
2026-01-28 13:14:12 - app - INFO - Ejecutando get_array
2026-01-28 13:14:14 - app - INFO - Request enviado | request_id=0a6be0b66b53b1bdb6bdaf57d829f9569c4c65d9a95e90c89b0e96568086d5f8 | destinatario=ext_jcarrion@Falabella.cl | status=202
2026-01-28 13:14:14 - app - INFO - 4/5 - ext_jcarrion@Falabella.cl - status:202
2026-01-28 13:14:14 - app - INFO - Ejecutando get_array
2026-01-28 13:14:17 - app - INFO - Request enviado | request_id=fb0bc80abc5b792353624c4858279852e9dd5ce9f387a3891a668328c4b9182f | destinatario=ext_jcarrion@Falabella.cl | status=202
2026-01-28 13:14:17 - app - INFO - 5/5 - ext_jcarrion@Falabella.cl - status:202
2026-01-28 13:14:17 - app - INFO - Proceso de envío finalizado
2026-01-28 13:14:17 - app - INFO - Cargando datos en BigQuery | tabla=teams_validation_data | registros=5 | dropTable=False
2026-01-28 13:14:17 - app - INFO - Cargando datos a staging | tabla=stg_teams_validation_data | filas=5 | dropTable=False
2026-01-28 13:14:21 - app - INFO - Carga a staging completada exitosamente | tabla=sbox_jcarrion.stg_teams_validation_data
2026-01-28 13:14:21 - app - INFO - Iniciando MERGE | staging=stg_teams_validation_data | tabla_final=teams_validation_data
2026-01-28 13:14:24 - app - INFO - MERGE completado exitosamente | tabla_final=teams_validation_data
2026-01-28 13:14:24 - app - INFO - Carga BigQuery finalizada correctamente | tabla=teams_validation_data
2026-01-28 13:14:24 - app - INFO - Lote 65 persistido en BigQuery | registros=5
2026-01-28 13:14:25 - app - INFO - Procesando lote 66 | registros=5
2026-01-28 13:14:25 - app - INFO - Iniciando envío de 5 formularios
2026-01-28 13:14:25 - app - INFO - Ejecutando get_array
2026-01-28 13:14:28 - app - INFO - Request enviado | request_id=3c661e042fedd4c304fc0efc7aa268a54970400e0a4bc4fe5706293a31a79cf0 | destinatario=ext_jcarrion@Falabella.cl | status=202
2026-01-28 13:14:28 - app - INFO - 1/5 - ext_jcarrion@Falabella.cl - status:202
2026-01-28 13:14:28 - app - INFO - Ejecutando get_array
2026-01-28 13:14:30 - app - INFO - Request enviado | request_id=44a7815694eb470b0ac59454f57bf9fff7ddf6b445b98e74b54e807acba70984 | destinatario=ext_jcarrion@Falabella.cl | status=202
2026-01-28 13:14:30 - app - INFO - 2/5 - ext_jcarrion@Falabella.cl - status:202
2026-01-28 13:14:30 - app - INFO - Ejecutando get_array
2026-01-28 13:14:33 - app - INFO - Request enviado | request_id=e15e75a9576485b8ec43828cbd76260f4ef8a28af01a37881e2a317c36ab0436 | destinatario=ext_jcarrion@Falabella.cl | status=202
2026-01-28 13:14:33 - app - INFO - 3/5 - ext_jcarrion@Falabella.cl - status:202
2026-01-28 13:14:33 - app - INFO - Ejecutando get_array
2026-01-28 13:14:35 - app - INFO - Request enviado | request_id=760ecfb54f535edfae64a68c21a693481e84fcc63cff2c364d1f48391be75193 | destinatario=ext_jcarrion@Falabella.cl | status=202
2026-01-28 13:14:35 - app - INFO - 4/5 - ext_jcarrion@Falabella.cl - status:202
2026-01-28 13:14:35 - app - INFO - Ejecutando get_array
2026-01-28 13:14:38 - app - INFO - Request enviado | request_id=3e5c659e37785a22c96ee69f23889a3fe15d2d224ac4de3c91ae4ae5eca8a306 | destinatario=ext_jcarrion@Falabella.cl | status=202
2026-01-28 13:14:38 - app - INFO - 5/5 - ext_jcarrion@Falabella.cl - status:202
2026-01-28 13:14:38 - app - INFO - Proceso de envío finalizado
2026-01-28 13:14:38 - app - INFO - Cargando datos en BigQuery | tabla=teams_validation_data | registros=5 | dropTable=False
2026-01-28 13:14:38 - app - INFO - Cargando datos a staging | tabla=stg_teams_validation_data | filas=5 | dropTable=False
2026-01-28 13:14:42 - app - INFO - Carga a staging completada exitosamente | tabla=sbox_jcarrion.stg_teams_validation_data
2026-01-28 13:14:42 - app - INFO - Iniciando MERGE | staging=stg_teams_validation_data | tabla_final=teams_validation_data
2026-01-28 13:14:45 - app - INFO - MERGE completado exitosamente | tabla_final=teams_validation_data
2026-01-28 13:14:45 - app - INFO - Carga BigQuery finalizada correctamente | tabla=teams_validation_data
2026-01-28 13:14:45 - app - INFO - Lote 66 persistido en BigQuery | registros=5
2026-01-28 13:14:46 - app - INFO - Procesando lote 67 | registros=5
2026-01-28 13:14:46 - app - INFO - Iniciando envío de 5 formularios
2026-01-28 13:14:46 - app - INFO - Ejecutando get_array
2026-01-28 13:14:49 - app - INFO - Request enviado | request_id=2fc6571a3a1b08804fe873a1bd9bb508d82d40d5835b70598379e215b67bed73 | destinatario=ext_jcarrion@Falabella.cl | status=202
2026-01-28 13:14:49 - app - INFO - 1/5 - ext_jcarrion@Falabella.cl - status:202
2026-01-28 13:14:49 - app - INFO - Ejecutando get_array
2026-01-28 13:14:51 - app - INFO - Request enviado | request_id=5c064a35be755cabd041899e31c53f5b8d6327a2a22f3c85b5fdebb29a59a734 | destinatario=ext_jcarrion@Falabella.cl | status=202
2026-01-28 13:14:51 - app - INFO - 2/5 - ext_jcarrion@Falabella.cl - status:202
2026-01-28 13:14:51 - app - INFO - Ejecutando get_array
2026-01-28 13:14:54 - app - INFO - Request enviado | request_id=f5cb4f3a44d02f48fda9a0f2f2a1058d0361d4ceb267f9dc33d3f156fee98c86 | destinatario=ext_jcarrion@Falabella.cl | status=202
2026-01-28 13:14:54 - app - INFO - 3/5 - ext_jcarrion@Falabella.cl - status:202
2026-01-28 13:14:54 - app - INFO - Ejecutando get_array
2026-01-28 13:14:56 - app - INFO - Request enviado | request_id=3f80602fc2dec74c1bfac5a2948a5d95b0c4a532fabab1e006ffb5ef71647f70 | destinatario=ext_jcarrion@Falabella.cl | status=202
2026-01-28 13:14:56 - app - INFO - 4/5 - ext_jcarrion@Falabella.cl - status:202
2026-01-28 13:14:56 - app - INFO - Ejecutando get_array
2026-01-28 13:14:59 - app - INFO - Request enviado | request_id=0a2d1f144c78b51137757c114657ba955535244a6e11e710c01f1a0e831c3a74 | destinatario=ext_jcarrion@Falabella.cl | status=202
2026-01-28 13:14:59 - app - INFO - 5/5 - ext_jcarrion@Falabella.cl - status:202
2026-01-28 13:14:59 - app - INFO - Proceso de envío finalizado
2026-01-28 13:14:59 - app - INFO - Cargando datos en BigQuery | tabla=teams_validation_data | registros=5 | dropTable=False
2026-01-28 13:14:59 - app - INFO - Cargando datos a staging | tabla=stg_teams_validation_data | filas=5 | dropTable=False
2026-01-28 13:15:03 - app - INFO - Carga a staging completada exitosamente | tabla=sbox_jcarrion.stg_teams_validation_data
2026-01-28 13:15:03 - app - INFO - Iniciando MERGE | staging=stg_teams_validation_data | tabla_final=teams_validation_data
2026-01-28 13:15:06 - app - INFO - MERGE completado exitosamente | tabla_final=teams_validation_data
2026-01-28 13:15:06 - app - INFO - Carga BigQuery finalizada correctamente | tabla=teams_validation_data
2026-01-28 13:15:06 - app - INFO - Lote 67 persistido en BigQuery | registros=5
2026-01-28 13:15:07 - app - INFO - Procesando lote 68 | registros=5
2026-01-28 13:15:07 - app - INFO - Iniciando envío de 5 formularios
2026-01-28 13:15:07 - app - INFO - Ejecutando get_array
2026-01-28 13:15:10 - app - INFO - Request enviado | request_id=a0cda1061150ebff4088b6053465de3f44c57cbab9c2402afb2e590460161f34 | destinatario=ext_jcarrion@Falabella.cl | status=202
2026-01-28 13:15:10 - app - INFO - 1/5 - ext_jcarrion@Falabella.cl - status:202
2026-01-28 13:15:10 - app - INFO - Ejecutando get_array
2026-01-28 13:15:13 - app - INFO - Request enviado | request_id=27ea905377eeb8b9406750e3843b33b3d9afb02d1f821d24c9241c3e2c926a96 | destinatario=ext_jcarrion@Falabella.cl | status=202
2026-01-28 13:15:13 - app - INFO - 2/5 - ext_jcarrion@Falabella.cl - status:202
2026-01-28 13:15:13 - app - INFO - Ejecutando get_array
2026-01-28 13:15:15 - app - INFO - Request enviado | request_id=d5f7c14bbd2b2b21cec94e9085246cd25d249dabd6c4974b9b89e1f4d5e90f59 | destinatario=ext_jcarrion@Falabella.cl | status=202
2026-01-28 13:15:15 - app - INFO - 3/5 - ext_jcarrion@Falabella.cl - status:202
2026-01-28 13:15:15 - app - INFO - Ejecutando get_array
2026-01-28 13:15:18 - app - INFO - Request enviado | request_id=579f8b8870eb93e9338fbacfbd50b5c85d7eb817559d2b50e855ce85dce26a77 | destinatario=ext_jcarrion@Falabella.cl | status=202
2026-01-28 13:15:18 - app - INFO - 4/5 - ext_jcarrion@Falabella.cl - status:202
2026-01-28 13:15:18 - app - INFO - Ejecutando get_array
2026-01-28 13:15:20 - app - INFO - Request enviado | request_id=620bc93a445529ee1430593fa4e0a1deb5ad2f260f7d2c7a9981aaf40514e146 | destinatario=ext_jcarrion@Falabella.cl | status=202
2026-01-28 13:15:20 - app - INFO - 5/5 - ext_jcarrion@Falabella.cl - status:202
2026-01-28 13:15:20 - app - INFO - Proceso de envío finalizado
2026-01-28 13:15:20 - app - INFO - Cargando datos en BigQuery | tabla=teams_validation_data | registros=5 | dropTable=False
2026-01-28 13:15:20 - app - INFO - Cargando datos a staging | tabla=stg_teams_validation_data | filas=5 | dropTable=False
2026-01-28 13:15:25 - app - INFO - Carga a staging completada exitosamente | tabla=sbox_jcarrion.stg_teams_validation_data
2026-01-28 13:15:25 - app - INFO - Iniciando MERGE | staging=stg_teams_validation_data | tabla_final=teams_validation_data
2026-01-28 13:15:28 - app - INFO - MERGE completado exitosamente | tabla_final=teams_validation_data
2026-01-28 13:15:28 - app - INFO - Carga BigQuery finalizada correctamente | tabla=teams_validation_data
2026-01-28 13:15:28 - app - INFO - Lote 68 persistido en BigQuery | registros=5
2026-01-28 13:15:29 - app - INFO - Procesando lote 69 | registros=5
2026-01-28 13:15:29 - app - INFO - Iniciando envío de 5 formularios
2026-01-28 13:15:29 - app - INFO - Ejecutando get_array
2026-01-28 13:15:31 - app - INFO - Request enviado | request_id=195e1bada5391e7d41d0d349a9aefa81181740bc31ee7f30e7439deea2c868c4 | destinatario=ext_jcarrion@Falabella.cl | status=202
2026-01-28 13:15:31 - app - INFO - 1/5 - ext_jcarrion@Falabella.cl - status:202
2026-01-28 13:15:31 - app - INFO - Ejecutando get_array
2026-01-28 13:15:34 - app - INFO - Request enviado | request_id=40e36b5e78b9d674d1648b5f7d4daa5a07cfc75c9024f7e190b2ac5a2cd569c4 | destinatario=ext_jcarrion@Falabella.cl | status=202
2026-01-28 13:15:34 - app - INFO - 2/5 - ext_jcarrion@Falabella.cl - status:202
2026-01-28 13:15:34 - app - INFO - Ejecutando get_array
2026-01-28 13:15:36 - app - INFO - Request enviado | request_id=8e246c75dea18fb7a95c4bf74efc70f69d99a2043deb20989c5bbec13c027f96 | destinatario=ext_jcarrion@Falabella.cl | status=202
2026-01-28 13:15:36 - app - INFO - 3/5 - ext_jcarrion@Falabella.cl - status:202
2026-01-28 13:15:36 - app - INFO - Ejecutando get_array
2026-01-28 13:15:39 - app - INFO - Request enviado | request_id=04d1310857380ff5f115ab3bca0ef9e3adb525a2afffaa7ccd90f96a4a1a6a06 | destinatario=ext_jcarrion@Falabella.cl | status=202
2026-01-28 13:15:39 - app - INFO - 4/5 - ext_jcarrion@Falabella.cl - status:202
2026-01-28 13:15:39 - app - INFO - Ejecutando get_array
2026-01-28 13:15:41 - app - INFO - Request enviado | request_id=1d716aea4f04f419494ea7f4a66e5bde780d98d6757670641177ee3868d748e6 | destinatario=ext_jcarrion@Falabella.cl | status=202
2026-01-28 13:15:41 - app - INFO - 5/5 - ext_jcarrion@Falabella.cl - status:202
2026-01-28 13:15:41 - app - INFO - Proceso de envío finalizado
2026-01-28 13:15:41 - app - INFO - Cargando datos en BigQuery | tabla=teams_validation_data | registros=5 | dropTable=False
2026-01-28 13:15:41 - app - INFO - Cargando datos a staging | tabla=stg_teams_validation_data | filas=5 | dropTable=False
2026-01-28 13:15:45 - app - INFO - Carga a staging completada exitosamente | tabla=sbox_jcarrion.stg_teams_validation_data
2026-01-28 13:15:45 - app - INFO - Iniciando MERGE | staging=stg_teams_validation_data | tabla_final=teams_validation_data
2026-01-28 13:15:48 - app - INFO - MERGE completado exitosamente | tabla_final=teams_validation_data
2026-01-28 13:15:48 - app - INFO - Carga BigQuery finalizada correctamente | tabla=teams_validation_data
2026-01-28 13:15:48 - app - INFO - Lote 69 persistido en BigQuery | registros=5
2026-01-28 13:15:49 - app - INFO - Procesando lote 70 | registros=5
2026-01-28 13:15:49 - app - INFO - Iniciando envío de 5 formularios
2026-01-28 13:15:49 - app - INFO - Ejecutando get_array
2026-01-28 13:15:52 - app - INFO - Request enviado | request_id=35d2932fdc5147aa61b49b916c115ebfe96fff09df4833c524774ab7c2f96428 | destinatario=ext_jcarrion@Falabella.cl | status=202
2026-01-28 13:15:52 - app - INFO - 1/5 - ext_jcarrion@Falabella.cl - status:202
2026-01-28 13:15:52 - app - INFO - Ejecutando get_array
2026-01-28 13:15:54 - app - INFO - Request enviado | request_id=7094d9b411c2e6fc6b77e5f4d9f5a2f7f39295ba86861c6998157851965c1ea0 | destinatario=ext_jcarrion@Falabella.cl | status=202
2026-01-28 13:15:54 - app - INFO - 2/5 - ext_jcarrion@Falabella.cl - status:202
2026-01-28 13:15:54 - app - INFO - Ejecutando get_array
2026-01-28 13:15:57 - app - INFO - Request enviado | request_id=0f2cef3e0a640e9a33a558cbd0977ca532ea1f53aa5980570b354b5df76e6b99 | destinatario=ext_jcarrion@Falabella.cl | status=202
2026-01-28 13:15:57 - app - INFO - 3/5 - ext_jcarrion@Falabella.cl - status:202
2026-01-28 13:15:57 - app - INFO - Ejecutando get_array
2026-01-28 13:15:59 - app - INFO - Request enviado | request_id=2b5acb2c277e35010cde585383ff4244616c4df388b485738a7312f308ce0980 | destinatario=ext_jcarrion@Falabella.cl | status=202
2026-01-28 13:15:59 - app - INFO - 4/5 - ext_jcarrion@Falabella.cl - status:202
2026-01-28 13:15:59 - app - INFO - Ejecutando get_array
2026-01-28 13:16:02 - app - INFO - Request enviado | request_id=d1c79629fbc7090d9503a5ed9d94e61b4f96173ba34ec7d4722070ec498eb74a | destinatario=ext_jcarrion@Falabella.cl | status=202
2026-01-28 13:16:02 - app - INFO - 5/5 - ext_jcarrion@Falabella.cl - status:202
2026-01-28 13:16:02 - app - INFO - Proceso de envío finalizado
2026-01-28 13:16:02 - app - INFO - Cargando datos en BigQuery | tabla=teams_validation_data | registros=5 | dropTable=False
2026-01-28 13:16:02 - app - INFO - Cargando datos a staging | tabla=stg_teams_validation_data | filas=5 | dropTable=False
2026-01-28 13:16:06 - app - INFO - Carga a staging completada exitosamente | tabla=sbox_jcarrion.stg_teams_validation_data
2026-01-28 13:16:06 - app - INFO - Iniciando MERGE | staging=stg_teams_validation_data | tabla_final=teams_validation_data
2026-01-28 13:16:09 - app - INFO - MERGE completado exitosamente | tabla_final=teams_validation_data
2026-01-28 13:16:09 - app - INFO - Carga BigQuery finalizada correctamente | tabla=teams_validation_data
2026-01-28 13:16:09 - app - INFO - Lote 70 persistido en BigQuery | registros=5
2026-01-28 13:16:10 - app - INFO - Procesando lote 71 | registros=5
2026-01-28 13:16:10 - app - INFO - Iniciando envío de 5 formularios
2026-01-28 13:16:10 - app - INFO - Ejecutando get_array
2026-01-28 13:16:13 - app - INFO - Request enviado | request_id=014a35f5fa3f826f5848075d5ebf41d6f3275fed19ec5776a6d6acdb90928c10 | destinatario=ext_jcarrion@Falabella.cl | status=202
2026-01-28 13:16:13 - app - INFO - 1/5 - ext_jcarrion@Falabella.cl - status:202
2026-01-28 13:16:13 - app - INFO - Ejecutando get_array
2026-01-28 13:16:15 - app - INFO - Request enviado | request_id=bb390214b398351c533707861d092b83df690e8a681de9b88789be800e142ca9 | destinatario=ext_jcarrion@Falabella.cl | status=202
2026-01-28 13:16:15 - app - INFO - 2/5 - ext_jcarrion@Falabella.cl - status:202
2026-01-28 13:16:15 - app - INFO - Ejecutando get_array
2026-01-28 13:16:18 - app - INFO - Request enviado | request_id=d3fca0f0d7dddfd809755301db32f902855ad7ac35107b692d07fd3188da1f12 | destinatario=ext_jcarrion@Falabella.cl | status=202
2026-01-28 13:16:18 - app - INFO - 3/5 - ext_jcarrion@Falabella.cl - status:202
2026-01-28 13:16:18 - app - INFO - Ejecutando get_array
2026-01-28 13:16:20 - app - INFO - Request enviado | request_id=7110f01f17acd2c7e9e99ad2c7b7b49e9550785374aaa10a203ebc05885f4b1d | destinatario=ext_jcarrion@Falabella.cl | status=202
2026-01-28 13:16:20 - app - INFO - 4/5 - ext_jcarrion@Falabella.cl - status:202
2026-01-28 13:16:20 - app - INFO - Ejecutando get_array
2026-01-28 13:16:23 - app - INFO - Request enviado | request_id=f1e9b6c3e4972ec071d348fb0a60271c0e7842828395f1ae56804ec7f20ce9cb | destinatario=ext_jcarrion@Falabella.cl | status=202
2026-01-28 13:16:23 - app - INFO - 5/5 - ext_jcarrion@Falabella.cl - status:202
2026-01-28 13:16:23 - app - INFO - Proceso de envío finalizado
2026-01-28 13:16:23 - app - INFO - Cargando datos en BigQuery | tabla=teams_validation_data | registros=5 | dropTable=False
2026-01-28 13:16:23 - app - INFO - Cargando datos a staging | tabla=stg_teams_validation_data | filas=5 | dropTable=False
2026-01-28 13:16:27 - app - INFO - Carga a staging completada exitosamente | tabla=sbox_jcarrion.stg_teams_validation_data
2026-01-28 13:16:27 - app - INFO - Iniciando MERGE | staging=stg_teams_validation_data | tabla_final=teams_validation_data
2026-01-28 13:16:30 - app - INFO - MERGE completado exitosamente | tabla_final=teams_validation_data
2026-01-28 13:16:30 - app - INFO - Carga BigQuery finalizada correctamente | tabla=teams_validation_data
2026-01-28 13:16:30 - app - INFO - Lote 71 persistido en BigQuery | registros=5
2026-01-28 13:16:31 - app - INFO - Procesando lote 72 | registros=5
2026-01-28 13:16:31 - app - INFO - Iniciando envío de 5 formularios
2026-01-28 13:16:31 - app - INFO - Ejecutando get_array
2026-01-28 13:16:34 - app - INFO - Request enviado | request_id=23024fd337853dc2e38530a416a4412f192f755b7b0c57d34b3e488502fbbeb7 | destinatario=ext_jcarrion@Falabella.cl | status=202
2026-01-28 13:16:34 - app - INFO - 1/5 - ext_jcarrion@Falabella.cl - status:202
2026-01-28 13:16:34 - app - INFO - Ejecutando get_array
2026-01-28 13:16:37 - app - INFO - Request enviado | request_id=8a3e8d143fb7e82a2fded029fa33c676209d0f3436380b8a029007e9cf90dfd4 | destinatario=ext_jcarrion@Falabella.cl | status=202
2026-01-28 13:16:37 - app - INFO - 2/5 - ext_jcarrion@Falabella.cl - status:202
2026-01-28 13:16:37 - app - INFO - Ejecutando get_array
2026-01-28 13:16:39 - app - INFO - Request enviado | request_id=a7f20713641fc4485b2c2d3eba11efecaf3a04360e6ac623de25957bdeef7ed1 | destinatario=ext_jcarrion@Falabella.cl | status=202
2026-01-28 13:16:39 - app - INFO - 3/5 - ext_jcarrion@Falabella.cl - status:202
2026-01-28 13:16:39 - app - INFO - Ejecutando get_array
2026-01-28 13:16:42 - app - INFO - Request enviado | request_id=2a3470c48aa2b2517aab5962e8520deb9029f1b6b100e868387ea1d3c9be0c28 | destinatario=ext_jcarrion@Falabella.cl | status=202
2026-01-28 13:16:42 - app - INFO - 4/5 - ext_jcarrion@Falabella.cl - status:202
2026-01-28 13:16:42 - app - INFO - Ejecutando get_array
2026-01-28 13:16:44 - app - INFO - Request enviado | request_id=1786e521c2eb0128b787560812231488d7b938f6955aea6df9f074eaf2ca4108 | destinatario=ext_jcarrion@Falabella.cl | status=202
2026-01-28 13:16:44 - app - INFO - 5/5 - ext_jcarrion@Falabella.cl - status:202
2026-01-28 13:16:44 - app - INFO - Proceso de envío finalizado
2026-01-28 13:16:44 - app - INFO - Cargando datos en BigQuery | tabla=teams_validation_data | registros=5 | dropTable=False
2026-01-28 13:16:44 - app - INFO - Cargando datos a staging | tabla=stg_teams_validation_data | filas=5 | dropTable=False
2026-01-28 13:16:49 - app - INFO - Carga a staging completada exitosamente | tabla=sbox_jcarrion.stg_teams_validation_data
2026-01-28 13:16:49 - app - INFO - Iniciando MERGE | staging=stg_teams_validation_data | tabla_final=teams_validation_data
2026-01-28 13:16:53 - app - INFO - MERGE completado exitosamente | tabla_final=teams_validation_data
2026-01-28 13:16:53 - app - INFO - Carga BigQuery finalizada correctamente | tabla=teams_validation_data
2026-01-28 13:16:53 - app - INFO - Lote 72 persistido en BigQuery | registros=5
2026-01-28 13:16:54 - app - INFO - Procesando lote 73 | registros=5
2026-01-28 13:16:54 - app - INFO - Iniciando envío de 5 formularios
2026-01-28 13:16:54 - app - INFO - Ejecutando get_array
2026-01-28 13:16:57 - app - INFO - Request enviado | request_id=1abe6e3fad419ad0ca3956c167b1aaec40c4d855b1bd4609917f27123b2fb9be | destinatario=ext_jcarrion@Falabella.cl | status=202
2026-01-28 13:16:57 - app - INFO - 1/5 - ext_jcarrion@Falabella.cl - status:202
2026-01-28 13:16:57 - app - INFO - Ejecutando get_array
2026-01-28 13:16:59 - app - INFO - Request enviado | request_id=fe5986027f2b9c17923d02d3389b89fb0e81eede6e90ab59d959c1e8d268ddde | destinatario=ext_jcarrion@Falabella.cl | status=202
2026-01-28 13:16:59 - app - INFO - 2/5 - ext_jcarrion@Falabella.cl - status:202
2026-01-28 13:16:59 - app - INFO - Ejecutando get_array
2026-01-28 13:17:02 - app - INFO - Request enviado | request_id=699b02237e7a188267e1eeb55614cba43214ed840328771fe4ee86833be1c448 | destinatario=ext_jcarrion@Falabella.cl | status=202
2026-01-28 13:17:02 - app - INFO - 3/5 - ext_jcarrion@Falabella.cl - status:202
2026-01-28 13:17:02 - app - INFO - Ejecutando get_array
2026-01-28 13:17:11 - app - INFO - Request enviado | request_id=75078a5a01e70c0dd24f828a779445648fde379c9ec33e9199928ff8ebcca6eb | destinatario=ext_jcarrion@Falabella.cl | status=202
2026-01-28 13:17:11 - app - INFO - 4/5 - ext_jcarrion@Falabella.cl - status:202
2026-01-28 13:17:11 - app - INFO - Ejecutando get_array
2026-01-28 13:17:14 - app - INFO - Request enviado | request_id=aadbbdbdb7d22fbfb3659943f8411ca97779c8f96c13e9a6442aa499509f8a45 | destinatario=ext_jcarrion@Falabella.cl | status=202
2026-01-28 13:17:14 - app - INFO - 5/5 - ext_jcarrion@Falabella.cl - status:202
2026-01-28 13:17:14 - app - INFO - Proceso de envío finalizado
2026-01-28 13:17:14 - app - INFO - Cargando datos en BigQuery | tabla=teams_validation_data | registros=5 | dropTable=False
2026-01-28 13:17:14 - app - INFO - Cargando datos a staging | tabla=stg_teams_validation_data | filas=5 | dropTable=False
2026-01-28 13:17:19 - app - INFO - Carga a staging completada exitosamente | tabla=sbox_jcarrion.stg_teams_validation_data
2026-01-28 13:17:19 - app - INFO - Iniciando MERGE | staging=stg_teams_validation_data | tabla_final=teams_validation_data
2026-01-28 13:17:22 - app - INFO - MERGE completado exitosamente | tabla_final=teams_validation_data
2026-01-28 13:17:22 - app - INFO - Carga BigQuery finalizada correctamente | tabla=teams_validation_data
2026-01-28 13:17:22 - app - INFO - Lote 73 persistido en BigQuery | registros=5
2026-01-28 13:17:23 - app - INFO - Procesando lote 74 | registros=5
2026-01-28 13:17:23 - app - INFO - Iniciando envío de 5 formularios
2026-01-28 13:17:23 - app - INFO - Ejecutando get_array
2026-01-28 13:17:26 - app - INFO - Request enviado | request_id=1c903c66a6d00d9679f5a599cfd9993bfa11e6c154a3358efed794c1a4c4fffa | destinatario=ext_jcarrion@Falabella.cl | status=202
2026-01-28 13:17:26 - app - INFO - 1/5 - ext_jcarrion@Falabella.cl - status:202
2026-01-28 13:17:26 - app - INFO - Ejecutando get_array
2026-01-28 13:17:29 - app - INFO - Request enviado | request_id=e08d064ec2a44dd0c931a3a0c433552f787afe12421bd14345b5b9d0fcb9be03 | destinatario=ext_jcarrion@Falabella.cl | status=202
2026-01-28 13:17:29 - app - INFO - 2/5 - ext_jcarrion@Falabella.cl - status:202
2026-01-28 13:17:29 - app - INFO - Ejecutando get_array
2026-01-28 13:17:32 - app - INFO - Request enviado | request_id=d136be55c239ba5cc64a61e6001ddfe0fdb963e0d062fb1438c8f9ca85dc2de6 | destinatario=ext_jcarrion@Falabella.cl | status=202
2026-01-28 13:17:32 - app - INFO - 3/5 - ext_jcarrion@Falabella.cl - status:202
2026-01-28 13:17:32 - app - INFO - Ejecutando get_array
2026-01-28 13:17:34 - app - INFO - Request enviado | request_id=1fd07672b63ef693ab2d326f8ad451797a10a495e2cd9ae31fe6c5c6b79d3a60 | destinatario=ext_jcarrion@Falabella.cl | status=202
2026-01-28 13:17:34 - app - INFO - 4/5 - ext_jcarrion@Falabella.cl - status:202
2026-01-28 13:17:34 - app - INFO - Ejecutando get_array
2026-01-28 13:17:37 - app - INFO - Request enviado | request_id=979f39926702d3032fbcf1aaec8c266e30bcc2992bd6ef76dcbf8f00275899c4 | destinatario=ext_jcarrion@Falabella.cl | status=202
2026-01-28 13:17:37 - app - INFO - 5/5 - ext_jcarrion@Falabella.cl - status:202
2026-01-28 13:17:37 - app - INFO - Proceso de envío finalizado
2026-01-28 13:17:37 - app - INFO - Cargando datos en BigQuery | tabla=teams_validation_data | registros=5 | dropTable=False
2026-01-28 13:17:37 - app - INFO - Cargando datos a staging | tabla=stg_teams_validation_data | filas=5 | dropTable=False
2026-01-28 13:17:40 - app - INFO - Carga a staging completada exitosamente | tabla=sbox_jcarrion.stg_teams_validation_data
2026-01-28 13:17:40 - app - INFO - Iniciando MERGE | staging=stg_teams_validation_data | tabla_final=teams_validation_data
2026-01-28 13:17:43 - app - INFO - MERGE completado exitosamente | tabla_final=teams_validation_data
2026-01-28 13:17:43 - app - INFO - Carga BigQuery finalizada correctamente | tabla=teams_validation_data
2026-01-28 13:17:43 - app - INFO - Lote 74 persistido en BigQuery | registros=5
2026-01-28 13:17:44 - app - INFO - Procesando lote 75 | registros=5
2026-01-28 13:17:44 - app - INFO - Iniciando envío de 5 formularios
2026-01-28 13:17:44 - app - INFO - Ejecutando get_array
2026-01-28 13:17:47 - app - INFO - Request enviado | request_id=8ec578a4799f1d967059f34ebb580f06968e9b7ea3abf253d83814e9b3ad36c5 | destinatario=ext_jcarrion@Falabella.cl | status=202
2026-01-28 13:17:47 - app - INFO - 1/5 - ext_jcarrion@Falabella.cl - status:202
2026-01-28 13:17:47 - app - INFO - Ejecutando get_array
2026-01-28 13:17:49 - app - INFO - Request enviado | request_id=2b0f2f304d7059ff21da2eda91385b3a516b72ea91db6a859093ab369335facc | destinatario=ext_jcarrion@Falabella.cl | status=202
2026-01-28 13:17:49 - app - INFO - 2/5 - ext_jcarrion@Falabella.cl - status:202
2026-01-28 13:17:49 - app - INFO - Ejecutando get_array
2026-01-28 13:17:52 - app - INFO - Request enviado | request_id=ef0b4789deeefe7dc03821dfb6bfa1c8f31c24313558a60e39281b814582d45f | destinatario=ext_jcarrion@Falabella.cl | status=202
2026-01-28 13:17:52 - app - INFO - 3/5 - ext_jcarrion@Falabella.cl - status:202
2026-01-28 13:17:52 - app - INFO - Ejecutando get_array
2026-01-28 13:17:54 - app - INFO - Request enviado | request_id=2fe991b5ce093ed6fc45ca8cb0531d40d06e678574f8b35da0d3497fabf478f9 | destinatario=ext_jcarrion@Falabella.cl | status=202
2026-01-28 13:17:54 - app - INFO - 4/5 - ext_jcarrion@Falabella.cl - status:202
2026-01-28 13:17:54 - app - INFO - Ejecutando get_array
2026-01-28 13:17:57 - app - INFO - Request enviado | request_id=a53354afeb5e566fffa86c230512d4311cdadd612baa7e16d111112ae22bec72 | destinatario=ext_jcarrion@Falabella.cl | status=202
2026-01-28 13:17:57 - app - INFO - 5/5 - ext_jcarrion@Falabella.cl - status:202
2026-01-28 13:17:57 - app - INFO - Proceso de envío finalizado
2026-01-28 13:17:57 - app - INFO - Cargando datos en BigQuery | tabla=teams_validation_data | registros=5 | dropTable=False
2026-01-28 13:17:57 - app - INFO - Cargando datos a staging | tabla=stg_teams_validation_data | filas=5 | dropTable=False
2026-01-28 13:18:01 - app - INFO - Carga a staging completada exitosamente | tabla=sbox_jcarrion.stg_teams_validation_data
2026-01-28 13:18:01 - app - INFO - Iniciando MERGE | staging=stg_teams_validation_data | tabla_final=teams_validation_data
2026-01-28 13:18:04 - app - INFO - MERGE completado exitosamente | tabla_final=teams_validation_data
2026-01-28 13:18:04 - app - INFO - Carga BigQuery finalizada correctamente | tabla=teams_validation_data
2026-01-28 13:18:04 - app - INFO - Lote 75 persistido en BigQuery | registros=5
2026-01-28 13:18:05 - app - INFO - Procesando lote 76 | registros=5
2026-01-28 13:18:05 - app - INFO - Iniciando envío de 5 formularios
2026-01-28 13:18:05 - app - INFO - Ejecutando get_array
2026-01-28 13:18:08 - app - INFO - Request enviado | request_id=a634e6d13350b685261d0a20b27c0a7dc08762ea84b1ae4a97c42e9345ff63dc | destinatario=ext_jcarrion@Falabella.cl | status=202
2026-01-28 13:18:08 - app - INFO - 1/5 - ext_jcarrion@Falabella.cl - status:202
2026-01-28 13:18:08 - app - INFO - Ejecutando get_array
2026-01-28 13:18:10 - app - INFO - Request enviado | request_id=23d683c36f23ddbee20aef46e217ff81b39f2342e36736a4e8844b85e61b2c87 | destinatario=ext_jcarrion@Falabella.cl | status=202
2026-01-28 13:18:10 - app - INFO - 2/5 - ext_jcarrion@Falabella.cl - status:202
2026-01-28 13:18:10 - app - INFO - Ejecutando get_array
2026-01-28 13:18:13 - app - INFO - Request enviado | request_id=9a64b75d95a0bb8497a9155508d82d390fcbd1fedfbe3f5f8a87ee319fdb5d9e | destinatario=ext_jcarrion@Falabella.cl | status=202
2026-01-28 13:18:13 - app - INFO - 3/5 - ext_jcarrion@Falabella.cl - status:202
2026-01-28 13:18:13 - app - INFO - Ejecutando get_array
2026-01-28 13:18:15 - app - INFO - Request enviado | request_id=5597c1b731ade467d3806f87f112109d61a9260cf60b6f7fd02e200b02f89685 | destinatario=ext_jcarrion@Falabella.cl | status=202
2026-01-28 13:18:15 - app - INFO - 4/5 - ext_jcarrion@Falabella.cl - status:202
2026-01-28 13:18:15 - app - INFO - Ejecutando get_array
2026-01-28 13:18:18 - app - INFO - Request enviado | request_id=8e1f3db69619083d9099299a517a34dc6eb52448289ceb875f2a60f2676ce784 | destinatario=ext_jcarrion@Falabella.cl | status=202
2026-01-28 13:18:18 - app - INFO - 5/5 - ext_jcarrion@Falabella.cl - status:202
2026-01-28 13:18:18 - app - INFO - Proceso de envío finalizado
2026-01-28 13:18:18 - app - INFO - Cargando datos en BigQuery | tabla=teams_validation_data | registros=5 | dropTable=False
2026-01-28 13:18:18 - app - INFO - Cargando datos a staging | tabla=stg_teams_validation_data | filas=5 | dropTable=False
2026-01-28 13:18:22 - app - INFO - Carga a staging completada exitosamente | tabla=sbox_jcarrion.stg_teams_validation_data
2026-01-28 13:18:22 - app - INFO - Iniciando MERGE | staging=stg_teams_validation_data | tabla_final=teams_validation_data
2026-01-28 13:18:25 - app - INFO - MERGE completado exitosamente | tabla_final=teams_validation_data
2026-01-28 13:18:25 - app - INFO - Carga BigQuery finalizada correctamente | tabla=teams_validation_data
2026-01-28 13:18:25 - app - INFO - Lote 76 persistido en BigQuery | registros=5
2026-01-28 13:18:26 - app - INFO - Procesando lote 77 | registros=5
2026-01-28 13:18:26 - app - INFO - Iniciando envío de 5 formularios
2026-01-28 13:18:26 - app - INFO - Ejecutando get_array
2026-01-28 13:18:29 - app - INFO - Request enviado | request_id=7bc2096b78ffe09af4970be4f2ac807095c57eb127bc3739a9db2f224b76db5b | destinatario=ext_jcarrion@Falabella.cl | status=202
2026-01-28 13:18:29 - app - INFO - 1/5 - ext_jcarrion@Falabella.cl - status:202
2026-01-28 13:18:29 - app - INFO - Ejecutando get_array
2026-01-28 13:18:31 - app - INFO - Request enviado | request_id=60abb3836d561fe23274b9f8a058f252c6fd81209081f5b7893ee73d2a02de1c | destinatario=ext_jcarrion@Falabella.cl | status=202
2026-01-28 13:18:31 - app - INFO - 2/5 - ext_jcarrion@Falabella.cl - status:202
2026-01-28 13:18:31 - app - INFO - Ejecutando get_array
2026-01-28 13:18:34 - app - INFO - Request enviado | request_id=124ac341318d343b4538f0bfead14196b257a4a4a2392145d55cd6663c098ee2 | destinatario=ext_jcarrion@Falabella.cl | status=202
2026-01-28 13:18:34 - app - INFO - 3/5 - ext_jcarrion@Falabella.cl - status:202
2026-01-28 13:18:34 - app - INFO - Ejecutando get_array
2026-01-28 13:18:36 - app - INFO - Request enviado | request_id=42e4a3bc227bec706584eb748a55a882e5c756becb8191691e5060ad47f560c8 | destinatario=ext_jcarrion@Falabella.cl | status=202
2026-01-28 13:18:36 - app - INFO - 4/5 - ext_jcarrion@Falabella.cl - status:202
2026-01-28 13:18:36 - app - INFO - Ejecutando get_array
2026-01-28 13:18:39 - app - INFO - Request enviado | request_id=ff4849482b0518c2a128ac10e404c69c538f2e5688de6e9ea65a76615343eb4d | destinatario=ext_jcarrion@Falabella.cl | status=202
2026-01-28 13:18:39 - app - INFO - 5/5 - ext_jcarrion@Falabella.cl - status:202
2026-01-28 13:18:39 - app - INFO - Proceso de envío finalizado
2026-01-28 13:18:39 - app - INFO - Cargando datos en BigQuery | tabla=teams_validation_data | registros=5 | dropTable=False
2026-01-28 13:18:39 - app - INFO - Cargando datos a staging | tabla=stg_teams_validation_data | filas=5 | dropTable=False
2026-01-28 13:18:43 - app - INFO - Carga a staging completada exitosamente | tabla=sbox_jcarrion.stg_teams_validation_data
2026-01-28 13:18:43 - app - INFO - Iniciando MERGE | staging=stg_teams_validation_data | tabla_final=teams_validation_data
2026-01-28 13:18:47 - app - INFO - MERGE completado exitosamente | tabla_final=teams_validation_data
2026-01-28 13:18:47 - app - INFO - Carga BigQuery finalizada correctamente | tabla=teams_validation_data
2026-01-28 13:18:47 - app - INFO - Lote 77 persistido en BigQuery | registros=5
2026-01-28 13:18:48 - app - INFO - Procesando lote 78 | registros=5
2026-01-28 13:18:48 - app - INFO - Iniciando envío de 5 formularios
2026-01-28 13:18:48 - app - INFO - Ejecutando get_array
2026-01-28 13:18:50 - app - INFO - Request enviado | request_id=82c6e88e61231f7f27794577c9a080d1740d0484bfa5a3e75ce5211a13c85cef | destinatario=ext_jcarrion@Falabella.cl | status=202
2026-01-28 13:18:50 - app - INFO - 1/5 - ext_jcarrion@Falabella.cl - status:202
2026-01-28 13:18:50 - app - INFO - Ejecutando get_array
2026-01-28 13:18:53 - app - INFO - Request enviado | request_id=ac9bc0c478bc5b691bdaf957e8283dabc108822e4cdb275addce1661ad1f9377 | destinatario=ext_jcarrion@Falabella.cl | status=202
2026-01-28 13:18:53 - app - INFO - 2/5 - ext_jcarrion@Falabella.cl - status:202
2026-01-28 13:18:53 - app - INFO - Ejecutando get_array
2026-01-28 13:18:56 - app - INFO - Request enviado | request_id=cbfebbdb1b3f3919a089028aada580d9f53473f8bac4b0ba45cf1b72e3fb7634 | destinatario=ext_jcarrion@Falabella.cl | status=202
2026-01-28 13:18:56 - app - INFO - 3/5 - ext_jcarrion@Falabella.cl - status:202
2026-01-28 13:18:56 - app - INFO - Ejecutando get_array
2026-01-28 13:18:58 - app - INFO - Request enviado | request_id=ebf98d46eb218083b501aaf206efe0b5ee4444cbd8570cf5b0e04fb6646e3fd4 | destinatario=ext_jcarrion@Falabella.cl | status=202
2026-01-28 13:18:58 - app - INFO - 4/5 - ext_jcarrion@Falabella.cl - status:202
2026-01-28 13:18:58 - app - INFO - Ejecutando get_array
2026-01-28 13:19:01 - app - INFO - Request enviado | request_id=4d3db277669472c37c873ae217c146c5d7eb2292ea54ada5e6a445012c60bf15 | destinatario=ext_jcarrion@Falabella.cl | status=202
2026-01-28 13:19:01 - app - INFO - 5/5 - ext_jcarrion@Falabella.cl - status:202
2026-01-28 13:19:01 - app - INFO - Proceso de envío finalizado
2026-01-28 13:19:01 - app - INFO - Cargando datos en BigQuery | tabla=teams_validation_data | registros=5 | dropTable=False
2026-01-28 13:19:01 - app - INFO - Cargando datos a staging | tabla=stg_teams_validation_data | filas=5 | dropTable=False
2026-01-28 13:19:10 - app - INFO - Carga a staging completada exitosamente | tabla=sbox_jcarrion.stg_teams_validation_data
2026-01-28 13:19:10 - app - INFO - Iniciando MERGE | staging=stg_teams_validation_data | tabla_final=teams_validation_data
2026-01-28 13:19:13 - app - INFO - MERGE completado exitosamente | tabla_final=teams_validation_data
2026-01-28 13:19:13 - app - INFO - Carga BigQuery finalizada correctamente | tabla=teams_validation_data
2026-01-28 13:19:13 - app - INFO - Lote 78 persistido en BigQuery | registros=5
2026-01-28 13:19:14 - app - INFO - Procesando lote 79 | registros=5
2026-01-28 13:19:14 - app - INFO - Iniciando envío de 5 formularios
2026-01-28 13:19:14 - app - INFO - Ejecutando get_array
2026-01-28 13:19:16 - app - INFO - Request enviado | request_id=ddc1ef1ac5680ea771d729e95c94ab428b06883b335d2f1205b66ad4d0e31b7d | destinatario=ext_jcarrion@Falabella.cl | status=202
2026-01-28 13:19:16 - app - INFO - 1/5 - ext_jcarrion@Falabella.cl - status:202
2026-01-28 13:19:16 - app - INFO - Ejecutando get_array
2026-01-28 13:19:19 - app - INFO - Request enviado | request_id=84cf2cdd34a94d5b7075ab78c555fec7e733ea5a99a49ef7f8b364617444970d | destinatario=ext_jcarrion@Falabella.cl | status=202
2026-01-28 13:19:19 - app - INFO - 2/5 - ext_jcarrion@Falabella.cl - status:202
2026-01-28 13:19:19 - app - INFO - Ejecutando get_array
2026-01-28 13:19:21 - app - INFO - Request enviado | request_id=91207bfe7cc79f45c4c1813ea36d7c6f6f291e0d6860d6499851ca39114f0bc3 | destinatario=ext_jcarrion@Falabella.cl | status=202
2026-01-28 13:19:21 - app - INFO - 3/5 - ext_jcarrion@Falabella.cl - status:202
2026-01-28 13:19:21 - app - INFO - Ejecutando get_array
2026-01-28 13:19:24 - app - INFO - Request enviado | request_id=b9cc5178e53477abaf3581f4649c5b26f9f0ea485147f5ca4c68aaeca7a38bdf | destinatario=ext_jcarrion@Falabella.cl | status=202
2026-01-28 13:19:24 - app - INFO - 4/5 - ext_jcarrion@Falabella.cl - status:202
2026-01-28 13:19:24 - app - INFO - Ejecutando get_array
2026-01-28 13:19:27 - app - INFO - Request enviado | request_id=681b201949d1e3a763afd0689f5536407846feca6d9f90b1bb5df2a8490fa626 | destinatario=ext_jcarrion@Falabella.cl | status=202
2026-01-28 13:19:27 - app - INFO - 5/5 - ext_jcarrion@Falabella.cl - status:202
2026-01-28 13:19:27 - app - INFO - Proceso de envío finalizado
2026-01-28 13:19:27 - app - INFO - Cargando datos en BigQuery | tabla=teams_validation_data | registros=5 | dropTable=False
2026-01-28 13:19:27 - app - INFO - Cargando datos a staging | tabla=stg_teams_validation_data | filas=5 | dropTable=False
2026-01-28 13:19:33 - app - INFO - Carga a staging completada exitosamente | tabla=sbox_jcarrion.stg_teams_validation_data
2026-01-28 13:19:33 - app - INFO - Iniciando MERGE | staging=stg_teams_validation_data | tabla_final=teams_validation_data
2026-01-28 13:19:37 - app - INFO - MERGE completado exitosamente | tabla_final=teams_validation_data
2026-01-28 13:19:37 - app - INFO - Carga BigQuery finalizada correctamente | tabla=teams_validation_data
2026-01-28 13:19:37 - app - INFO - Lote 79 persistido en BigQuery | registros=5
2026-01-28 13:19:38 - app - INFO - Procesando lote 80 | registros=5
2026-01-28 13:19:38 - app - INFO - Iniciando envío de 5 formularios
2026-01-28 13:19:38 - app - INFO - Ejecutando get_array
2026-01-28 13:19:40 - app - INFO - Request enviado | request_id=b9bd5ee842ec515d6aeefb48b471662334f50459790bd689cc0df3d7633296e8 | destinatario=ext_jcarrion@Falabella.cl | status=202
2026-01-28 13:19:40 - app - INFO - 1/5 - ext_jcarrion@Falabella.cl - status:202
2026-01-28 13:19:40 - app - INFO - Ejecutando get_array
2026-01-28 13:19:43 - app - INFO - Request enviado | request_id=d0eb51d7977fa992f2b7bd33710ec4ee109f980bbd4dccda720af700c1ec46de | destinatario=ext_jcarrion@Falabella.cl | status=202
2026-01-28 13:19:43 - app - INFO - 2/5 - ext_jcarrion@Falabella.cl - status:202
2026-01-28 13:19:43 - app - INFO - Ejecutando get_array
2026-01-28 13:19:45 - app - INFO - Request enviado | request_id=e032ba0933fa37d960f1d5722d94a12bdb9173fb9d51d6a6e315bf3d4ff24ff9 | destinatario=ext_jcarrion@Falabella.cl | status=202
2026-01-28 13:19:45 - app - INFO - 3/5 - ext_jcarrion@Falabella.cl - status:202
2026-01-28 13:19:45 - app - INFO - Ejecutando get_array
2026-01-28 13:19:48 - app - INFO - Request enviado | request_id=94908bf0318e919dfdaaed1cc41705df2b94d3e16d488aa359ce8df55cccfdec | destinatario=ext_jcarrion@Falabella.cl | status=202
2026-01-28 13:19:48 - app - INFO - 4/5 - ext_jcarrion@Falabella.cl - status:202
2026-01-28 13:19:48 - app - INFO - Ejecutando get_array
2026-01-28 13:19:50 - app - INFO - Request enviado | request_id=75d0d92a7589dec2037eebd0bc898acf334a45bac3679def5ae19b0794298e2d | destinatario=ext_jcarrion@Falabella.cl | status=202
2026-01-28 13:19:50 - app - INFO - 5/5 - ext_jcarrion@Falabella.cl - status:202
2026-01-28 13:19:50 - app - INFO - Proceso de envío finalizado
2026-01-28 13:19:50 - app - INFO - Cargando datos en BigQuery | tabla=teams_validation_data | registros=5 | dropTable=False
2026-01-28 13:19:50 - app - INFO - Cargando datos a staging | tabla=stg_teams_validation_data | filas=5 | dropTable=False
2026-01-28 13:19:56 - app - INFO - Carga a staging completada exitosamente | tabla=sbox_jcarrion.stg_teams_validation_data
2026-01-28 13:19:56 - app - INFO - Iniciando MERGE | staging=stg_teams_validation_data | tabla_final=teams_validation_data
2026-01-28 13:19:59 - app - INFO - MERGE completado exitosamente | tabla_final=teams_validation_data
2026-01-28 13:19:59 - app - INFO - Carga BigQuery finalizada correctamente | tabla=teams_validation_data
2026-01-28 13:19:59 - app - INFO - Lote 80 persistido en BigQuery | registros=5
2026-01-28 13:20:00 - app - INFO - Procesando lote 81 | registros=5
2026-01-28 13:20:00 - app - INFO - Iniciando envío de 5 formularios
2026-01-28 13:20:00 - app - INFO - Ejecutando get_array
2026-01-28 13:20:02 - app - INFO - Request enviado | request_id=4c7ada7763ec7b16bba1b25050f3d0a3244e5475f024cafc8b10ba0674264899 | destinatario=ext_jcarrion@Falabella.cl | status=202
2026-01-28 13:20:02 - app - INFO - 1/5 - ext_jcarrion@Falabella.cl - status:202
2026-01-28 13:20:02 - app - INFO - Ejecutando get_array
2026-01-28 13:20:05 - app - INFO - Request enviado | request_id=1759446f12982983915b406405c54e87318575d96042869f6490bcc0e7cb3d71 | destinatario=ext_jcarrion@Falabella.cl | status=202
2026-01-28 13:20:05 - app - INFO - 2/5 - ext_jcarrion@Falabella.cl - status:202
2026-01-28 13:20:05 - app - INFO - Ejecutando get_array
2026-01-28 13:20:08 - app - INFO - Request enviado | request_id=e47ebab0f75179bec2f12dff5d385a88efcbd7631da6a830237509b8edb70ec8 | destinatario=ext_jcarrion@Falabella.cl | status=202
2026-01-28 13:20:08 - app - INFO - 3/5 - ext_jcarrion@Falabella.cl - status:202
2026-01-28 13:20:08 - app - INFO - Ejecutando get_array
2026-01-28 13:20:10 - app - INFO - Request enviado | request_id=ce69e05d27a140c9612db23e943e834820f25f834cda22b35aeac16654b3f551 | destinatario=ext_jcarrion@Falabella.cl | status=202
2026-01-28 13:20:10 - app - INFO - 4/5 - ext_jcarrion@Falabella.cl - status:202
2026-01-28 13:20:10 - app - INFO - Ejecutando get_array
2026-01-28 13:20:13 - app - INFO - Request enviado | request_id=3caffa5e1f9c528f9bf379cdca8bda3b4e5e69dc4a90dc6664bef6eff27e9c26 | destinatario=ext_jcarrion@Falabella.cl | status=202
2026-01-28 13:20:13 - app - INFO - 5/5 - ext_jcarrion@Falabella.cl - status:202
2026-01-28 13:20:13 - app - INFO - Proceso de envío finalizado
2026-01-28 13:20:13 - app - INFO - Cargando datos en BigQuery | tabla=teams_validation_data | registros=5 | dropTable=False
2026-01-28 13:20:13 - app - INFO - Cargando datos a staging | tabla=stg_teams_validation_data | filas=5 | dropTable=False
2026-01-28 13:20:18 - app - INFO - Carga a staging completada exitosamente | tabla=sbox_jcarrion.stg_teams_validation_data
2026-01-28 13:20:18 - app - INFO - Iniciando MERGE | staging=stg_teams_validation_data | tabla_final=teams_validation_data
2026-01-28 13:20:21 - app - INFO - MERGE completado exitosamente | tabla_final=teams_validation_data
2026-01-28 13:20:21 - app - INFO - Carga BigQuery finalizada correctamente | tabla=teams_validation_data
2026-01-28 13:20:21 - app - INFO - Lote 81 persistido en BigQuery | registros=5
2026-01-28 13:20:22 - app - INFO - Procesando lote 82 | registros=5
2026-01-28 13:20:22 - app - INFO - Iniciando envío de 5 formularios
2026-01-28 13:20:22 - app - INFO - Ejecutando get_array
2026-01-28 13:20:24 - app - INFO - Request enviado | request_id=c7e3e95e0ceb3024b70d4b6f8469c8271fee18d14cd1cb52746798dd528c97b7 | destinatario=ext_jcarrion@Falabella.cl | status=202
2026-01-28 13:20:24 - app - INFO - 1/5 - ext_jcarrion@Falabella.cl - status:202
2026-01-28 13:20:24 - app - INFO - Ejecutando get_array
2026-01-28 13:20:27 - app - INFO - Request enviado | request_id=4ba1cea617c5a0d91b174f00132d298043188779b2dbed44004982d050c4bdec | destinatario=ext_jcarrion@Falabella.cl | status=202
2026-01-28 13:20:27 - app - INFO - 2/5 - ext_jcarrion@Falabella.cl - status:202
2026-01-28 13:20:27 - app - INFO - Ejecutando get_array
2026-01-28 13:20:29 - app - INFO - Request enviado | request_id=28eb528f1ff8e5ecad9ee878ff95e082907c0f5a60cd6e767986ffab02bd8894 | destinatario=ext_jcarrion@Falabella.cl | status=202
2026-01-28 13:20:29 - app - INFO - 3/5 - ext_jcarrion@Falabella.cl - status:202
2026-01-28 13:20:29 - app - INFO - Ejecutando get_array
2026-01-28 13:20:32 - app - INFO - Request enviado | request_id=d746ba0f51dd60dd1fdad5e42609dabd93b9f1ce2ee1b02a0fde4f74c6212275 | destinatario=ext_jcarrion@Falabella.cl | status=202
2026-01-28 13:20:32 - app - INFO - 4/5 - ext_jcarrion@Falabella.cl - status:202
2026-01-28 13:20:32 - app - INFO - Ejecutando get_array
2026-01-28 13:20:35 - app - INFO - Request enviado | request_id=6d6449c0a731ae940dadde50c6653ee9e3ea43688f6d2ccbcfcb8a9731227a9a | destinatario=ext_jcarrion@Falabella.cl | status=202
2026-01-28 13:20:35 - app - INFO - 5/5 - ext_jcarrion@Falabella.cl - status:202
2026-01-28 13:20:35 - app - INFO - Proceso de envío finalizado
2026-01-28 13:20:35 - app - INFO - Cargando datos en BigQuery | tabla=teams_validation_data | registros=5 | dropTable=False
2026-01-28 13:20:35 - app - INFO - Cargando datos a staging | tabla=stg_teams_validation_data | filas=5 | dropTable=False
2026-01-28 13:20:38 - app - INFO - Carga a staging completada exitosamente | tabla=sbox_jcarrion.stg_teams_validation_data
2026-01-28 13:20:38 - app - INFO - Iniciando MERGE | staging=stg_teams_validation_data | tabla_final=teams_validation_data
2026-01-28 13:20:42 - app - INFO - MERGE completado exitosamente | tabla_final=teams_validation_data
2026-01-28 13:20:42 - app - INFO - Carga BigQuery finalizada correctamente | tabla=teams_validation_data
2026-01-28 13:20:42 - app - INFO - Lote 82 persistido en BigQuery | registros=5
2026-01-28 13:20:43 - app - INFO - Procesando lote 83 | registros=5
2026-01-28 13:20:43 - app - INFO - Iniciando envío de 5 formularios
2026-01-28 13:20:43 - app - INFO - Ejecutando get_array
2026-01-28 13:20:46 - app - INFO - Request enviado | request_id=83cc2ba629a451276ae586a6b2bc58171fc0826024608b0c1f8bea75b51583a3 | destinatario=ext_jcarrion@Falabella.cl | status=202
2026-01-28 13:20:46 - app - INFO - 1/5 - ext_jcarrion@Falabella.cl - status:202
2026-01-28 13:20:46 - app - INFO - Ejecutando get_array
2026-01-28 13:20:49 - app - INFO - Request enviado | request_id=3be69fa4179f0e67ad6d549c20d1289c8c62b57d15b96f4f25816c5d0ebb060a | destinatario=ext_jcarrion@Falabella.cl | status=202
2026-01-28 13:20:49 - app - INFO - 2/5 - ext_jcarrion@Falabella.cl - status:202
2026-01-28 13:20:49 - app - INFO - Ejecutando get_array
2026-01-28 13:20:51 - app - INFO - Request enviado | request_id=e293c6e00c0ce4e62b5bc9c4ff137a2e4a1e955c510acca77b1ee9655df636c9 | destinatario=ext_jcarrion@Falabella.cl | status=202
2026-01-28 13:20:51 - app - INFO - 3/5 - ext_jcarrion@Falabella.cl - status:202
2026-01-28 13:20:51 - app - INFO - Ejecutando get_array
2026-01-28 13:20:54 - app - INFO - Request enviado | request_id=3c58625d669bd63eceea6c86fd70bae8bdf9f9a884093a236b9b49cae11a382b | destinatario=ext_jcarrion@Falabella.cl | status=202
2026-01-28 13:20:54 - app - INFO - 4/5 - ext_jcarrion@Falabella.cl - status:202
2026-01-28 13:20:54 - app - INFO - Ejecutando get_array
2026-01-28 13:20:56 - app - INFO - Request enviado | request_id=bed58d8f37415e9ecc9aac7d4a9bc2a31553f7b5257b3c66a0d2d5aa18cd9d3f | destinatario=ext_jcarrion@Falabella.cl | status=202
2026-01-28 13:20:56 - app - INFO - 5/5 - ext_jcarrion@Falabella.cl - status:202
2026-01-28 13:20:56 - app - INFO - Proceso de envío finalizado
2026-01-28 13:20:56 - app - INFO - Cargando datos en BigQuery | tabla=teams_validation_data | registros=5 | dropTable=False
2026-01-28 13:20:56 - app - INFO - Cargando datos a staging | tabla=stg_teams_validation_data | filas=5 | dropTable=False
2026-01-28 13:21:01 - app - INFO - Carga a staging completada exitosamente | tabla=sbox_jcarrion.stg_teams_validation_data
2026-01-28 13:21:01 - app - INFO - Iniciando MERGE | staging=stg_teams_validation_data | tabla_final=teams_validation_data
2026-01-28 13:21:04 - app - INFO - MERGE completado exitosamente | tabla_final=teams_validation_data
2026-01-28 13:21:04 - app - INFO - Carga BigQuery finalizada correctamente | tabla=teams_validation_data
2026-01-28 13:21:04 - app - INFO - Lote 83 persistido en BigQuery | registros=5
2026-01-28 13:21:05 - app - INFO - Procesando lote 84 | registros=5
2026-01-28 13:21:05 - app - INFO - Iniciando envío de 5 formularios
2026-01-28 13:21:05 - app - INFO - Ejecutando get_array
2026-01-28 13:21:08 - app - INFO - Request enviado | request_id=ba73c5019bc853020002157246bce7b7a2b25158b8753970356739f76394c516 | destinatario=ext_jcarrion@Falabella.cl | status=202
2026-01-28 13:21:08 - app - INFO - 1/5 - ext_jcarrion@Falabella.cl - status:202
2026-01-28 13:21:08 - app - INFO - Ejecutando get_array
2026-01-28 13:21:10 - app - INFO - Request enviado | request_id=c5f5295b29f02f93a753f502678614096d1695a0ada0dcc6daeec9d492d9b494 | destinatario=ext_jcarrion@Falabella.cl | status=202
2026-01-28 13:21:10 - app - INFO - 2/5 - ext_jcarrion@Falabella.cl - status:202
2026-01-28 13:21:10 - app - INFO - Ejecutando get_array
2026-01-28 13:21:13 - app - INFO - Request enviado | request_id=ba15d3c851d020b87a0ae0fbc199d31201e3e60b7a1473efa8515089049a7105 | destinatario=ext_jcarrion@Falabella.cl | status=202
2026-01-28 13:21:13 - app - INFO - 3/5 - ext_jcarrion@Falabella.cl - status:202
2026-01-28 13:21:13 - app - INFO - Ejecutando get_array
2026-01-28 13:21:15 - app - INFO - Request enviado | request_id=dec06ea4efddcc54acf1943aded270cf34c9d5f19f07575e24d4cbf65c496a4e | destinatario=ext_jcarrion@Falabella.cl | status=202
2026-01-28 13:21:15 - app - INFO - 4/5 - ext_jcarrion@Falabella.cl - status:202
2026-01-28 13:21:15 - app - INFO - Ejecutando get_array
2026-01-28 13:21:18 - app - INFO - Request enviado | request_id=6546df4e5e5a4c5f77e3723e027117611d237e42f8c1e0902b7f402cddb41c0c | destinatario=ext_jcarrion@Falabella.cl | status=202
2026-01-28 13:21:18 - app - INFO - 5/5 - ext_jcarrion@Falabella.cl - status:202
2026-01-28 13:21:18 - app - INFO - Proceso de envío finalizado
2026-01-28 13:21:18 - app - INFO - Cargando datos en BigQuery | tabla=teams_validation_data | registros=5 | dropTable=False
2026-01-28 13:21:18 - app - INFO - Cargando datos a staging | tabla=stg_teams_validation_data | filas=5 | dropTable=False
2026-01-28 13:21:22 - app - INFO - Carga a staging completada exitosamente | tabla=sbox_jcarrion.stg_teams_validation_data
2026-01-28 13:21:22 - app - INFO - Iniciando MERGE | staging=stg_teams_validation_data | tabla_final=teams_validation_data
2026-01-28 13:21:25 - app - INFO - MERGE completado exitosamente | tabla_final=teams_validation_data
2026-01-28 13:21:25 - app - INFO - Carga BigQuery finalizada correctamente | tabla=teams_validation_data
2026-01-28 13:21:25 - app - INFO - Lote 84 persistido en BigQuery | registros=5
2026-01-28 13:21:26 - app - INFO - Procesando lote 85 | registros=5
2026-01-28 13:21:26 - app - INFO - Iniciando envío de 5 formularios
2026-01-28 13:21:26 - app - INFO - Ejecutando get_array
2026-01-28 13:21:29 - app - INFO - Request enviado | request_id=773519836e4bcc175be03493966fd6ed17968deebc946b3ac4000bf268fa983c | destinatario=ext_jcarrion@Falabella.cl | status=202
2026-01-28 13:21:29 - app - INFO - 1/5 - ext_jcarrion@Falabella.cl - status:202
2026-01-28 13:21:29 - app - INFO - Ejecutando get_array
2026-01-28 13:21:31 - app - INFO - Request enviado | request_id=ef70c285f31a0638a1cfd90664c3c96215af35e814b2b7766c5ed5b888bb7c8a | destinatario=ext_jcarrion@Falabella.cl | status=202
2026-01-28 13:21:31 - app - INFO - 2/5 - ext_jcarrion@Falabella.cl - status:202
2026-01-28 13:21:31 - app - INFO - Ejecutando get_array
2026-01-28 13:21:34 - app - INFO - Request enviado | request_id=7bc61b554c6f741db4c65d33c47ce75bea005376888f78657e074bd5d39d6f1c | destinatario=ext_jcarrion@Falabella.cl | status=202
2026-01-28 13:21:34 - app - INFO - 3/5 - ext_jcarrion@Falabella.cl - status:202
2026-01-28 13:21:34 - app - INFO - Ejecutando get_array
2026-01-28 13:21:36 - app - INFO - Request enviado | request_id=e7b0d23a3b4f5311e9c9ea26bc4b84bd59fa756b5a6aee9f69749c46c436382c | destinatario=ext_jcarrion@Falabella.cl | status=202
2026-01-28 13:21:36 - app - INFO - 4/5 - ext_jcarrion@Falabella.cl - status:202
2026-01-28 13:21:36 - app - INFO - Ejecutando get_array
2026-01-28 13:21:39 - app - INFO - Request enviado | request_id=3456fe2d7aaacf60aa4568fa8752f4b286eb857da6a85e6cf7482fbf90b89824 | destinatario=ext_jcarrion@Falabella.cl | status=202
2026-01-28 13:21:39 - app - INFO - 5/5 - ext_jcarrion@Falabella.cl - status:202
2026-01-28 13:21:39 - app - INFO - Proceso de envío finalizado
2026-01-28 13:21:39 - app - INFO - Cargando datos en BigQuery | tabla=teams_validation_data | registros=5 | dropTable=False
2026-01-28 13:21:39 - app - INFO - Cargando datos a staging | tabla=stg_teams_validation_data | filas=5 | dropTable=False
2026-01-28 13:21:43 - app - INFO - Carga a staging completada exitosamente | tabla=sbox_jcarrion.stg_teams_validation_data
2026-01-28 13:21:43 - app - INFO - Iniciando MERGE | staging=stg_teams_validation_data | tabla_final=teams_validation_data
2026-01-28 13:21:46 - app - INFO - MERGE completado exitosamente | tabla_final=teams_validation_data
2026-01-28 13:21:46 - app - INFO - Carga BigQuery finalizada correctamente | tabla=teams_validation_data
2026-01-28 13:21:46 - app - INFO - Lote 85 persistido en BigQuery | registros=5
2026-01-28 13:21:47 - app - INFO - Procesando lote 86 | registros=5
2026-01-28 13:21:47 - app - INFO - Iniciando envío de 5 formularios
2026-01-28 13:21:47 - app - INFO - Ejecutando get_array
2026-01-28 13:21:49 - app - INFO - Request enviado | request_id=341fb2e514dd2c614374ac0236dc827293f52f0fa70ea4a7fba5fe707a4f3bcf | destinatario=ext_jcarrion@Falabella.cl | status=202
2026-01-28 13:21:49 - app - INFO - 1/5 - ext_jcarrion@Falabella.cl - status:202
2026-01-28 13:21:49 - app - INFO - Ejecutando get_array
2026-01-28 13:21:52 - app - INFO - Request enviado | request_id=b48f288ffd3dd6347e54bfe6d9f03b37ad5a1f09c286c930b2e9233253c808ba | destinatario=ext_jcarrion@Falabella.cl | status=202
2026-01-28 13:21:52 - app - INFO - 2/5 - ext_jcarrion@Falabella.cl - status:202
2026-01-28 13:21:52 - app - INFO - Ejecutando get_array
2026-01-28 13:21:54 - app - INFO - Request enviado | request_id=218fce849d2a9c9055dae9a5fefa7a395269f26aef50bed3af46b7740e8e3c3b | destinatario=ext_jcarrion@Falabella.cl | status=202
2026-01-28 13:21:54 - app - INFO - 3/5 - ext_jcarrion@Falabella.cl - status:202
2026-01-28 13:21:54 - app - INFO - Ejecutando get_array
2026-01-28 13:21:57 - app - INFO - Request enviado | request_id=f46141b1dacaed766a95ab7043f6b44c2f67314a985283c2ed80eb66d23dc12f | destinatario=ext_jcarrion@Falabella.cl | status=202
2026-01-28 13:21:57 - app - INFO - 4/5 - ext_jcarrion@Falabella.cl - status:202
2026-01-28 13:21:57 - app - INFO - Ejecutando get_array
2026-01-28 13:22:00 - app - INFO - Request enviado | request_id=5325c2c3d9f9adaabce32386ed05dbae9b871bdd2a7ba9528a96013d55249a95 | destinatario=ext_jcarrion@Falabella.cl | status=202
2026-01-28 13:22:00 - app - INFO - 5/5 - ext_jcarrion@Falabella.cl - status:202
2026-01-28 13:22:00 - app - INFO - Proceso de envío finalizado
2026-01-28 13:22:00 - app - INFO - Cargando datos en BigQuery | tabla=teams_validation_data | registros=5 | dropTable=False
2026-01-28 13:22:00 - app - INFO - Cargando datos a staging | tabla=stg_teams_validation_data | filas=5 | dropTable=False
2026-01-28 13:22:04 - app - INFO - Carga a staging completada exitosamente | tabla=sbox_jcarrion.stg_teams_validation_data
2026-01-28 13:22:04 - app - INFO - Iniciando MERGE | staging=stg_teams_validation_data | tabla_final=teams_validation_data
2026-01-28 13:22:08 - app - INFO - MERGE completado exitosamente | tabla_final=teams_validation_data
2026-01-28 13:22:08 - app - INFO - Carga BigQuery finalizada correctamente | tabla=teams_validation_data
2026-01-28 13:22:08 - app - INFO - Lote 86 persistido en BigQuery | registros=5
2026-01-28 13:22:09 - app - INFO - Procesando lote 87 | registros=5
2026-01-28 13:22:09 - app - INFO - Iniciando envío de 5 formularios
2026-01-28 13:22:09 - app - INFO - Ejecutando get_array
2026-01-28 13:22:11 - app - INFO - Request enviado | request_id=f5d45f81680a571b9870bb4bdea32e2210ab096ef91916c57b1bd68a06ec5faa | destinatario=ext_jcarrion@Falabella.cl | status=202
2026-01-28 13:22:11 - app - INFO - 1/5 - ext_jcarrion@Falabella.cl - status:202
2026-01-28 13:22:11 - app - INFO - Ejecutando get_array
2026-01-28 13:22:14 - app - INFO - Request enviado | request_id=01e6d33807539c1eb4632fdbe4e389cbf26b6f9061376f7dba2afc3325fd0ea1 | destinatario=ext_jcarrion@Falabella.cl | status=202
2026-01-28 13:22:14 - app - INFO - 2/5 - ext_jcarrion@Falabella.cl - status:202
2026-01-28 13:22:14 - app - INFO - Ejecutando get_array
2026-01-28 13:22:16 - app - INFO - Request enviado | request_id=e7e31544b09a98c87c568b4e6dd2cc4c0096240740c1a5cad48b57bf15bb20d1 | destinatario=ext_jcarrion@Falabella.cl | status=202
2026-01-28 13:22:16 - app - INFO - 3/5 - ext_jcarrion@Falabella.cl - status:202
2026-01-28 13:22:16 - app - INFO - Ejecutando get_array
2026-01-28 13:22:19 - app - INFO - Request enviado | request_id=1ff1f3d57310bcc705cc5dd56cae79d32ba79c4c31a1474968182840eec5ed51 | destinatario=ext_jcarrion@Falabella.cl | status=202
2026-01-28 13:22:19 - app - INFO - 4/5 - ext_jcarrion@Falabella.cl - status:202
2026-01-28 13:22:19 - app - INFO - Ejecutando get_array
2026-01-28 13:22:21 - app - INFO - Request enviado | request_id=6e5cfa7dd6d8a978dcef52756da55768e92399875a208cbc6f096a3cf47f00d2 | destinatario=ext_jcarrion@Falabella.cl | status=202
2026-01-28 13:22:21 - app - INFO - 5/5 - ext_jcarrion@Falabella.cl - status:202
2026-01-28 13:22:21 - app - INFO - Proceso de envío finalizado
2026-01-28 13:22:21 - app - INFO - Cargando datos en BigQuery | tabla=teams_validation_data | registros=5 | dropTable=False
2026-01-28 13:22:21 - app - INFO - Cargando datos a staging | tabla=stg_teams_validation_data | filas=5 | dropTable=False
2026-01-28 13:22:25 - app - INFO - Carga a staging completada exitosamente | tabla=sbox_jcarrion.stg_teams_validation_data
2026-01-28 13:22:25 - app - INFO - Iniciando MERGE | staging=stg_teams_validation_data | tabla_final=teams_validation_data
2026-01-28 13:22:28 - app - INFO - MERGE completado exitosamente | tabla_final=teams_validation_data
2026-01-28 13:22:28 - app - INFO - Carga BigQuery finalizada correctamente | tabla=teams_validation_data
2026-01-28 13:22:28 - app - INFO - Lote 87 persistido en BigQuery | registros=5
2026-01-28 13:22:29 - app - INFO - Procesando lote 88 | registros=5
2026-01-28 13:22:29 - app - INFO - Iniciando envío de 5 formularios
2026-01-28 13:22:29 - app - INFO - Ejecutando get_array
2026-01-28 13:22:32 - app - INFO - Request enviado | request_id=2e20946464c5742a95c37b83af5916bec193fc19564ef3a669e44d4c5c09d499 | destinatario=ext_jcarrion@Falabella.cl | status=202
2026-01-28 13:22:32 - app - INFO - 1/5 - ext_jcarrion@Falabella.cl - status:202
2026-01-28 13:22:32 - app - INFO - Ejecutando get_array
2026-01-28 13:22:34 - app - INFO - Request enviado | request_id=3b06fd8c5627cb3f8067ccd68b2c3db942b9d1308c3beac7f5ceac8792f2cd60 | destinatario=ext_jcarrion@Falabella.cl | status=202
2026-01-28 13:22:34 - app - INFO - 2/5 - ext_jcarrion@Falabella.cl - status:202
2026-01-28 13:22:34 - app - INFO - Ejecutando get_array
2026-01-28 13:22:37 - app - INFO - Request enviado | request_id=e418fccf7bb570d78d9dc0b67d19841f932674d18937c1783ba5bb3205ea8b79 | destinatario=ext_jcarrion@Falabella.cl | status=202
2026-01-28 13:22:37 - app - INFO - 3/5 - ext_jcarrion@Falabella.cl - status:202
2026-01-28 13:22:37 - app - INFO - Ejecutando get_array
2026-01-28 13:22:39 - app - INFO - Request enviado | request_id=c6d2a863db2558f376e2d0a3cc472a24dbb64a27c19f1ec1a66ac9b708316733 | destinatario=ext_jcarrion@Falabella.cl | status=202
2026-01-28 13:22:39 - app - INFO - 4/5 - ext_jcarrion@Falabella.cl - status:202
2026-01-28 13:22:39 - app - INFO - Ejecutando get_array
2026-01-28 13:22:42 - app - INFO - Request enviado | request_id=f16fe1a7a316bc73d8851bb3b05692a01fbcf4bdbcfcd08868748f1fb0d7f917 | destinatario=ext_jcarrion@Falabella.cl | status=202
2026-01-28 13:22:42 - app - INFO - 5/5 - ext_jcarrion@Falabella.cl - status:202
2026-01-28 13:22:42 - app - INFO - Proceso de envío finalizado
2026-01-28 13:22:42 - app - INFO - Cargando datos en BigQuery | tabla=teams_validation_data | registros=5 | dropTable=False
2026-01-28 13:22:42 - app - INFO - Cargando datos a staging | tabla=stg_teams_validation_data | filas=5 | dropTable=False
2026-01-28 13:22:47 - app - INFO - Carga a staging completada exitosamente | tabla=sbox_jcarrion.stg_teams_validation_data
2026-01-28 13:22:47 - app - INFO - Iniciando MERGE | staging=stg_teams_validation_data | tabla_final=teams_validation_data
2026-01-28 13:22:54 - app - INFO - MERGE completado exitosamente | tabla_final=teams_validation_data
2026-01-28 13:22:54 - app - INFO - Carga BigQuery finalizada correctamente | tabla=teams_validation_data
2026-01-28 13:22:54 - app - INFO - Lote 88 persistido en BigQuery | registros=5
2026-01-28 13:22:55 - app - INFO - Procesando lote 89 | registros=5
2026-01-28 13:22:55 - app - INFO - Iniciando envío de 5 formularios
2026-01-28 13:22:55 - app - INFO - Ejecutando get_array
2026-01-28 13:22:59 - app - INFO - Request enviado | request_id=9e5a6c0d2589e5753a48b563b1436e327b7a9f54be23ef80a1394dcde8dbb317 | destinatario=ext_jcarrion@Falabella.cl | status=202
2026-01-28 13:22:59 - app - INFO - 1/5 - ext_jcarrion@Falabella.cl - status:202
2026-01-28 13:22:59 - app - INFO - Ejecutando get_array
2026-01-28 13:23:01 - app - INFO - Request enviado | request_id=d22613ec3bf6f16eb3d07ed120613cff9998890eff9e8ee6085207394b1f8481 | destinatario=ext_jcarrion@Falabella.cl | status=202
2026-01-28 13:23:01 - app - INFO - 2/5 - ext_jcarrion@Falabella.cl - status:202
2026-01-28 13:23:01 - app - INFO - Ejecutando get_array
2026-01-28 13:23:04 - app - INFO - Request enviado | request_id=de557aacaaff814e62666333bc5c3f11b7f9d3b47e1d37a1bc6595fc2629e451 | destinatario=ext_jcarrion@Falabella.cl | status=202
2026-01-28 13:23:04 - app - INFO - 3/5 - ext_jcarrion@Falabella.cl - status:202
2026-01-28 13:23:04 - app - INFO - Ejecutando get_array
2026-01-28 13:23:06 - app - INFO - Request enviado | request_id=5e989a1beb46e10a28a89644640671c36e99bc9d72dc00c0c87347a66daaf0ee | destinatario=ext_jcarrion@Falabella.cl | status=202
2026-01-28 13:23:06 - app - INFO - 4/5 - ext_jcarrion@Falabella.cl - status:202
2026-01-28 13:23:06 - app - INFO - Ejecutando get_array
2026-01-28 13:23:12 - app - INFO - Request enviado | request_id=939dbe12ffc713e4d1df0a34f8d8da8aeb802f8ad4a3576ddf4d7713cc9a2aea | destinatario=ext_jcarrion@Falabella.cl | status=202
2026-01-28 13:23:12 - app - INFO - 5/5 - ext_jcarrion@Falabella.cl - status:202
2026-01-28 13:23:12 - app - INFO - Proceso de envío finalizado
2026-01-28 13:23:12 - app - INFO - Cargando datos en BigQuery | tabla=teams_validation_data | registros=5 | dropTable=False
2026-01-28 13:23:12 - app - INFO - Cargando datos a staging | tabla=stg_teams_validation_data | filas=5 | dropTable=False
2026-01-28 13:23:16 - app - INFO - Carga a staging completada exitosamente | tabla=sbox_jcarrion.stg_teams_validation_data
2026-01-28 13:23:16 - app - INFO - Iniciando MERGE | staging=stg_teams_validation_data | tabla_final=teams_validation_data
2026-01-28 13:23:20 - app - INFO - MERGE completado exitosamente | tabla_final=teams_validation_data
2026-01-28 13:23:20 - app - INFO - Carga BigQuery finalizada correctamente | tabla=teams_validation_data
2026-01-28 13:23:20 - app - INFO - Lote 89 persistido en BigQuery | registros=5
2026-01-28 13:23:21 - app - INFO - Procesando lote 90 | registros=5
2026-01-28 13:23:21 - app - INFO - Iniciando envío de 5 formularios
2026-01-28 13:23:21 - app - INFO - Ejecutando get_array
2026-01-28 13:23:23 - app - INFO - Request enviado | request_id=74647844fce53bdd291a2307519686b194119ac22a9e4e4adccb4411b9ff1ddf | destinatario=ext_jcarrion@Falabella.cl | status=202
2026-01-28 13:23:23 - app - INFO - 1/5 - ext_jcarrion@Falabella.cl - status:202
2026-01-28 13:23:23 - app - INFO - Ejecutando get_array
2026-01-28 13:23:26 - app - INFO - Request enviado | request_id=96bb83e7ec5df8d5ed80c42a6e46e543dd43e68f894fbb0c805bbcc97324545f | destinatario=ext_jcarrion@Falabella.cl | status=202
2026-01-28 13:23:26 - app - INFO - 2/5 - ext_jcarrion@Falabella.cl - status:202
2026-01-28 13:23:26 - app - INFO - Ejecutando get_array
2026-01-28 13:23:28 - app - INFO - Request enviado | request_id=62fdac447598669b25ac81e7224a9e0c9d8c0407a7ab54681a6aab5451ab314d | destinatario=ext_jcarrion@Falabella.cl | status=202
2026-01-28 13:23:28 - app - INFO - 3/5 - ext_jcarrion@Falabella.cl - status:202
2026-01-28 13:23:28 - app - INFO - Ejecutando get_array
2026-01-28 13:23:31 - app - INFO - Request enviado | request_id=dc3bb58faab20d768ad73bf345de62e824483c5cf3d219644c8bb6999eb939a2 | destinatario=ext_jcarrion@Falabella.cl | status=202
2026-01-28 13:23:31 - app - INFO - 4/5 - ext_jcarrion@Falabella.cl - status:202
2026-01-28 13:23:31 - app - INFO - Ejecutando get_array
2026-01-28 13:23:33 - app - INFO - Request enviado | request_id=643b6537bace0c56b0d9dcb4b1966b3f27a828095dbc7ceac40b3e2a5d05cfa0 | destinatario=ext_jcarrion@Falabella.cl | status=202
2026-01-28 13:23:33 - app - INFO - 5/5 - ext_jcarrion@Falabella.cl - status:202
2026-01-28 13:23:33 - app - INFO - Proceso de envío finalizado
2026-01-28 13:23:33 - app - INFO - Cargando datos en BigQuery | tabla=teams_validation_data | registros=5 | dropTable=False
2026-01-28 13:23:33 - app - INFO - Cargando datos a staging | tabla=stg_teams_validation_data | filas=5 | dropTable=False
2026-01-28 13:23:37 - app - INFO - Carga a staging completada exitosamente | tabla=sbox_jcarrion.stg_teams_validation_data
2026-01-28 13:23:37 - app - INFO - Iniciando MERGE | staging=stg_teams_validation_data | tabla_final=teams_validation_data
2026-01-28 13:23:40 - app - INFO - MERGE completado exitosamente | tabla_final=teams_validation_data
2026-01-28 13:23:40 - app - INFO - Carga BigQuery finalizada correctamente | tabla=teams_validation_data
2026-01-28 13:23:40 - app - INFO - Lote 90 persistido en BigQuery | registros=5
2026-01-28 13:23:41 - app - INFO - Procesando lote 91 | registros=5
2026-01-28 13:23:41 - app - INFO - Iniciando envío de 5 formularios
2026-01-28 13:23:41 - app - INFO - Ejecutando get_array
2026-01-28 13:23:44 - app - INFO - Request enviado | request_id=2857b862dded1608d988005aa3cc80936007f1adec80e9d7694dfd5c3620eb28 | destinatario=ext_jcarrion@Falabella.cl | status=202
2026-01-28 13:23:44 - app - INFO - 1/5 - ext_jcarrion@Falabella.cl - status:202
2026-01-28 13:23:44 - app - INFO - Ejecutando get_array
2026-01-28 13:23:46 - app - INFO - Request enviado | request_id=a8791b8e91517ac35c044ee9d2b42e102775b97eb7ccfef12f48f8cc3480475e | destinatario=ext_jcarrion@Falabella.cl | status=202
2026-01-28 13:23:46 - app - INFO - 2/5 - ext_jcarrion@Falabella.cl - status:202
2026-01-28 13:23:46 - app - INFO - Ejecutando get_array
2026-01-28 13:23:49 - app - INFO - Request enviado | request_id=cbd13267903cd23692a9224256ae3f51700c116e22dcaf02dcfbccbe6aa68996 | destinatario=ext_jcarrion@Falabella.cl | status=202
2026-01-28 13:23:49 - app - INFO - 3/5 - ext_jcarrion@Falabella.cl - status:202
2026-01-28 13:23:49 - app - INFO - Ejecutando get_array
2026-01-28 13:23:52 - app - INFO - Request enviado | request_id=54274fda17364969a81272a049752f989e479fd42782bafedeb6db3a6f36c351 | destinatario=ext_jcarrion@Falabella.cl | status=202
2026-01-28 13:23:52 - app - INFO - 4/5 - ext_jcarrion@Falabella.cl - status:202
2026-01-28 13:23:52 - app - INFO - Ejecutando get_array
2026-01-28 13:23:54 - app - INFO - Request enviado | request_id=feb9960bac5b5f82471731c2c06973e9128a67e4249afbb04ecd4f9f800103e5 | destinatario=ext_jcarrion@Falabella.cl | status=202
2026-01-28 13:23:54 - app - INFO - 5/5 - ext_jcarrion@Falabella.cl - status:202
2026-01-28 13:23:54 - app - INFO - Proceso de envío finalizado
2026-01-28 13:23:54 - app - INFO - Cargando datos en BigQuery | tabla=teams_validation_data | registros=5 | dropTable=False
2026-01-28 13:23:54 - app - INFO - Cargando datos a staging | tabla=stg_teams_validation_data | filas=5 | dropTable=False
2026-01-28 13:23:58 - app - INFO - Carga a staging completada exitosamente | tabla=sbox_jcarrion.stg_teams_validation_data
2026-01-28 13:23:58 - app - INFO - Iniciando MERGE | staging=stg_teams_validation_data | tabla_final=teams_validation_data
2026-01-28 13:24:01 - app - INFO - MERGE completado exitosamente | tabla_final=teams_validation_data
2026-01-28 13:24:01 - app - INFO - Carga BigQuery finalizada correctamente | tabla=teams_validation_data
2026-01-28 13:24:01 - app - INFO - Lote 91 persistido en BigQuery | registros=5
2026-01-28 13:24:02 - app - INFO - Procesando lote 92 | registros=5
2026-01-28 13:24:02 - app - INFO - Iniciando envío de 5 formularios
2026-01-28 13:24:02 - app - INFO - Ejecutando get_array
2026-01-28 13:24:05 - app - INFO - Request enviado | request_id=c52230c7fc0eeb2ad0760c5eac4a26aaf88f878f9249af6e27da7ffda4b06c7a | destinatario=ext_jcarrion@Falabella.cl | status=202
2026-01-28 13:24:05 - app - INFO - 1/5 - ext_jcarrion@Falabella.cl - status:202
2026-01-28 13:24:05 - app - INFO - Ejecutando get_array
2026-01-28 13:24:07 - app - INFO - Request enviado | request_id=7c59855dbc4a33f8e6144f010b70f8fccc9423189d052d0384fa135adc5ac908 | destinatario=ext_jcarrion@Falabella.cl | status=202
2026-01-28 13:24:07 - app - INFO - 2/5 - ext_jcarrion@Falabella.cl - status:202
2026-01-28 13:24:07 - app - INFO - Ejecutando get_array
2026-01-28 13:24:10 - app - INFO - Request enviado | request_id=3047a3048adf5ba228458902bf828e74f5b0dc541726ff440c104e7936b6e5e1 | destinatario=ext_jcarrion@Falabella.cl | status=202
2026-01-28 13:24:10 - app - INFO - 3/5 - ext_jcarrion@Falabella.cl - status:202
2026-01-28 13:24:10 - app - INFO - Ejecutando get_array
2026-01-28 13:24:12 - app - INFO - Request enviado | request_id=3a4b877dd1724647cd92bbc9e525633bb8ae1c34dcbb97cf108b85b8fbfeb2ae | destinatario=ext_jcarrion@Falabella.cl | status=202
2026-01-28 13:24:12 - app - INFO - 4/5 - ext_jcarrion@Falabella.cl - status:202
2026-01-28 13:24:12 - app - INFO - Ejecutando get_array
2026-01-28 13:24:15 - app - INFO - Request enviado | request_id=eb8910cda9099d2dbcd8090af0657ada7ffc50c3d4c91db65bc8a981912f70bb | destinatario=ext_jcarrion@Falabella.cl | status=202
2026-01-28 13:24:15 - app - INFO - 5/5 - ext_jcarrion@Falabella.cl - status:202
2026-01-28 13:24:15 - app - INFO - Proceso de envío finalizado
2026-01-28 13:24:15 - app - INFO - Cargando datos en BigQuery | tabla=teams_validation_data | registros=5 | dropTable=False
2026-01-28 13:24:15 - app - INFO - Cargando datos a staging | tabla=stg_teams_validation_data | filas=5 | dropTable=False
2026-01-28 13:24:19 - app - INFO - Carga a staging completada exitosamente | tabla=sbox_jcarrion.stg_teams_validation_data
2026-01-28 13:24:19 - app - INFO - Iniciando MERGE | staging=stg_teams_validation_data | tabla_final=teams_validation_data
2026-01-28 13:24:22 - app - INFO - MERGE completado exitosamente | tabla_final=teams_validation_data
2026-01-28 13:24:22 - app - INFO - Carga BigQuery finalizada correctamente | tabla=teams_validation_data
2026-01-28 13:24:22 - app - INFO - Lote 92 persistido en BigQuery | registros=5
2026-01-28 13:24:23 - app - INFO - Procesando lote 93 | registros=5
2026-01-28 13:24:23 - app - INFO - Iniciando envío de 5 formularios
2026-01-28 13:24:23 - app - INFO - Ejecutando get_array
2026-01-28 13:24:26 - app - INFO - Request enviado | request_id=a129ee52be4208b082a5bf032de5cb8e32b50c2738cba9aae321753d4c96e854 | destinatario=ext_jcarrion@Falabella.cl | status=202
2026-01-28 13:24:26 - app - INFO - 1/5 - ext_jcarrion@Falabella.cl - status:202
2026-01-28 13:24:26 - app - INFO - Ejecutando get_array
2026-01-28 13:24:28 - app - INFO - Request enviado | request_id=5910f46e4428d9d7b8d43beb266c5e67fa1da5189f77ca09c2d7835bcaaf59f3 | destinatario=ext_jcarrion@Falabella.cl | status=202
2026-01-28 13:24:28 - app - INFO - 2/5 - ext_jcarrion@Falabella.cl - status:202
2026-01-28 13:24:28 - app - INFO - Ejecutando get_array
2026-01-28 13:24:31 - app - INFO - Request enviado | request_id=4a9c62d78d7f6bef6b9e298e733ef8499ed85d4c1538eace4bb80610a2bdce74 | destinatario=ext_jcarrion@Falabella.cl | status=202
2026-01-28 13:24:31 - app - INFO - 3/5 - ext_jcarrion@Falabella.cl - status:202
2026-01-28 13:24:31 - app - INFO - Ejecutando get_array
2026-01-28 13:24:33 - app - INFO - Request enviado | request_id=011b605f08b10f3ca349f3258d51bf26e67d6806001619245caf4f9b840aa8c4 | destinatario=ext_jcarrion@Falabella.cl | status=202
2026-01-28 13:24:33 - app - INFO - 4/5 - ext_jcarrion@Falabella.cl - status:202
2026-01-28 13:24:33 - app - INFO - Ejecutando get_array
2026-01-28 13:24:36 - app - INFO - Request enviado | request_id=63f28cf265e86946d65d365a703b0be45a71ebeb5c7f273326c5f91919e885b4 | destinatario=ext_jcarrion@Falabella.cl | status=202
2026-01-28 13:24:36 - app - INFO - 5/5 - ext_jcarrion@Falabella.cl - status:202
2026-01-28 13:24:36 - app - INFO - Proceso de envío finalizado
2026-01-28 13:24:36 - app - INFO - Cargando datos en BigQuery | tabla=teams_validation_data | registros=5 | dropTable=False
2026-01-28 13:24:36 - app - INFO - Cargando datos a staging | tabla=stg_teams_validation_data | filas=5 | dropTable=False
2026-01-28 13:24:40 - app - INFO - Carga a staging completada exitosamente | tabla=sbox_jcarrion.stg_teams_validation_data
2026-01-28 13:24:40 - app - INFO - Iniciando MERGE | staging=stg_teams_validation_data | tabla_final=teams_validation_data
2026-01-28 13:24:43 - app - INFO - MERGE completado exitosamente | tabla_final=teams_validation_data
2026-01-28 13:24:43 - app - INFO - Carga BigQuery finalizada correctamente | tabla=teams_validation_data
2026-01-28 13:24:43 - app - INFO - Lote 93 persistido en BigQuery | registros=5
2026-01-28 13:24:44 - app - INFO - Procesando lote 94 | registros=5
2026-01-28 13:24:44 - app - INFO - Iniciando envío de 5 formularios
2026-01-28 13:24:44 - app - INFO - Ejecutando get_array
2026-01-28 13:24:46 - app - INFO - Request enviado | request_id=0753d8ad65975f297ff3717a9004e3d95632d03c6edad0505298418357d0158b | destinatario=ext_jcarrion@Falabella.cl | status=202
2026-01-28 13:24:46 - app - INFO - 1/5 - ext_jcarrion@Falabella.cl - status:202
2026-01-28 13:24:46 - app - INFO - Ejecutando get_array
2026-01-28 13:24:49 - app - INFO - Request enviado | request_id=1fec73deccbb4b13d7744bd20d7dc1ebc87e2bb230d083724cf6a0078e55a50e | destinatario=ext_jcarrion@Falabella.cl | status=202
2026-01-28 13:24:49 - app - INFO - 2/5 - ext_jcarrion@Falabella.cl - status:202
2026-01-28 13:24:49 - app - INFO - Ejecutando get_array
2026-01-28 13:24:52 - app - INFO - Request enviado | request_id=58bae8019161441f6145acb164915d392aa379bbd0e3b100eae7fe45fa4a0ea5 | destinatario=ext_jcarrion@Falabella.cl | status=202
2026-01-28 13:24:52 - app - INFO - 3/5 - ext_jcarrion@Falabella.cl - status:202
2026-01-28 13:24:52 - app - INFO - Ejecutando get_array
2026-01-28 13:24:55 - app - INFO - Request enviado | request_id=8f7c77f40cb100e1b04137b63be17defc8de9bd3c65db8363eeba79526e1c36c | destinatario=ext_jcarrion@Falabella.cl | status=202
2026-01-28 13:24:55 - app - INFO - 4/5 - ext_jcarrion@Falabella.cl - status:202
2026-01-28 13:24:55 - app - INFO - Ejecutando get_array
2026-01-28 13:24:57 - app - INFO - Request enviado | request_id=8bc19a394c6b6b506f4e3446711fdd882253b11e6667fdf141292513ddfaf030 | destinatario=ext_jcarrion@Falabella.cl | status=202
2026-01-28 13:24:57 - app - INFO - 5/5 - ext_jcarrion@Falabella.cl - status:202
2026-01-28 13:24:57 - app - INFO - Proceso de envío finalizado
2026-01-28 13:24:57 - app - INFO - Cargando datos en BigQuery | tabla=teams_validation_data | registros=5 | dropTable=False
2026-01-28 13:24:57 - app - INFO - Cargando datos a staging | tabla=stg_teams_validation_data | filas=5 | dropTable=False
2026-01-28 13:25:02 - app - INFO - Carga a staging completada exitosamente | tabla=sbox_jcarrion.stg_teams_validation_data
2026-01-28 13:25:02 - app - INFO - Iniciando MERGE | staging=stg_teams_validation_data | tabla_final=teams_validation_data
2026-01-28 13:25:04 - app - INFO - MERGE completado exitosamente | tabla_final=teams_validation_data
2026-01-28 13:25:04 - app - INFO - Carga BigQuery finalizada correctamente | tabla=teams_validation_data
2026-01-28 13:25:04 - app - INFO - Lote 94 persistido en BigQuery | registros=5
2026-01-28 13:25:05 - app - INFO - Procesando lote 95 | registros=5
2026-01-28 13:25:05 - app - INFO - Iniciando envío de 5 formularios
2026-01-28 13:25:05 - app - INFO - Ejecutando get_array
2026-01-28 13:25:08 - app - INFO - Request enviado | request_id=cca981df1da6a3114d28eb7bd8deebbe10789d66f0a06b7ae70c2753a4acb6c6 | destinatario=ext_jcarrion@Falabella.cl | status=202
2026-01-28 13:25:08 - app - INFO - 1/5 - ext_jcarrion@Falabella.cl - status:202
2026-01-28 13:25:08 - app - INFO - Ejecutando get_array
2026-01-28 13:25:11 - app - INFO - Request enviado | request_id=d45d8442b1a2d37e9c177d1190a5d6631708407c2cca90ac07dae2effd5f5322 | destinatario=ext_jcarrion@Falabella.cl | status=202
2026-01-28 13:25:11 - app - INFO - 2/5 - ext_jcarrion@Falabella.cl - status:202
2026-01-28 13:25:11 - app - INFO - Ejecutando get_array
2026-01-28 13:25:13 - app - INFO - Request enviado | request_id=9f1529f0f85eb05283e960146ff9b5c73ad49b5b27e398682fc1932cc5796b5e | destinatario=ext_jcarrion@Falabella.cl | status=202
2026-01-28 13:25:13 - app - INFO - 3/5 - ext_jcarrion@Falabella.cl - status:202
2026-01-28 13:25:13 - app - INFO - Ejecutando get_array
2026-01-28 13:25:16 - app - INFO - Request enviado | request_id=e478224a3e3d8fd56ee6daec37e031a365ec76561ed059f4e1ec00a8a95c41e5 | destinatario=ext_jcarrion@Falabella.cl | status=202
2026-01-28 13:25:16 - app - INFO - 4/5 - ext_jcarrion@Falabella.cl - status:202
2026-01-28 13:25:16 - app - INFO - Ejecutando get_array
2026-01-28 13:25:18 - app - INFO - Request enviado | request_id=69b0dc8c4f1e114a54e265430f7c9029480673119818b68b3770df658ca5e67e | destinatario=ext_jcarrion@Falabella.cl | status=202
2026-01-28 13:25:18 - app - INFO - 5/5 - ext_jcarrion@Falabella.cl - status:202
2026-01-28 13:25:18 - app - INFO - Proceso de envío finalizado
2026-01-28 13:25:18 - app - INFO - Cargando datos en BigQuery | tabla=teams_validation_data | registros=5 | dropTable=False
2026-01-28 13:25:18 - app - INFO - Cargando datos a staging | tabla=stg_teams_validation_data | filas=5 | dropTable=False
2026-01-28 13:25:22 - app - INFO - Carga a staging completada exitosamente | tabla=sbox_jcarrion.stg_teams_validation_data
2026-01-28 13:25:22 - app - INFO - Iniciando MERGE | staging=stg_teams_validation_data | tabla_final=teams_validation_data
2026-01-28 13:25:25 - app - INFO - MERGE completado exitosamente | tabla_final=teams_validation_data
2026-01-28 13:25:25 - app - INFO - Carga BigQuery finalizada correctamente | tabla=teams_validation_data
2026-01-28 13:25:25 - app - INFO - Lote 95 persistido en BigQuery | registros=5
2026-01-28 13:25:26 - app - INFO - Procesando lote 96 | registros=5
2026-01-28 13:25:26 - app - INFO - Iniciando envío de 5 formularios
2026-01-28 13:25:26 - app - INFO - Ejecutando get_array
2026-01-28 13:25:29 - app - INFO - Request enviado | request_id=d40b21add5a5ad1efd53bf648da3fb8cdeaad265964b0e18d6dab82c4cd323eb | destinatario=ext_jcarrion@Falabella.cl | status=202
2026-01-28 13:25:29 - app - INFO - 1/5 - ext_jcarrion@Falabella.cl - status:202
2026-01-28 13:25:29 - app - INFO - Ejecutando get_array
2026-01-28 13:25:31 - app - INFO - Request enviado | request_id=fa01554b85d5b6ee437c0250289e5b13a3e35940762a84c0bef17ac9e1939883 | destinatario=ext_jcarrion@Falabella.cl | status=202
2026-01-28 13:25:31 - app - INFO - 2/5 - ext_jcarrion@Falabella.cl - status:202
2026-01-28 13:25:31 - app - INFO - Ejecutando get_array
2026-01-28 13:25:33 - app - INFO - Request enviado | request_id=c77a57778195f788daed0559146dde6317008e4a77f83207317c11dcb875c0be | destinatario=ext_jcarrion@Falabella.cl | status=202
2026-01-28 13:25:33 - app - INFO - 3/5 - ext_jcarrion@Falabella.cl - status:202
2026-01-28 13:25:33 - app - INFO - Ejecutando get_array
2026-01-28 13:25:36 - app - INFO - Request enviado | request_id=37192e392794a3ba6b4fa73125051c0e15c70638d71fbab00938438d0405c053 | destinatario=ext_jcarrion@Falabella.cl | status=202
2026-01-28 13:25:36 - app - INFO - 4/5 - ext_jcarrion@Falabella.cl - status:202
2026-01-28 13:25:36 - app - INFO - Ejecutando get_array
2026-01-28 13:25:39 - app - INFO - Request enviado | request_id=25fa9465437e9418cf6171899829176a2122962695ec966f25d2fd6941645b6b | destinatario=ext_jcarrion@Falabella.cl | status=202
2026-01-28 13:25:39 - app - INFO - 5/5 - ext_jcarrion@Falabella.cl - status:202
2026-01-28 13:25:39 - app - INFO - Proceso de envío finalizado
2026-01-28 13:25:39 - app - INFO - Cargando datos en BigQuery | tabla=teams_validation_data | registros=5 | dropTable=False
2026-01-28 13:25:39 - app - INFO - Cargando datos a staging | tabla=stg_teams_validation_data | filas=5 | dropTable=False
2026-01-28 13:25:42 - app - INFO - Carga a staging completada exitosamente | tabla=sbox_jcarrion.stg_teams_validation_data
2026-01-28 13:25:42 - app - INFO - Iniciando MERGE | staging=stg_teams_validation_data | tabla_final=teams_validation_data
2026-01-28 13:25:46 - app - INFO - MERGE completado exitosamente | tabla_final=teams_validation_data
2026-01-28 13:25:46 - app - INFO - Carga BigQuery finalizada correctamente | tabla=teams_validation_data
2026-01-28 13:25:46 - app - INFO - Lote 96 persistido en BigQuery | registros=5
2026-01-28 13:25:47 - app - INFO - Procesando lote 97 | registros=5
2026-01-28 13:25:47 - app - INFO - Iniciando envío de 5 formularios
2026-01-28 13:25:47 - app - INFO - Ejecutando get_array
2026-01-28 13:25:49 - app - INFO - Request enviado | request_id=007fd7cd13f6083a3ca440701e503c765a52b54eeecac25658d18737e07e26a1 | destinatario=ext_jcarrion@Falabella.cl | status=202
2026-01-28 13:25:49 - app - INFO - 1/5 - ext_jcarrion@Falabella.cl - status:202
2026-01-28 13:25:49 - app - INFO - Ejecutando get_array
2026-01-28 13:25:52 - app - INFO - Request enviado | request_id=5204a59c943adc3d53fc82ab667a27898b34666b8809d30062d4c314cb3e7703 | destinatario=ext_jcarrion@Falabella.cl | status=202
2026-01-28 13:25:52 - app - INFO - 2/5 - ext_jcarrion@Falabella.cl - status:202
2026-01-28 13:25:52 - app - INFO - Ejecutando get_array
2026-01-28 13:25:54 - app - INFO - Request enviado | request_id=e65af8a9a6771eba26126b2f21d35fd14f70bca4f74ec1e3e58b0e6ee3ee1786 | destinatario=ext_jcarrion@Falabella.cl | status=202
2026-01-28 13:25:54 - app - INFO - 3/5 - ext_jcarrion@Falabella.cl - status:202
2026-01-28 13:25:54 - app - INFO - Ejecutando get_array
2026-01-28 13:25:57 - app - INFO - Request enviado | request_id=9af6d2826c2b7dd1b63f7ccaa71d94eab49c095408438f763e336e70b692b0ab | destinatario=ext_jcarrion@Falabella.cl | status=202
2026-01-28 13:25:57 - app - INFO - 4/5 - ext_jcarrion@Falabella.cl - status:202
2026-01-28 13:25:57 - app - INFO - Ejecutando get_array
2026-01-28 13:25:59 - app - INFO - Request enviado | request_id=aec9100a0ef2291dd804568829ec48f92da750c7fdb794814601c955f5b008da | destinatario=ext_jcarrion@Falabella.cl | status=202
2026-01-28 13:25:59 - app - INFO - 5/5 - ext_jcarrion@Falabella.cl - status:202
2026-01-28 13:25:59 - app - INFO - Proceso de envío finalizado
2026-01-28 13:25:59 - app - INFO - Cargando datos en BigQuery | tabla=teams_validation_data | registros=5 | dropTable=False
2026-01-28 13:25:59 - app - INFO - Cargando datos a staging | tabla=stg_teams_validation_data | filas=5 | dropTable=False
2026-01-28 13:26:04 - app - INFO - Carga a staging completada exitosamente | tabla=sbox_jcarrion.stg_teams_validation_data
2026-01-28 13:26:04 - app - INFO - Iniciando MERGE | staging=stg_teams_validation_data | tabla_final=teams_validation_data
2026-01-28 13:26:08 - app - INFO - MERGE completado exitosamente | tabla_final=teams_validation_data
2026-01-28 13:26:08 - app - INFO - Carga BigQuery finalizada correctamente | tabla=teams_validation_data
2026-01-28 13:26:08 - app - INFO - Lote 97 persistido en BigQuery | registros=5
2026-01-28 13:26:09 - app - INFO - Procesando lote 98 | registros=5
2026-01-28 13:26:09 - app - INFO - Iniciando envío de 5 formularios
2026-01-28 13:26:09 - app - INFO - Ejecutando get_array
2026-01-28 13:26:11 - app - INFO - Request enviado | request_id=8c5a33d3a018ce9e1a6e4f5b1614f7b628f5c5dd17b04b5ce4fa63e0b3301db8 | destinatario=ext_jcarrion@Falabella.cl | status=202
2026-01-28 13:26:11 - app - INFO - 1/5 - ext_jcarrion@Falabella.cl - status:202
2026-01-28 13:26:11 - app - INFO - Ejecutando get_array
2026-01-28 13:26:14 - app - INFO - Request enviado | request_id=458e3763e33bb7d77e44e26d579a9a7c61a2000a986367fdc0bdf0b99c161387 | destinatario=ext_jcarrion@Falabella.cl | status=202
2026-01-28 13:26:14 - app - INFO - 2/5 - ext_jcarrion@Falabella.cl - status:202
2026-01-28 13:26:14 - app - INFO - Ejecutando get_array
2026-01-28 13:26:16 - app - INFO - Request enviado | request_id=d2776d886711a8bdb95e1b9719eb9352e355fce16f748648a2209eba60bab8ab | destinatario=ext_jcarrion@Falabella.cl | status=202
2026-01-28 13:26:16 - app - INFO - 3/5 - ext_jcarrion@Falabella.cl - status:202
2026-01-28 13:26:16 - app - INFO - Ejecutando get_array
2026-01-28 13:26:19 - app - INFO - Request enviado | request_id=66092294bab365ad250e0542323a7ea0184cbd386a3e4857c4a3a0f17970fdbb | destinatario=ext_jcarrion@Falabella.cl | status=202
2026-01-28 13:26:19 - app - INFO - 4/5 - ext_jcarrion@Falabella.cl - status:202
2026-01-28 13:26:19 - app - INFO - Ejecutando get_array
2026-01-28 13:26:21 - app - INFO - Request enviado | request_id=9b73d99537f04cebea5d5bb3b7ef4d9466ce2074d79fe5b11f3d1a7182b6b68e | destinatario=ext_jcarrion@Falabella.cl | status=202
2026-01-28 13:26:21 - app - INFO - 5/5 - ext_jcarrion@Falabella.cl - status:202
2026-01-28 13:26:21 - app - INFO - Proceso de envío finalizado
2026-01-28 13:26:21 - app - INFO - Cargando datos en BigQuery | tabla=teams_validation_data | registros=5 | dropTable=False
2026-01-28 13:26:21 - app - INFO - Cargando datos a staging | tabla=stg_teams_validation_data | filas=5 | dropTable=False
2026-01-28 13:26:25 - app - INFO - Carga a staging completada exitosamente | tabla=sbox_jcarrion.stg_teams_validation_data
2026-01-28 13:26:25 - app - INFO - Iniciando MERGE | staging=stg_teams_validation_data | tabla_final=teams_validation_data
2026-01-28 13:27:12 - app - INFO - MERGE completado exitosamente | tabla_final=teams_validation_data
2026-01-28 13:27:12 - app - INFO - Carga BigQuery finalizada correctamente | tabla=teams_validation_data
2026-01-28 13:27:12 - app - INFO - Lote 98 persistido en BigQuery | registros=5
2026-01-28 13:27:13 - app - INFO - Procesando lote 99 | registros=5
2026-01-28 13:27:13 - app - INFO - Iniciando envío de 5 formularios
2026-01-28 13:27:13 - app - INFO - Ejecutando get_array
2026-01-28 13:27:15 - app - INFO - Request enviado | request_id=dfa3b01ce69a13a10a5d5e55f220d369938c263341b1205e222f2255b2abbbce | destinatario=ext_jcarrion@Falabella.cl | status=202
2026-01-28 13:27:15 - app - INFO - 1/5 - ext_jcarrion@Falabella.cl - status:202
2026-01-28 13:27:15 - app - INFO - Ejecutando get_array
2026-01-28 13:27:18 - app - INFO - Request enviado | request_id=99fd47ad8abf855ea26664f52be2610bdf0164997f824c1402ba65907718e5f5 | destinatario=ext_jcarrion@Falabella.cl | status=202
2026-01-28 13:27:18 - app - INFO - 2/5 - ext_jcarrion@Falabella.cl - status:202
2026-01-28 13:27:18 - app - INFO - Ejecutando get_array
2026-01-28 13:27:21 - app - INFO - Request enviado | request_id=09d60c68d903b3404db781a52871081b9236df126af17ad0dba367d20b290504 | destinatario=ext_jcarrion@Falabella.cl | status=202
2026-01-28 13:27:21 - app - INFO - 3/5 - ext_jcarrion@Falabella.cl - status:202
2026-01-28 13:27:21 - app - INFO - Ejecutando get_array
2026-01-28 13:27:23 - app - INFO - Request enviado | request_id=ac94b357d2cad8cc9e77548ff908944379c0ce0334b1ad7ffb0097316609e91e | destinatario=ext_jcarrion@Falabella.cl | status=202
2026-01-28 13:27:23 - app - INFO - 4/5 - ext_jcarrion@Falabella.cl - status:202
2026-01-28 13:27:23 - app - INFO - Ejecutando get_array
2026-01-28 13:27:26 - app - INFO - Request enviado | request_id=8fb8ac5f730b4bfe367d00da1e303ee405f0367f78037f815682e8d39d478941 | destinatario=ext_jcarrion@Falabella.cl | status=202
2026-01-28 13:27:26 - app - INFO - 5/5 - ext_jcarrion@Falabella.cl - status:202
2026-01-28 13:27:26 - app - INFO - Proceso de envío finalizado
2026-01-28 13:27:26 - app - INFO - Cargando datos en BigQuery | tabla=teams_validation_data | registros=5 | dropTable=False
2026-01-28 13:27:26 - app - INFO - Cargando datos a staging | tabla=stg_teams_validation_data | filas=5 | dropTable=False
2026-01-28 13:27:30 - app - INFO - Carga a staging completada exitosamente | tabla=sbox_jcarrion.stg_teams_validation_data
2026-01-28 13:27:30 - app - INFO - Iniciando MERGE | staging=stg_teams_validation_data | tabla_final=teams_validation_data
2026-01-28 13:27:32 - app - INFO - MERGE completado exitosamente | tabla_final=teams_validation_data
2026-01-28 13:27:32 - app - INFO - Carga BigQuery finalizada correctamente | tabla=teams_validation_data
2026-01-28 13:27:32 - app - INFO - Lote 99 persistido en BigQuery | registros=5
2026-01-28 13:27:33 - app - INFO - Procesando lote 100 | registros=5
2026-01-28 13:27:33 - app - INFO - Iniciando envío de 5 formularios
2026-01-28 13:27:33 - app - INFO - Ejecutando get_array
2026-01-28 13:27:36 - app - INFO - Request enviado | request_id=c270ce54a266d5113bf9cad0af23b14fc843f70718dbac33a125ee11b05c519f | destinatario=ext_jcarrion@Falabella.cl | status=202
2026-01-28 13:27:36 - app - INFO - 1/5 - ext_jcarrion@Falabella.cl - status:202
2026-01-28 13:27:36 - app - INFO - Ejecutando get_array
2026-01-28 13:27:39 - app - INFO - Request enviado | request_id=5412519b9a1d4e31cf341ba97ea07055baa30902202e764a222841815b8ee466 | destinatario=ext_jcarrion@Falabella.cl | status=202
2026-01-28 13:27:39 - app - INFO - 2/5 - ext_jcarrion@Falabella.cl - status:202
2026-01-28 13:27:39 - app - INFO - Ejecutando get_array
2026-01-28 13:27:41 - app - INFO - Request enviado | request_id=9ec7e400ab8d49bcd4f01bb626db7ea4fd3664901036b10c0122b7ffb0eea579 | destinatario=ext_jcarrion@Falabella.cl | status=202
2026-01-28 13:27:41 - app - INFO - 3/5 - ext_jcarrion@Falabella.cl - status:202
2026-01-28 13:27:41 - app - INFO - Ejecutando get_array
2026-01-28 13:27:44 - app - INFO - Request enviado | request_id=72adcccec5af35cdae387f818b42799a0118b2c4175a95904658453a59fa9c5b | destinatario=ext_jcarrion@Falabella.cl | status=202
2026-01-28 13:27:44 - app - INFO - 4/5 - ext_jcarrion@Falabella.cl - status:202
2026-01-28 13:27:44 - app - INFO - Ejecutando get_array
2026-01-28 13:27:46 - app - INFO - Request enviado | request_id=6e4a28b71fbfecf2220ae63411218dab8b333609a6b823490107c7c5393d57da | destinatario=ext_jcarrion@Falabella.cl | status=202
2026-01-28 13:27:46 - app - INFO - 5/5 - ext_jcarrion@Falabella.cl - status:202
2026-01-28 13:27:46 - app - INFO - Proceso de envío finalizado
2026-01-28 13:27:46 - app - INFO - Cargando datos en BigQuery | tabla=teams_validation_data | registros=5 | dropTable=False
2026-01-28 13:27:46 - app - INFO - Cargando datos a staging | tabla=stg_teams_validation_data | filas=5 | dropTable=False
2026-01-28 13:27:51 - app - INFO - Carga a staging completada exitosamente | tabla=sbox_jcarrion.stg_teams_validation_data
2026-01-28 13:27:51 - app - INFO - Iniciando MERGE | staging=stg_teams_validation_data | tabla_final=teams_validation_data
2026-01-28 13:27:54 - app - INFO - MERGE completado exitosamente | tabla_final=teams_validation_data
2026-01-28 13:27:54 - app - INFO - Carga BigQuery finalizada correctamente | tabla=teams_validation_data
2026-01-28 13:27:54 - app - INFO - Lote 100 persistido en BigQuery | registros=5
2026-01-28 13:27:55 - app - INFO - Procesando lote 101 | registros=5
2026-01-28 13:27:55 - app - INFO - Iniciando envío de 5 formularios
2026-01-28 13:27:55 - app - INFO - Ejecutando get_array
2026-01-28 13:27:58 - app - INFO - Request enviado | request_id=93ae7f5a881c0da8b888e3cbe3b3e93f0993ad819dd4e7c20cae21db82988c45 | destinatario=ext_jcarrion@Falabella.cl | status=202
2026-01-28 13:27:58 - app - INFO - 1/5 - ext_jcarrion@Falabella.cl - status:202
2026-01-28 13:27:58 - app - INFO - Ejecutando get_array
2026-01-28 13:28:00 - app - INFO - Request enviado | request_id=15753442000e2fff65d98a65bfe588df7c9240e4c476c8aa930819fad585aa83 | destinatario=ext_jcarrion@Falabella.cl | status=202
2026-01-28 13:28:00 - app - INFO - 2/5 - ext_jcarrion@Falabella.cl - status:202
2026-01-28 13:28:00 - app - INFO - Ejecutando get_array
2026-01-28 13:28:03 - app - INFO - Request enviado | request_id=11abe7476ea0b0b3fc97b37497c822b7c42a1677d18eade8079126c21617648c | destinatario=ext_jcarrion@Falabella.cl | status=202
2026-01-28 13:28:03 - app - INFO - 3/5 - ext_jcarrion@Falabella.cl - status:202
2026-01-28 13:28:03 - app - INFO - Ejecutando get_array
2026-01-28 13:28:06 - app - INFO - Request enviado | request_id=7a5f9081942537478d472bc75b5c10c0835c1e640b1b8405267ac2b72de4e97c | destinatario=ext_jcarrion@Falabella.cl | status=202
2026-01-28 13:28:06 - app - INFO - 4/5 - ext_jcarrion@Falabella.cl - status:202
2026-01-28 13:28:06 - app - INFO - Ejecutando get_array
2026-01-28 13:28:08 - app - INFO - Request enviado | request_id=b3abeb7c007c6b8f6b58daf571ade7f0b58a03cb0a0dbe39cdd72db131e9ff6c | destinatario=ext_jcarrion@Falabella.cl | status=202
2026-01-28 13:28:08 - app - INFO - 5/5 - ext_jcarrion@Falabella.cl - status:202
2026-01-28 13:28:08 - app - INFO - Proceso de envío finalizado
2026-01-28 13:28:08 - app - INFO - Cargando datos en BigQuery | tabla=teams_validation_data | registros=5 | dropTable=False
2026-01-28 13:28:08 - app - INFO - Cargando datos a staging | tabla=stg_teams_validation_data | filas=5 | dropTable=False
2026-01-28 13:28:13 - app - INFO - Carga a staging completada exitosamente | tabla=sbox_jcarrion.stg_teams_validation_data
2026-01-28 13:28:13 - app - INFO - Iniciando MERGE | staging=stg_teams_validation_data | tabla_final=teams_validation_data
2026-01-28 13:28:16 - app - INFO - MERGE completado exitosamente | tabla_final=teams_validation_data
2026-01-28 13:28:16 - app - INFO - Carga BigQuery finalizada correctamente | tabla=teams_validation_data
2026-01-28 13:28:16 - app - INFO - Lote 101 persistido en BigQuery | registros=5
2026-01-28 13:28:17 - app - INFO - Procesando lote 102 | registros=5
2026-01-28 13:28:17 - app - INFO - Iniciando envío de 5 formularios
2026-01-28 13:28:17 - app - INFO - Ejecutando get_array
2026-01-28 13:28:19 - app - INFO - Request enviado | request_id=faccd55b33be14ce8ce68a692003cbc71759041897cfd38c15b34122e69b03c3 | destinatario=ext_jcarrion@Falabella.cl | status=202
2026-01-28 13:28:19 - app - INFO - 1/5 - ext_jcarrion@Falabella.cl - status:202
2026-01-28 13:28:19 - app - INFO - Ejecutando get_array
2026-01-28 13:28:22 - app - INFO - Request enviado | request_id=bb9bafcdac2e14001e0b0a2906bdb84c086343ea55cd089dd68aa469261c6e3f | destinatario=ext_jcarrion@Falabella.cl | status=202
2026-01-28 13:28:22 - app - INFO - 2/5 - ext_jcarrion@Falabella.cl - status:202
2026-01-28 13:28:22 - app - INFO - Ejecutando get_array
2026-01-28 13:28:24 - app - INFO - Request enviado | request_id=91dba3bd6311c4fb7189cfc3ed063caf5bbac009c3eda6d913aefc6b2334084b | destinatario=ext_jcarrion@Falabella.cl | status=202
2026-01-28 13:28:24 - app - INFO - 3/5 - ext_jcarrion@Falabella.cl - status:202
2026-01-28 13:28:24 - app - INFO - Ejecutando get_array
2026-01-28 13:28:27 - app - INFO - Request enviado | request_id=28e0ca81cd3f0027841cf1fbe9970d843455bebcbc6c21ab988a72f61fa273db | destinatario=ext_jcarrion@Falabella.cl | status=202
2026-01-28 13:28:27 - app - INFO - 4/5 - ext_jcarrion@Falabella.cl - status:202
2026-01-28 13:28:27 - app - INFO - Ejecutando get_array
2026-01-28 13:28:30 - app - INFO - Request enviado | request_id=952fbc7d1e15b31e53c2d6858ba07e26fd02fa7236a99dff334088043f954cc7 | destinatario=ext_jcarrion@Falabella.cl | status=202
2026-01-28 13:28:30 - app - INFO - 5/5 - ext_jcarrion@Falabella.cl - status:202
2026-01-28 13:28:30 - app - INFO - Proceso de envío finalizado
2026-01-28 13:28:30 - app - INFO - Cargando datos en BigQuery | tabla=teams_validation_data | registros=5 | dropTable=False
2026-01-28 13:28:30 - app - INFO - Cargando datos a staging | tabla=stg_teams_validation_data | filas=5 | dropTable=False
2026-01-28 13:28:33 - app - INFO - Carga a staging completada exitosamente | tabla=sbox_jcarrion.stg_teams_validation_data
2026-01-28 13:28:33 - app - INFO - Iniciando MERGE | staging=stg_teams_validation_data | tabla_final=teams_validation_data
2026-01-28 13:28:36 - app - INFO - MERGE completado exitosamente | tabla_final=teams_validation_data
2026-01-28 13:28:36 - app - INFO - Carga BigQuery finalizada correctamente | tabla=teams_validation_data
2026-01-28 13:28:36 - app - INFO - Lote 102 persistido en BigQuery | registros=5
2026-01-28 13:28:37 - app - INFO - Procesando lote 103 | registros=5
2026-01-28 13:28:37 - app - INFO - Iniciando envío de 5 formularios
2026-01-28 13:28:37 - app - INFO - Ejecutando get_array
2026-01-28 13:28:40 - app - INFO - Request enviado | request_id=4808d5984616dea05c11e8a0ccc448abf7f383e589fc66b477a21670f2ff9f52 | destinatario=ext_jcarrion@Falabella.cl | status=202
2026-01-28 13:28:40 - app - INFO - 1/5 - ext_jcarrion@Falabella.cl - status:202
2026-01-28 13:28:40 - app - INFO - Ejecutando get_array
2026-01-28 13:28:43 - app - INFO - Request enviado | request_id=31b8d8f1c83ffbdf00175a0d5132b4801d799bf73fad993f22bc30d9a354862b | destinatario=ext_jcarrion@Falabella.cl | status=202
2026-01-28 13:28:43 - app - INFO - 2/5 - ext_jcarrion@Falabella.cl - status:202
2026-01-28 13:28:43 - app - INFO - Ejecutando get_array
2026-01-28 13:28:45 - app - INFO - Request enviado | request_id=129308e49eb65b0934b92d52845b2a08150d8f70c1e246dff5fdddbead6194be | destinatario=ext_jcarrion@Falabella.cl | status=202
2026-01-28 13:28:45 - app - INFO - 3/5 - ext_jcarrion@Falabella.cl - status:202
2026-01-28 13:28:45 - app - INFO - Ejecutando get_array
2026-01-28 13:28:48 - app - INFO - Request enviado | request_id=75a9ab8c38a56bd94ed8a5861532212d1811ab06e571bca361c9eedb8a607c07 | destinatario=ext_jcarrion@Falabella.cl | status=202
2026-01-28 13:28:48 - app - INFO - 4/5 - ext_jcarrion@Falabella.cl - status:202
2026-01-28 13:28:48 - app - INFO - Ejecutando get_array
2026-01-28 13:28:51 - app - INFO - Request enviado | request_id=e60515cd6ae3ea207263e22425cad01ce06d3223ba0b925be061d596ddf932e7 | destinatario=ext_jcarrion@Falabella.cl | status=202
2026-01-28 13:28:51 - app - INFO - 5/5 - ext_jcarrion@Falabella.cl - status:202
2026-01-28 13:28:51 - app - INFO - Proceso de envío finalizado
2026-01-28 13:28:51 - app - INFO - Cargando datos en BigQuery | tabla=teams_validation_data | registros=5 | dropTable=False
2026-01-28 13:28:51 - app - INFO - Cargando datos a staging | tabla=stg_teams_validation_data | filas=5 | dropTable=False
2026-01-28 13:28:55 - app - INFO - Carga a staging completada exitosamente | tabla=sbox_jcarrion.stg_teams_validation_data
2026-01-28 13:28:55 - app - INFO - Iniciando MERGE | staging=stg_teams_validation_data | tabla_final=teams_validation_data
2026-01-28 13:28:58 - app - INFO - MERGE completado exitosamente | tabla_final=teams_validation_data
2026-01-28 13:28:58 - app - INFO - Carga BigQuery finalizada correctamente | tabla=teams_validation_data
2026-01-28 13:28:58 - app - INFO - Lote 103 persistido en BigQuery | registros=5
2026-01-28 13:28:59 - app - INFO - Procesando lote 104 | registros=5
2026-01-28 13:28:59 - app - INFO - Iniciando envío de 5 formularios
2026-01-28 13:28:59 - app - INFO - Ejecutando get_array
2026-01-28 13:29:01 - app - INFO - Request enviado | request_id=58a4c0c7f3133413abdd8c9caf6b1f7e8ae4fa1146c3cd311f3d761da2ee8833 | destinatario=ext_jcarrion@Falabella.cl | status=202
2026-01-28 13:29:01 - app - INFO - 1/5 - ext_jcarrion@Falabella.cl - status:202
2026-01-28 13:29:01 - app - INFO - Ejecutando get_array
2026-01-28 13:29:04 - app - INFO - Request enviado | request_id=50c7d96c5ca3751711fc3c63befd7ea3c6a83512e00293db8addcc7a929db88e | destinatario=ext_jcarrion@Falabella.cl | status=202
2026-01-28 13:29:04 - app - INFO - 2/5 - ext_jcarrion@Falabella.cl - status:202
2026-01-28 13:29:04 - app - INFO - Ejecutando get_array
2026-01-28 13:29:06 - app - INFO - Request enviado | request_id=491392ea4f6a47fa314edd758de252637f4eff119c35365c09c4601fb67c0f48 | destinatario=ext_jcarrion@Falabella.cl | status=202
2026-01-28 13:29:06 - app - INFO - 3/5 - ext_jcarrion@Falabella.cl - status:202
2026-01-28 13:29:06 - app - INFO - Ejecutando get_array
2026-01-28 13:29:09 - app - INFO - Request enviado | request_id=5a0317a9d9f60db258d2b06ec675d6c46a4d82fa8cf3811341a9be0b063d0cbc | destinatario=ext_jcarrion@Falabella.cl | status=202
2026-01-28 13:29:09 - app - INFO - 4/5 - ext_jcarrion@Falabella.cl - status:202
2026-01-28 13:29:09 - app - INFO - Ejecutando get_array
2026-01-28 13:29:12 - app - INFO - Request enviado | request_id=e71a0456a951c75353c0e2d57e44eed88141d3d33a0dd3099f2e3f0cfb008b83 | destinatario=ext_jcarrion@Falabella.cl | status=202
2026-01-28 13:29:12 - app - INFO - 5/5 - ext_jcarrion@Falabella.cl - status:202
2026-01-28 13:29:12 - app - INFO - Proceso de envío finalizado
2026-01-28 13:29:12 - app - INFO - Cargando datos en BigQuery | tabla=teams_validation_data | registros=5 | dropTable=False
2026-01-28 13:29:12 - app - INFO - Cargando datos a staging | tabla=stg_teams_validation_data | filas=5 | dropTable=False
2026-01-28 13:29:15 - app - INFO - Carga a staging completada exitosamente | tabla=sbox_jcarrion.stg_teams_validation_data
2026-01-28 13:29:15 - app - INFO - Iniciando MERGE | staging=stg_teams_validation_data | tabla_final=teams_validation_data
2026-01-28 13:29:18 - app - INFO - MERGE completado exitosamente | tabla_final=teams_validation_data
2026-01-28 13:29:18 - app - INFO - Carga BigQuery finalizada correctamente | tabla=teams_validation_data
2026-01-28 13:29:18 - app - INFO - Lote 104 persistido en BigQuery | registros=5
2026-01-28 13:29:19 - app - INFO - Procesando lote 105 | registros=5
2026-01-28 13:29:19 - app - INFO - Iniciando envío de 5 formularios
2026-01-28 13:29:19 - app - INFO - Ejecutando get_array
2026-01-28 13:29:22 - app - INFO - Request enviado | request_id=eb04db62ad5b3d640bcd71918d20df42cc4d29903086a488f51ff00ad0e3d386 | destinatario=ext_jcarrion@Falabella.cl | status=202
2026-01-28 13:29:22 - app - INFO - 1/5 - ext_jcarrion@Falabella.cl - status:202
2026-01-28 13:29:22 - app - INFO - Ejecutando get_array
2026-01-28 13:29:24 - app - INFO - Request enviado | request_id=d80ebfb213d2af5b6fb9c7445ec540f61187a50e559d467e8b42866d82116125 | destinatario=ext_jcarrion@Falabella.cl | status=202
2026-01-28 13:29:24 - app - INFO - 2/5 - ext_jcarrion@Falabella.cl - status:202
2026-01-28 13:29:24 - app - INFO - Ejecutando get_array
2026-01-28 13:29:27 - app - INFO - Request enviado | request_id=b1925065677be11b42b0555fcbde79cd2d23d3da89fdc08345bea54282b10383 | destinatario=ext_jcarrion@Falabella.cl | status=202
2026-01-28 13:29:27 - app - INFO - 3/5 - ext_jcarrion@Falabella.cl - status:202
2026-01-28 13:29:27 - app - INFO - Ejecutando get_array
2026-01-28 13:29:30 - app - INFO - Request enviado | request_id=cecff56746ff71216cf28757fb9b557e47fba10479188c8b7f6e6524edd2fac2 | destinatario=ext_jcarrion@Falabella.cl | status=202
2026-01-28 13:29:30 - app - INFO - 4/5 - ext_jcarrion@Falabella.cl - status:202
2026-01-28 13:29:30 - app - INFO - Ejecutando get_array
2026-01-28 13:29:32 - app - INFO - Request enviado | request_id=e04c8b8eb030c99ea249962d0962fb6a86880ff84989ca0aa0a85db84e8a38bd | destinatario=ext_jcarrion@Falabella.cl | status=202
2026-01-28 13:29:32 - app - INFO - 5/5 - ext_jcarrion@Falabella.cl - status:202
2026-01-28 13:29:32 - app - INFO - Proceso de envío finalizado
2026-01-28 13:29:32 - app - INFO - Cargando datos en BigQuery | tabla=teams_validation_data | registros=5 | dropTable=False
2026-01-28 13:29:32 - app - INFO - Cargando datos a staging | tabla=stg_teams_validation_data | filas=5 | dropTable=False
2026-01-28 13:29:37 - app - INFO - Carga a staging completada exitosamente | tabla=sbox_jcarrion.stg_teams_validation_data
2026-01-28 13:29:37 - app - INFO - Iniciando MERGE | staging=stg_teams_validation_data | tabla_final=teams_validation_data
2026-01-28 13:29:40 - app - INFO - MERGE completado exitosamente | tabla_final=teams_validation_data
2026-01-28 13:29:40 - app - INFO - Carga BigQuery finalizada correctamente | tabla=teams_validation_data
2026-01-28 13:29:40 - app - INFO - Lote 105 persistido en BigQuery | registros=5
2026-01-28 13:29:41 - app - INFO - Procesando lote 106 | registros=5
2026-01-28 13:29:41 - app - INFO - Iniciando envío de 5 formularios
2026-01-28 13:29:41 - app - INFO - Ejecutando get_array
2026-01-28 13:29:43 - app - INFO - Request enviado | request_id=259af3a1678cde5221996f2bb11ab62b2bef391501e5167f8d6b0efbdf3fed41 | destinatario=ext_jcarrion@Falabella.cl | status=202
2026-01-28 13:29:43 - app - INFO - 1/5 - ext_jcarrion@Falabella.cl - status:202
2026-01-28 13:29:43 - app - INFO - Ejecutando get_array
2026-01-28 13:29:46 - app - INFO - Request enviado | request_id=463e5e73ca9a9b3bbcf503595be6fcd26e8105126d51b3759cac08ced31a15da | destinatario=ext_jcarrion@Falabella.cl | status=202
2026-01-28 13:29:46 - app - INFO - 2/5 - ext_jcarrion@Falabella.cl - status:202
2026-01-28 13:29:46 - app - INFO - Ejecutando get_array
2026-01-28 13:29:48 - app - INFO - Request enviado | request_id=fc44dfac82d2d425e1746a982d178e7479f6d8b9b127e3de09405299fa6d3bbf | destinatario=ext_jcarrion@Falabella.cl | status=202
2026-01-28 13:29:48 - app - INFO - 3/5 - ext_jcarrion@Falabella.cl - status:202
2026-01-28 13:29:48 - app - INFO - Ejecutando get_array
2026-01-28 13:29:51 - app - INFO - Request enviado | request_id=2967143fb2a139f6b6b6bdefa10a057df8515c30be1e733f77d3277150dc82ba | destinatario=ext_jcarrion@Falabella.cl | status=202
2026-01-28 13:29:51 - app - INFO - 4/5 - ext_jcarrion@Falabella.cl - status:202
2026-01-28 13:29:51 - app - INFO - Ejecutando get_array
2026-01-28 13:29:53 - app - INFO - Request enviado | request_id=ff1e85ad1b1cc613b1e786ad86223dd3e2ceeb6a758cc2ef17a0434787d0340c | destinatario=ext_jcarrion@Falabella.cl | status=202
2026-01-28 13:29:53 - app - INFO - 5/5 - ext_jcarrion@Falabella.cl - status:202
2026-01-28 13:29:53 - app - INFO - Proceso de envío finalizado
2026-01-28 13:29:53 - app - INFO - Cargando datos en BigQuery | tabla=teams_validation_data | registros=5 | dropTable=False
2026-01-28 13:29:53 - app - INFO - Cargando datos a staging | tabla=stg_teams_validation_data | filas=5 | dropTable=False
2026-01-28 13:29:57 - app - INFO - Carga a staging completada exitosamente | tabla=sbox_jcarrion.stg_teams_validation_data
2026-01-28 13:29:57 - app - INFO - Iniciando MERGE | staging=stg_teams_validation_data | tabla_final=teams_validation_data
2026-01-28 13:30:02 - app - INFO - MERGE completado exitosamente | tabla_final=teams_validation_data
2026-01-28 13:30:02 - app - INFO - Carga BigQuery finalizada correctamente | tabla=teams_validation_data
2026-01-28 13:30:02 - app - INFO - Lote 106 persistido en BigQuery | registros=5
2026-01-28 13:30:03 - app - INFO - Procesando lote 107 | registros=5
2026-01-28 13:30:03 - app - INFO - Iniciando envío de 5 formularios
2026-01-28 13:30:03 - app - INFO - Ejecutando get_array
2026-01-28 13:30:11 - app - INFO - Request enviado | request_id=124770bdc6711a9e8aef2c09ecf4ae8d6a700c71e07ad37d3f21eede804f2c11 | destinatario=ext_jcarrion@Falabella.cl | status=202
2026-01-28 13:30:11 - app - INFO - 1/5 - ext_jcarrion@Falabella.cl - status:202
2026-01-28 13:30:11 - app - INFO - Ejecutando get_array
2026-01-28 13:30:13 - app - INFO - Request enviado | request_id=990e1f56c421243d88630738667b0780fbcecb12e446a3e4777f57a79a19c76f | destinatario=ext_jcarrion@Falabella.cl | status=202
2026-01-28 13:30:13 - app - INFO - 2/5 - ext_jcarrion@Falabella.cl - status:202
2026-01-28 13:30:13 - app - INFO - Ejecutando get_array
2026-01-28 13:30:16 - app - INFO - Request enviado | request_id=edc169639226a47769b4fe29ec6abf568fd9f8f49957b0c91ca500b0b202dcae | destinatario=ext_jcarrion@Falabella.cl | status=202
2026-01-28 13:30:16 - app - INFO - 3/5 - ext_jcarrion@Falabella.cl - status:202
2026-01-28 13:30:16 - app - INFO - Ejecutando get_array
2026-01-28 13:30:18 - app - INFO - Request enviado | request_id=713241ac44f81f4cfdc50157115e26cb8957c99aa3de6db4bd5d03952f3f5f35 | destinatario=ext_jcarrion@Falabella.cl | status=202
2026-01-28 13:30:18 - app - INFO - 4/5 - ext_jcarrion@Falabella.cl - status:202
2026-01-28 13:30:18 - app - INFO - Ejecutando get_array
2026-01-28 13:30:21 - app - INFO - Request enviado | request_id=02b86b14546e407b749ccb60bf18d1b5676a79c1f98c5b9399a08f081657c0a5 | destinatario=ext_jcarrion@Falabella.cl | status=202
2026-01-28 13:30:21 - app - INFO - 5/5 - ext_jcarrion@Falabella.cl - status:202
2026-01-28 13:30:21 - app - INFO - Proceso de envío finalizado
2026-01-28 13:30:21 - app - INFO - Cargando datos en BigQuery | tabla=teams_validation_data | registros=5 | dropTable=False
2026-01-28 13:30:21 - app - INFO - Cargando datos a staging | tabla=stg_teams_validation_data | filas=5 | dropTable=False
2026-01-28 13:30:25 - app - INFO - Carga a staging completada exitosamente | tabla=sbox_jcarrion.stg_teams_validation_data
2026-01-28 13:30:25 - app - INFO - Iniciando MERGE | staging=stg_teams_validation_data | tabla_final=teams_validation_data
2026-01-28 13:30:28 - app - INFO - MERGE completado exitosamente | tabla_final=teams_validation_data
2026-01-28 13:30:28 - app - INFO - Carga BigQuery finalizada correctamente | tabla=teams_validation_data
2026-01-28 13:30:28 - app - INFO - Lote 107 persistido en BigQuery | registros=5
2026-01-28 13:30:29 - app - INFO - Procesando lote 108 | registros=5
2026-01-28 13:30:29 - app - INFO - Iniciando envío de 5 formularios
2026-01-28 13:30:29 - app - INFO - Ejecutando get_array
2026-01-28 13:30:32 - app - INFO - Request enviado | request_id=66e8fe25321d460ca3d5626ef67750cca19be212eebae583680f9feded11d4d6 | destinatario=ext_jcarrion@Falabella.cl | status=202
2026-01-28 13:30:32 - app - INFO - 1/5 - ext_jcarrion@Falabella.cl - status:202
2026-01-28 13:30:32 - app - INFO - Ejecutando get_array
2026-01-28 13:30:34 - app - INFO - Request enviado | request_id=3278977b2afe551290f5cc98a11ffb22f052919ae48822914180e5fb1a084604 | destinatario=ext_jcarrion@Falabella.cl | status=202
2026-01-28 13:30:34 - app - INFO - 2/5 - ext_jcarrion@Falabella.cl - status:202
2026-01-28 13:30:34 - app - INFO - Ejecutando get_array
2026-01-28 13:30:37 - app - INFO - Request enviado | request_id=53a59847508f15f6d780713adbf707c100693d78209c01add0d6c70bc96e2fee | destinatario=ext_jcarrion@Falabella.cl | status=202
2026-01-28 13:30:37 - app - INFO - 3/5 - ext_jcarrion@Falabella.cl - status:202
2026-01-28 13:30:37 - app - INFO - Ejecutando get_array
2026-01-28 13:30:40 - app - INFO - Request enviado | request_id=78751b5e78f543a00ce5496fdc1716d82b0f17f15f790c6cc0f121ea2f99819c | destinatario=ext_jcarrion@Falabella.cl | status=202
2026-01-28 13:30:40 - app - INFO - 4/5 - ext_jcarrion@Falabella.cl - status:202
2026-01-28 13:30:40 - app - INFO - Ejecutando get_array
2026-01-28 13:30:42 - app - INFO - Request enviado | request_id=05ff7aeffad00f80f0d9a56b0714ae6349648eaa1d1528db619335b1fe88f780 | destinatario=ext_jcarrion@Falabella.cl | status=202
2026-01-28 13:30:42 - app - INFO - 5/5 - ext_jcarrion@Falabella.cl - status:202
2026-01-28 13:30:42 - app - INFO - Proceso de envío finalizado
2026-01-28 13:30:42 - app - INFO - Cargando datos en BigQuery | tabla=teams_validation_data | registros=5 | dropTable=False
2026-01-28 13:30:42 - app - INFO - Cargando datos a staging | tabla=stg_teams_validation_data | filas=5 | dropTable=False
2026-01-28 13:30:47 - app - INFO - Carga a staging completada exitosamente | tabla=sbox_jcarrion.stg_teams_validation_data
2026-01-28 13:30:47 - app - INFO - Iniciando MERGE | staging=stg_teams_validation_data | tabla_final=teams_validation_data
2026-01-28 13:30:50 - app - INFO - MERGE completado exitosamente | tabla_final=teams_validation_data
2026-01-28 13:30:50 - app - INFO - Carga BigQuery finalizada correctamente | tabla=teams_validation_data
2026-01-28 13:30:50 - app - INFO - Lote 108 persistido en BigQuery | registros=5
2026-01-28 13:30:51 - app - INFO - Procesando lote 109 | registros=5
2026-01-28 13:30:51 - app - INFO - Iniciando envío de 5 formularios
2026-01-28 13:30:51 - app - INFO - Ejecutando get_array
2026-01-28 13:30:54 - app - INFO - Request enviado | request_id=d75cce15ab43bdde45b29ec79d0a9229baf118cbb5ede19040730a72b37df560 | destinatario=ext_jcarrion@Falabella.cl | status=202
2026-01-28 13:30:54 - app - INFO - 1/5 - ext_jcarrion@Falabella.cl - status:202
2026-01-28 13:30:54 - app - INFO - Ejecutando get_array
2026-01-28 13:30:56 - app - INFO - Request enviado | request_id=faef330abc1464461812ea1faf5e99400f741ef4fef2446cefbffa8a614da7fa | destinatario=ext_jcarrion@Falabella.cl | status=202
2026-01-28 13:30:56 - app - INFO - 2/5 - ext_jcarrion@Falabella.cl - status:202
2026-01-28 13:30:56 - app - INFO - Ejecutando get_array
2026-01-28 13:30:59 - app - INFO - Request enviado | request_id=e7dbf6da577823aceea4360b3a970ef136df0fa645739bc0da47bc85ba407352 | destinatario=ext_jcarrion@Falabella.cl | status=202
2026-01-28 13:30:59 - app - INFO - 3/5 - ext_jcarrion@Falabella.cl - status:202
2026-01-28 13:30:59 - app - INFO - Ejecutando get_array
2026-01-28 13:31:01 - app - INFO - Request enviado | request_id=0332f14c2503d813a52a46edab1e64dbdaa77b29677e15a6a316f4ac2e62880d | destinatario=ext_jcarrion@Falabella.cl | status=202
2026-01-28 13:31:01 - app - INFO - 4/5 - ext_jcarrion@Falabella.cl - status:202
2026-01-28 13:31:01 - app - INFO - Ejecutando get_array
2026-01-28 13:31:04 - app - INFO - Request enviado | request_id=5637ca70d7ba5e30841d29d8e081a4a561027c47d7d1f1dc572e8d8501da4ab8 | destinatario=ext_jcarrion@Falabella.cl | status=202
2026-01-28 13:31:04 - app - INFO - 5/5 - ext_jcarrion@Falabella.cl - status:202
2026-01-28 13:31:04 - app - INFO - Proceso de envío finalizado
2026-01-28 13:31:04 - app - INFO - Cargando datos en BigQuery | tabla=teams_validation_data | registros=5 | dropTable=False
2026-01-28 13:31:04 - app - INFO - Cargando datos a staging | tabla=stg_teams_validation_data | filas=5 | dropTable=False
2026-01-28 13:31:08 - app - INFO - Carga a staging completada exitosamente | tabla=sbox_jcarrion.stg_teams_validation_data
2026-01-28 13:31:08 - app - INFO - Iniciando MERGE | staging=stg_teams_validation_data | tabla_final=teams_validation_data
2026-01-28 13:31:11 - app - INFO - MERGE completado exitosamente | tabla_final=teams_validation_data
2026-01-28 13:31:11 - app - INFO - Carga BigQuery finalizada correctamente | tabla=teams_validation_data
2026-01-28 13:31:11 - app - INFO - Lote 109 persistido en BigQuery | registros=5
2026-01-28 13:31:12 - app - INFO - Procesando lote 110 | registros=5
2026-01-28 13:31:12 - app - INFO - Iniciando envío de 5 formularios
2026-01-28 13:31:12 - app - INFO - Ejecutando get_array
2026-01-28 13:31:15 - app - INFO - Request enviado | request_id=487c6a5e739267d2b7dd1462c9e962301f17917d6b876fb4ffa5d9bdec2b4137 | destinatario=ext_jcarrion@Falabella.cl | status=202
2026-01-28 13:31:15 - app - INFO - 1/5 - ext_jcarrion@Falabella.cl - status:202
2026-01-28 13:31:15 - app - INFO - Ejecutando get_array
2026-01-28 13:31:17 - app - INFO - Request enviado | request_id=cdecb6d97f10b3a9bdde73cafff3ffdd3194bc9e86bc842859efe8c360dedf15 | destinatario=ext_jcarrion@Falabella.cl | status=202
2026-01-28 13:31:17 - app - INFO - 2/5 - ext_jcarrion@Falabella.cl - status:202
2026-01-28 13:31:17 - app - INFO - Ejecutando get_array
2026-01-28 13:31:20 - app - INFO - Request enviado | request_id=cddbc5d4e2cd839cd66161fd27f5d028a2dbd76650271a27fb60c094a64740a9 | destinatario=ext_jcarrion@Falabella.cl | status=202
2026-01-28 13:31:20 - app - INFO - 3/5 - ext_jcarrion@Falabella.cl - status:202
2026-01-28 13:31:20 - app - INFO - Ejecutando get_array
2026-01-28 13:31:23 - app - INFO - Request enviado | request_id=4a1e6c796735e4a86d1f0a2746255093a7abd1370d1466eb27de5538e0e84ddf | destinatario=ext_jcarrion@Falabella.cl | status=202
2026-01-28 13:31:23 - app - INFO - 4/5 - ext_jcarrion@Falabella.cl - status:202
2026-01-28 13:31:23 - app - INFO - Ejecutando get_array
2026-01-28 13:31:25 - app - INFO - Request enviado | request_id=1c325da62696ac92bdc68e50be5469f6f9ff82a26ab1397dbe324638f4de7b6d | destinatario=ext_jcarrion@Falabella.cl | status=202
2026-01-28 13:31:25 - app - INFO - 5/5 - ext_jcarrion@Falabella.cl - status:202
2026-01-28 13:31:25 - app - INFO - Proceso de envío finalizado
2026-01-28 13:31:25 - app - INFO - Cargando datos en BigQuery | tabla=teams_validation_data | registros=5 | dropTable=False
2026-01-28 13:31:25 - app - INFO - Cargando datos a staging | tabla=stg_teams_validation_data | filas=5 | dropTable=False
2026-01-28 13:31:29 - app - INFO - Carga a staging completada exitosamente | tabla=sbox_jcarrion.stg_teams_validation_data
2026-01-28 13:31:29 - app - INFO - Iniciando MERGE | staging=stg_teams_validation_data | tabla_final=teams_validation_data
2026-01-28 13:31:32 - app - INFO - MERGE completado exitosamente | tabla_final=teams_validation_data
2026-01-28 13:31:32 - app - INFO - Carga BigQuery finalizada correctamente | tabla=teams_validation_data
2026-01-28 13:31:32 - app - INFO - Lote 110 persistido en BigQuery | registros=5
2026-01-28 13:31:33 - app - INFO - Procesando lote 111 | registros=5
2026-01-28 13:31:33 - app - INFO - Iniciando envío de 5 formularios
2026-01-28 13:31:33 - app - INFO - Ejecutando get_array
2026-01-28 13:31:36 - app - INFO - Request enviado | request_id=35d6748657f547cad3d6cbbc4e4d21ede15dd461c8e713395affc7b376733aef | destinatario=ext_jcarrion@Falabella.cl | status=202
2026-01-28 13:31:36 - app - INFO - 1/5 - ext_jcarrion@Falabella.cl - status:202
2026-01-28 13:31:36 - app - INFO - Ejecutando get_array
2026-01-28 13:31:39 - app - INFO - Request enviado | request_id=519729ccfa6ef7793c7de2d57c5cb439c11786688e12c470effbd8226e54718c | destinatario=ext_jcarrion@Falabella.cl | status=202
2026-01-28 13:31:39 - app - INFO - 2/5 - ext_jcarrion@Falabella.cl - status:202
2026-01-28 13:31:39 - app - INFO - Ejecutando get_array
2026-01-28 13:31:41 - app - INFO - Request enviado | request_id=1efbc31608ffa075eee5bb187215ab34966c0847fed9d8f4e3bf466337d5a58e | destinatario=ext_jcarrion@Falabella.cl | status=202
2026-01-28 13:31:41 - app - INFO - 3/5 - ext_jcarrion@Falabella.cl - status:202
2026-01-28 13:31:41 - app - INFO - Ejecutando get_array
2026-01-28 13:31:44 - app - INFO - Request enviado | request_id=b3040fed4b12db372661d32292a30b2887b74f7e2f3fab4b7e22fbacfb95f14a | destinatario=ext_jcarrion@Falabella.cl | status=202
2026-01-28 13:31:44 - app - INFO - 4/5 - ext_jcarrion@Falabella.cl - status:202
2026-01-28 13:31:44 - app - INFO - Ejecutando get_array
2026-01-28 13:31:46 - app - INFO - Request enviado | request_id=b49748b342d2d28c8d9cbc58ea98a737691de0d8abbf867d6c23742e59f23482 | destinatario=ext_jcarrion@Falabella.cl | status=202
2026-01-28 13:31:46 - app - INFO - 5/5 - ext_jcarrion@Falabella.cl - status:202
2026-01-28 13:31:46 - app - INFO - Proceso de envío finalizado
2026-01-28 13:31:46 - app - INFO - Cargando datos en BigQuery | tabla=teams_validation_data | registros=5 | dropTable=False
2026-01-28 13:31:46 - app - INFO - Cargando datos a staging | tabla=stg_teams_validation_data | filas=5 | dropTable=False
2026-01-28 13:31:50 - app - INFO - Carga a staging completada exitosamente | tabla=sbox_jcarrion.stg_teams_validation_data
2026-01-28 13:31:50 - app - INFO - Iniciando MERGE | staging=stg_teams_validation_data | tabla_final=teams_validation_data
2026-01-28 13:31:54 - app - INFO - MERGE completado exitosamente | tabla_final=teams_validation_data
2026-01-28 13:31:54 - app - INFO - Carga BigQuery finalizada correctamente | tabla=teams_validation_data
2026-01-28 13:31:54 - app - INFO - Lote 111 persistido en BigQuery | registros=5
2026-01-28 13:31:55 - app - INFO - Procesando lote 112 | registros=5
2026-01-28 13:31:55 - app - INFO - Iniciando envío de 5 formularios
2026-01-28 13:31:55 - app - INFO - Ejecutando get_array
2026-01-28 13:31:58 - app - INFO - Request enviado | request_id=3a6eb853c7e13943c49560636019db5fa18ca5913c225e3ee36ad3e5d16a2e00 | destinatario=ext_jcarrion@Falabella.cl | status=202
2026-01-28 13:31:58 - app - INFO - 1/5 - ext_jcarrion@Falabella.cl - status:202
2026-01-28 13:31:58 - app - INFO - Ejecutando get_array
2026-01-28 13:32:00 - app - INFO - Request enviado | request_id=0b060690eb1ee0c273ce19c00e7bb8c875b480cb7978c914c1251df4d087a2c7 | destinatario=ext_jcarrion@Falabella.cl | status=202
2026-01-28 13:32:00 - app - INFO - 2/5 - ext_jcarrion@Falabella.cl - status:202
2026-01-28 13:32:00 - app - INFO - Ejecutando get_array
2026-01-28 13:32:03 - app - INFO - Request enviado | request_id=ee1eea69c4378f66aa41f61111bbf0032e7414f00c0bfda65e0a41f8a40289a8 | destinatario=ext_jcarrion@Falabella.cl | status=202
2026-01-28 13:32:03 - app - INFO - 3/5 - ext_jcarrion@Falabella.cl - status:202
2026-01-28 13:32:03 - app - INFO - Ejecutando get_array
2026-01-28 13:32:05 - app - INFO - Request enviado | request_id=960b72bf5085b94b4f3ed82e98cc90aa7386c4a016b0748ed58ad89f9273e6f2 | destinatario=ext_jcarrion@Falabella.cl | status=202
2026-01-28 13:32:05 - app - INFO - 4/5 - ext_jcarrion@Falabella.cl - status:202
2026-01-28 13:32:05 - app - INFO - Ejecutando get_array
2026-01-28 13:32:08 - app - INFO - Request enviado | request_id=93d894d4f3c3b3cc06f2baa17938f9781012d7393fe311262df5642f6b5222e5 | destinatario=ext_jcarrion@Falabella.cl | status=202
2026-01-28 13:32:08 - app - INFO - 5/5 - ext_jcarrion@Falabella.cl - status:202
2026-01-28 13:32:08 - app - INFO - Proceso de envío finalizado
2026-01-28 13:32:08 - app - INFO - Cargando datos en BigQuery | tabla=teams_validation_data | registros=5 | dropTable=False
2026-01-28 13:32:08 - app - INFO - Cargando datos a staging | tabla=stg_teams_validation_data | filas=5 | dropTable=False
2026-01-28 13:32:11 - app - INFO - Carga a staging completada exitosamente | tabla=sbox_jcarrion.stg_teams_validation_data
2026-01-28 13:32:12 - app - INFO - Iniciando MERGE | staging=stg_teams_validation_data | tabla_final=teams_validation_data
2026-01-28 13:32:15 - app - INFO - MERGE completado exitosamente | tabla_final=teams_validation_data
2026-01-28 13:32:15 - app - INFO - Carga BigQuery finalizada correctamente | tabla=teams_validation_data
2026-01-28 13:32:15 - app - INFO - Lote 112 persistido en BigQuery | registros=5
2026-01-28 13:32:16 - app - INFO - Procesando lote 113 | registros=5
2026-01-28 13:32:16 - app - INFO - Iniciando envío de 5 formularios
2026-01-28 13:32:16 - app - INFO - Ejecutando get_array
2026-01-28 13:32:18 - app - INFO - Request enviado | request_id=04fbb00fb6a5916e2f3536189494d8e817c39bd3493881cbf8d63a2d5a4cf527 | destinatario=ext_jcarrion@Falabella.cl | status=202
2026-01-28 13:32:18 - app - INFO - 1/5 - ext_jcarrion@Falabella.cl - status:202
2026-01-28 13:32:18 - app - INFO - Ejecutando get_array
2026-01-28 13:32:21 - app - INFO - Request enviado | request_id=52469ce1936e11023666eb4248c70afbb2c2aaec8f7d898cf814149e3f6fada7 | destinatario=ext_jcarrion@Falabella.cl | status=202
2026-01-28 13:32:21 - app - INFO - 2/5 - ext_jcarrion@Falabella.cl - status:202
2026-01-28 13:32:21 - app - INFO - Ejecutando get_array
2026-01-28 13:32:24 - app - INFO - Request enviado | request_id=cd9feaed01281c2c5839dd9d36bfd1515c1eae5b8717c03c690925e534036e21 | destinatario=ext_jcarrion@Falabella.cl | status=202
2026-01-28 13:32:24 - app - INFO - 3/5 - ext_jcarrion@Falabella.cl - status:202
2026-01-28 13:32:24 - app - INFO - Ejecutando get_array
2026-01-28 13:32:26 - app - INFO - Request enviado | request_id=36a7141858499721229b4de8c2b13451bafe331ddfb67eaaa8fda7b5e3169977 | destinatario=ext_jcarrion@Falabella.cl | status=202
2026-01-28 13:32:26 - app - INFO - 4/5 - ext_jcarrion@Falabella.cl - status:202
2026-01-28 13:32:26 - app - INFO - Ejecutando get_array
2026-01-28 13:32:29 - app - INFO - Request enviado | request_id=fd0ffde0a9ac0d3e50afc69abdcd478a785aa53de678b2f7b6dae2d53269ba06 | destinatario=ext_jcarrion@Falabella.cl | status=202
2026-01-28 13:32:29 - app - INFO - 5/5 - ext_jcarrion@Falabella.cl - status:202
2026-01-28 13:32:29 - app - INFO - Proceso de envío finalizado
2026-01-28 13:32:29 - app - INFO - Cargando datos en BigQuery | tabla=teams_validation_data | registros=5 | dropTable=False
2026-01-28 13:32:29 - app - INFO - Cargando datos a staging | tabla=stg_teams_validation_data | filas=5 | dropTable=False
2026-01-28 13:32:33 - app - INFO - Carga a staging completada exitosamente | tabla=sbox_jcarrion.stg_teams_validation_data
2026-01-28 13:32:33 - app - INFO - Iniciando MERGE | staging=stg_teams_validation_data | tabla_final=teams_validation_data
2026-01-28 13:32:37 - app - INFO - MERGE completado exitosamente | tabla_final=teams_validation_data
2026-01-28 13:32:37 - app - INFO - Carga BigQuery finalizada correctamente | tabla=teams_validation_data
2026-01-28 13:32:37 - app - INFO - Lote 113 persistido en BigQuery | registros=5
2026-01-28 13:32:38 - app - INFO - Procesando lote 114 | registros=5
2026-01-28 13:32:38 - app - INFO - Iniciando envío de 5 formularios
2026-01-28 13:32:38 - app - INFO - Ejecutando get_array
2026-01-28 13:32:40 - app - INFO - Request enviado | request_id=0169ca84137a162bffd115256f9eaca2f347f7c5677b65d0f7550a46bbc45383 | destinatario=ext_jcarrion@Falabella.cl | status=202
2026-01-28 13:32:40 - app - INFO - 1/5 - ext_jcarrion@Falabella.cl - status:202
2026-01-28 13:32:40 - app - INFO - Ejecutando get_array
2026-01-28 13:32:43 - app - INFO - Request enviado | request_id=a311c2090896e069c7b0fe6475dabeb66ce05667548f7af39294bf910fa9c0e8 | destinatario=ext_jcarrion@Falabella.cl | status=202
2026-01-28 13:32:43 - app - INFO - 2/5 - ext_jcarrion@Falabella.cl - status:202
2026-01-28 13:32:43 - app - INFO - Ejecutando get_array
2026-01-28 13:32:46 - app - INFO - Request enviado | request_id=593381f99648921de88480cf23177aa9d14a4c503321eedde6a164b359636379 | destinatario=ext_jcarrion@Falabella.cl | status=202
2026-01-28 13:32:46 - app - INFO - 3/5 - ext_jcarrion@Falabella.cl - status:202
2026-01-28 13:32:46 - app - INFO - Ejecutando get_array
2026-01-28 13:32:48 - app - INFO - Request enviado | request_id=296b051b9e87d8886d82a28a18cf70d609035910ec638ae09fc8dcb34444eeb2 | destinatario=ext_jcarrion@Falabella.cl | status=202
2026-01-28 13:32:48 - app - INFO - 4/5 - ext_jcarrion@Falabella.cl - status:202
2026-01-28 13:32:48 - app - INFO - Ejecutando get_array
2026-01-28 13:32:51 - app - INFO - Request enviado | request_id=d25416b4de1ddc5b747f21b91519051c371efb4e2750e9975f5472570e569a45 | destinatario=ext_jcarrion@Falabella.cl | status=202
2026-01-28 13:32:51 - app - INFO - 5/5 - ext_jcarrion@Falabella.cl - status:202
2026-01-28 13:32:51 - app - INFO - Proceso de envío finalizado
2026-01-28 13:32:51 - app - INFO - Cargando datos en BigQuery | tabla=teams_validation_data | registros=5 | dropTable=False
2026-01-28 13:32:51 - app - INFO - Cargando datos a staging | tabla=stg_teams_validation_data | filas=5 | dropTable=False
2026-01-28 13:32:55 - app - INFO - Carga a staging completada exitosamente | tabla=sbox_jcarrion.stg_teams_validation_data
2026-01-28 13:32:55 - app - INFO - Iniciando MERGE | staging=stg_teams_validation_data | tabla_final=teams_validation_data
2026-01-28 13:32:58 - app - INFO - MERGE completado exitosamente | tabla_final=teams_validation_data
2026-01-28 13:32:58 - app - INFO - Carga BigQuery finalizada correctamente | tabla=teams_validation_data
2026-01-28 13:32:58 - app - INFO - Lote 114 persistido en BigQuery | registros=5
2026-01-28 13:32:59 - app - INFO - Procesando lote 115 | registros=5
2026-01-28 13:32:59 - app - INFO - Iniciando envío de 5 formularios
2026-01-28 13:32:59 - app - INFO - Ejecutando get_array
2026-01-28 13:33:02 - app - INFO - Request enviado | request_id=c8b3619ee7bb8dc1414bce48bbc2360e4f7f8d851dd8534cabe08f1e55c96807 | destinatario=ext_jcarrion@Falabella.cl | status=202
2026-01-28 13:33:02 - app - INFO - 1/5 - ext_jcarrion@Falabella.cl - status:202
2026-01-28 13:33:02 - app - INFO - Ejecutando get_array
2026-01-28 13:33:05 - app - INFO - Request enviado | request_id=67e5ea0b8d2c55ea980a791110e21afcabfb257ce97fa534935ab967239feb29 | destinatario=ext_jcarrion@Falabella.cl | status=202
2026-01-28 13:33:05 - app - INFO - 2/5 - ext_jcarrion@Falabella.cl - status:202
2026-01-28 13:33:05 - app - INFO - Ejecutando get_array
2026-01-28 13:33:07 - app - INFO - Request enviado | request_id=f02978bf0e54992f7442bfd22e3d59fb6cb3448f467d6d1d40a01e9751d5a0c6 | destinatario=ext_jcarrion@Falabella.cl | status=202
2026-01-28 13:33:07 - app - INFO - 3/5 - ext_jcarrion@Falabella.cl - status:202
2026-01-28 13:33:07 - app - INFO - Ejecutando get_array
2026-01-28 13:33:10 - app - INFO - Request enviado | request_id=dfeae9f7d4fd08817c422166331b167c38afc98049cab7df76836c0b146e3977 | destinatario=ext_jcarrion@Falabella.cl | status=202
2026-01-28 13:33:10 - app - INFO - 4/5 - ext_jcarrion@Falabella.cl - status:202
2026-01-28 13:33:10 - app - INFO - Ejecutando get_array
2026-01-28 13:33:13 - app - INFO - Request enviado | request_id=91a14ff08acfe2a970ae4ef4158e4bee1d0fc9ea9587c4c19cbb12cdb3661d96 | destinatario=ext_jcarrion@Falabella.cl | status=202
2026-01-28 13:33:13 - app - INFO - 5/5 - ext_jcarrion@Falabella.cl - status:202
2026-01-28 13:33:13 - app - INFO - Proceso de envío finalizado
2026-01-28 13:33:13 - app - INFO - Cargando datos en BigQuery | tabla=teams_validation_data | registros=5 | dropTable=False
2026-01-28 13:33:13 - app - INFO - Cargando datos a staging | tabla=stg_teams_validation_data | filas=5 | dropTable=False
2026-01-28 13:33:17 - app - INFO - Carga a staging completada exitosamente | tabla=sbox_jcarrion.stg_teams_validation_data
2026-01-28 13:33:17 - app - INFO - Iniciando MERGE | staging=stg_teams_validation_data | tabla_final=teams_validation_data
2026-01-28 13:33:21 - app - INFO - MERGE completado exitosamente | tabla_final=teams_validation_data
2026-01-28 13:33:21 - app - INFO - Carga BigQuery finalizada correctamente | tabla=teams_validation_data
2026-01-28 13:33:21 - app - INFO - Lote 115 persistido en BigQuery | registros=5
2026-01-28 13:33:22 - app - INFO - Procesando lote 116 | registros=5
2026-01-28 13:33:22 - app - INFO - Iniciando envío de 5 formularios
2026-01-28 13:33:22 - app - INFO - Ejecutando get_array
2026-01-28 13:33:24 - app - INFO - Request enviado | request_id=fa96679065c28cca031a6ebdb93396dad272b9c34bffe2261c255aa1ffd06737 | destinatario=ext_jcarrion@Falabella.cl | status=202
2026-01-28 13:33:24 - app - INFO - 1/5 - ext_jcarrion@Falabella.cl - status:202
2026-01-28 13:33:24 - app - INFO - Ejecutando get_array
2026-01-28 13:33:27 - app - INFO - Request enviado | request_id=3c636d4d17b38778ac91ca81978bee0769b4218aaae8522d37a618c379b63a49 | destinatario=ext_jcarrion@Falabella.cl | status=202
2026-01-28 13:33:27 - app - INFO - 2/5 - ext_jcarrion@Falabella.cl - status:202
2026-01-28 13:33:27 - app - INFO - Ejecutando get_array
2026-01-28 13:33:29 - app - INFO - Request enviado | request_id=7f873322a4c3958f9aa1a2196dacd3bc35589df9ce57906183091491ccb85b10 | destinatario=ext_jcarrion@Falabella.cl | status=202
2026-01-28 13:33:29 - app - INFO - 3/5 - ext_jcarrion@Falabella.cl - status:202
2026-01-28 13:33:29 - app - INFO - Ejecutando get_array
2026-01-28 13:33:32 - app - INFO - Request enviado | request_id=f4b32eac258e4800e8849ed89efb60d13c8f5ad3e9ddd4f3877c6670f2c19a11 | destinatario=ext_jcarrion@Falabella.cl | status=202
2026-01-28 13:33:32 - app - INFO - 4/5 - ext_jcarrion@Falabella.cl - status:202
2026-01-28 13:33:32 - app - INFO - Ejecutando get_array
2026-01-28 13:33:34 - app - INFO - Request enviado | request_id=aea223a83a97b111b67851faa231435cecac1f18b70dc8efeb87f3376ad17f9f | destinatario=ext_jcarrion@Falabella.cl | status=202
2026-01-28 13:33:34 - app - INFO - 5/5 - ext_jcarrion@Falabella.cl - status:202
2026-01-28 13:33:34 - app - INFO - Proceso de envío finalizado
2026-01-28 13:33:34 - app - INFO - Cargando datos en BigQuery | tabla=teams_validation_data | registros=5 | dropTable=False
2026-01-28 13:33:34 - app - INFO - Cargando datos a staging | tabla=stg_teams_validation_data | filas=5 | dropTable=False
2026-01-28 13:33:38 - app - INFO - Carga a staging completada exitosamente | tabla=sbox_jcarrion.stg_teams_validation_data
2026-01-28 13:33:38 - app - INFO - Iniciando MERGE | staging=stg_teams_validation_data | tabla_final=teams_validation_data
2026-01-28 13:33:41 - app - INFO - MERGE completado exitosamente | tabla_final=teams_validation_data
2026-01-28 13:33:41 - app - INFO - Carga BigQuery finalizada correctamente | tabla=teams_validation_data
2026-01-28 13:33:41 - app - INFO - Lote 116 persistido en BigQuery | registros=5
2026-01-28 13:33:42 - app - INFO - Procesando lote 117 | registros=5
2026-01-28 13:33:42 - app - INFO - Iniciando envío de 5 formularios
2026-01-28 13:33:42 - app - INFO - Ejecutando get_array
2026-01-28 13:33:45 - app - INFO - Request enviado | request_id=78f02f5a42b7f4f9af65bc8b38a2102cc7fb0e565550413f288b5120341533d5 | destinatario=ext_jcarrion@Falabella.cl | status=202
2026-01-28 13:33:45 - app - INFO - 1/5 - ext_jcarrion@Falabella.cl - status:202
2026-01-28 13:33:45 - app - INFO - Ejecutando get_array
2026-01-28 13:33:47 - app - INFO - Request enviado | request_id=af00e5982ff5d8f1c7b4a64d99bdd16c36dd0b3ebfc702427bd6310e0e3d270b | destinatario=ext_jcarrion@Falabella.cl | status=202
2026-01-28 13:33:47 - app - INFO - 2/5 - ext_jcarrion@Falabella.cl - status:202
2026-01-28 13:33:47 - app - INFO - Ejecutando get_array
2026-01-28 13:33:50 - app - INFO - Request enviado | request_id=4986e4ac8ba5f97c846dcc6ac6e78b4c01ee367a460010a6b15fec4063d7d643 | destinatario=ext_jcarrion@Falabella.cl | status=202
2026-01-28 13:33:50 - app - INFO - 3/5 - ext_jcarrion@Falabella.cl - status:202
2026-01-28 13:33:50 - app - INFO - Ejecutando get_array
2026-01-28 13:33:52 - app - INFO - Request enviado | request_id=07d62b5f89fb865be0d44e46664cf399f364ad474d8fb4e530a443aa7f920f1c | destinatario=ext_jcarrion@Falabella.cl | status=202
2026-01-28 13:33:52 - app - INFO - 4/5 - ext_jcarrion@Falabella.cl - status:202
2026-01-28 13:33:52 - app - INFO - Ejecutando get_array
2026-01-28 13:33:55 - app - INFO - Request enviado | request_id=640c7085e68656c5eec6823b83b0e2b7b9c5a55b44f7833946962e8076f513a1 | destinatario=ext_jcarrion@Falabella.cl | status=202
2026-01-28 13:33:55 - app - INFO - 5/5 - ext_jcarrion@Falabella.cl - status:202
2026-01-28 13:33:55 - app - INFO - Proceso de envío finalizado
2026-01-28 13:33:55 - app - INFO - Cargando datos en BigQuery | tabla=teams_validation_data | registros=5 | dropTable=False
2026-01-28 13:33:55 - app - INFO - Cargando datos a staging | tabla=stg_teams_validation_data | filas=5 | dropTable=False
2026-01-28 13:34:00 - app - INFO - Carga a staging completada exitosamente | tabla=sbox_jcarrion.stg_teams_validation_data
2026-01-28 13:34:00 - app - INFO - Iniciando MERGE | staging=stg_teams_validation_data | tabla_final=teams_validation_data
2026-01-28 13:34:03 - app - INFO - MERGE completado exitosamente | tabla_final=teams_validation_data
2026-01-28 13:34:03 - app - INFO - Carga BigQuery finalizada correctamente | tabla=teams_validation_data
2026-01-28 13:34:03 - app - INFO - Lote 117 persistido en BigQuery | registros=5
2026-01-28 13:34:04 - app - INFO - Procesando lote 118 | registros=5
2026-01-28 13:34:04 - app - INFO - Iniciando envío de 5 formularios
2026-01-28 13:34:04 - app - INFO - Ejecutando get_array
2026-01-28 13:34:07 - app - INFO - Request enviado | request_id=b43b68ed8afccb70fb8dff7e78ce8a40e675b28bfea344585dca270b5073938e | destinatario=ext_jcarrion@Falabella.cl | status=202
2026-01-28 13:34:07 - app - INFO - 1/5 - ext_jcarrion@Falabella.cl - status:202
2026-01-28 13:34:07 - app - INFO - Ejecutando get_array
2026-01-28 13:34:09 - app - INFO - Request enviado | request_id=3a2697852e63d8fee61f81ace05300800ed16af1686c4ad75ff5c9041f5d1f31 | destinatario=ext_jcarrion@Falabella.cl | status=202
2026-01-28 13:34:09 - app - INFO - 2/5 - ext_jcarrion@Falabella.cl - status:202
2026-01-28 13:34:09 - app - INFO - Ejecutando get_array
2026-01-28 13:34:12 - app - INFO - Request enviado | request_id=30c887d419d5e232e7a0eb031c565bf450b3bb5cf30a04fc84582d9ba4dd95a5 | destinatario=ext_jcarrion@Falabella.cl | status=202
2026-01-28 13:34:12 - app - INFO - 3/5 - ext_jcarrion@Falabella.cl - status:202
2026-01-28 13:34:12 - app - INFO - Ejecutando get_array
2026-01-28 13:34:14 - app - INFO - Request enviado | request_id=5a953ae28f022af7fac8afc0e0190f2c401061f0349b58dd425aa1df1b0a8a8e | destinatario=ext_jcarrion@Falabella.cl | status=202
2026-01-28 13:34:14 - app - INFO - 4/5 - ext_jcarrion@Falabella.cl - status:202
2026-01-28 13:34:14 - app - INFO - Ejecutando get_array
2026-01-28 13:34:17 - app - INFO - Request enviado | request_id=f5707ce116dd7c6d28915345d0a6c64a0761b599eba713b076aa213fee13b950 | destinatario=ext_jcarrion@Falabella.cl | status=202
2026-01-28 13:34:17 - app - INFO - 5/5 - ext_jcarrion@Falabella.cl - status:202
2026-01-28 13:34:17 - app - INFO - Proceso de envío finalizado
2026-01-28 13:34:17 - app - INFO - Cargando datos en BigQuery | tabla=teams_validation_data | registros=5 | dropTable=False
2026-01-28 13:34:17 - app - INFO - Cargando datos a staging | tabla=stg_teams_validation_data | filas=5 | dropTable=False
2026-01-28 13:34:23 - app - INFO - Carga a staging completada exitosamente | tabla=sbox_jcarrion.stg_teams_validation_data
2026-01-28 13:34:23 - app - INFO - Iniciando MERGE | staging=stg_teams_validation_data | tabla_final=teams_validation_data
2026-01-28 13:34:27 - app - INFO - MERGE completado exitosamente | tabla_final=teams_validation_data
2026-01-28 13:34:27 - app - INFO - Carga BigQuery finalizada correctamente | tabla=teams_validation_data
2026-01-28 13:34:27 - app - INFO - Lote 118 persistido en BigQuery | registros=5
2026-01-28 13:34:28 - app - INFO - Procesando lote 119 | registros=5
2026-01-28 13:34:28 - app - INFO - Iniciando envío de 5 formularios
2026-01-28 13:34:28 - app - INFO - Ejecutando get_array
2026-01-28 13:34:30 - app - INFO - Request enviado | request_id=80faae62e44467a2ef01249c9718166cbb3842b744634e6503c7d1343e0d9874 | destinatario=ext_jcarrion@Falabella.cl | status=202
2026-01-28 13:34:30 - app - INFO - 1/5 - ext_jcarrion@Falabella.cl - status:202
2026-01-28 13:34:30 - app - INFO - Ejecutando get_array
2026-01-28 13:34:33 - app - INFO - Request enviado | request_id=0714aeaa43c73e6e23cf4f6b8f57b17d415cd35319b655548e7f35e247e6a901 | destinatario=ext_jcarrion@Falabella.cl | status=202
2026-01-28 13:34:33 - app - INFO - 2/5 - ext_jcarrion@Falabella.cl - status:202
2026-01-28 13:34:33 - app - INFO - Ejecutando get_array
2026-01-28 13:34:35 - app - INFO - Request enviado | request_id=25f22b4cc0a5070a5766924b186aba79947e2ad68ef9c2517c8a123aaf227417 | destinatario=ext_jcarrion@Falabella.cl | status=202
2026-01-28 13:34:35 - app - INFO - 3/5 - ext_jcarrion@Falabella.cl - status:202
2026-01-28 13:34:35 - app - INFO - Ejecutando get_array
2026-01-28 13:34:38 - app - INFO - Request enviado | request_id=5d36e23b0d2eb4350beff410f9f83937c725f7f88a7aa29556b6324f64e05e73 | destinatario=ext_jcarrion@Falabella.cl | status=202
2026-01-28 13:34:38 - app - INFO - 4/5 - ext_jcarrion@Falabella.cl - status:202
2026-01-28 13:34:38 - app - INFO - Ejecutando get_array
2026-01-28 13:34:40 - app - INFO - Request enviado | request_id=ccec607582be0dabb0b4c7b8333f3912fd5c53165368296385e938c7bd1bf0a6 | destinatario=ext_jcarrion@Falabella.cl | status=202
2026-01-28 13:34:40 - app - INFO - 5/5 - ext_jcarrion@Falabella.cl - status:202
2026-01-28 13:34:40 - app - INFO - Proceso de envío finalizado
2026-01-28 13:34:40 - app - INFO - Cargando datos en BigQuery | tabla=teams_validation_data | registros=5 | dropTable=False
2026-01-28 13:34:40 - app - INFO - Cargando datos a staging | tabla=stg_teams_validation_data | filas=5 | dropTable=False
2026-01-28 13:34:44 - app - INFO - Carga a staging completada exitosamente | tabla=sbox_jcarrion.stg_teams_validation_data
2026-01-28 13:34:44 - app - INFO - Iniciando MERGE | staging=stg_teams_validation_data | tabla_final=teams_validation_data
2026-01-28 13:34:48 - app - INFO - MERGE completado exitosamente | tabla_final=teams_validation_data
2026-01-28 13:34:48 - app - INFO - Carga BigQuery finalizada correctamente | tabla=teams_validation_data
2026-01-28 13:34:48 - app - INFO - Lote 119 persistido en BigQuery | registros=5
2026-01-28 13:34:49 - app - INFO - Procesando lote 120 | registros=5
2026-01-28 13:34:49 - app - INFO - Iniciando envío de 5 formularios
2026-01-28 13:34:49 - app - INFO - Ejecutando get_array
2026-01-28 13:34:51 - app - INFO - Request enviado | request_id=f095c603a54832e14d9ec9eb0a104e3bc76fe494f79418c5c0257276ee178578 | destinatario=ext_jcarrion@Falabella.cl | status=202
2026-01-28 13:34:51 - app - INFO - 1/5 - ext_jcarrion@Falabella.cl - status:202
2026-01-28 13:34:51 - app - INFO - Ejecutando get_array
2026-01-28 13:34:54 - app - INFO - Request enviado | request_id=e700a1bbe3753f1f75ed4ef96239fae4d96062aa54f2cd963aedffe5f74cbfe2 | destinatario=ext_jcarrion@Falabella.cl | status=202
2026-01-28 13:34:54 - app - INFO - 2/5 - ext_jcarrion@Falabella.cl - status:202
2026-01-28 13:34:54 - app - INFO - Ejecutando get_array
2026-01-28 13:34:57 - app - INFO - Request enviado | request_id=8b18b5983897341bfeb4677c4e6d9b98f432065120051339784fa8f18f026425 | destinatario=ext_jcarrion@Falabella.cl | status=202
2026-01-28 13:34:57 - app - INFO - 3/5 - ext_jcarrion@Falabella.cl - status:202
2026-01-28 13:34:57 - app - INFO - Ejecutando get_array
2026-01-28 13:34:59 - app - INFO - Request enviado | request_id=340e1fc97795caabad4cdac972ad650335376e61bc23808d54fec4512497046a | destinatario=ext_jcarrion@Falabella.cl | status=202
2026-01-28 13:34:59 - app - INFO - 4/5 - ext_jcarrion@Falabella.cl - status:202
2026-01-28 13:34:59 - app - INFO - Ejecutando get_array
2026-01-28 13:35:02 - app - INFO - Request enviado | request_id=013e44d80d4d459ad8348e25acebc5fe3b5cb696299997f2275d00f2dec4e8a7 | destinatario=ext_jcarrion@Falabella.cl | status=202
2026-01-28 13:35:02 - app - INFO - 5/5 - ext_jcarrion@Falabella.cl - status:202
2026-01-28 13:35:02 - app - INFO - Proceso de envío finalizado
2026-01-28 13:35:02 - app - INFO - Cargando datos en BigQuery | tabla=teams_validation_data | registros=5 | dropTable=False
2026-01-28 13:35:02 - app - INFO - Cargando datos a staging | tabla=stg_teams_validation_data | filas=5 | dropTable=False
2026-01-28 13:35:08 - app - INFO - Carga a staging completada exitosamente | tabla=sbox_jcarrion.stg_teams_validation_data
2026-01-28 13:35:08 - app - INFO - Iniciando MERGE | staging=stg_teams_validation_data | tabla_final=teams_validation_data
2026-01-28 13:35:11 - app - INFO - MERGE completado exitosamente | tabla_final=teams_validation_data
2026-01-28 13:35:11 - app - INFO - Carga BigQuery finalizada correctamente | tabla=teams_validation_data
2026-01-28 13:35:11 - app - INFO - Lote 120 persistido en BigQuery | registros=5
2026-01-28 13:35:12 - app - INFO - Procesando lote 121 | registros=5
2026-01-28 13:35:12 - app - INFO - Iniciando envío de 5 formularios
2026-01-28 13:35:12 - app - INFO - Ejecutando get_array
2026-01-28 13:35:15 - app - INFO - Request enviado | request_id=e8a80cf006495a6519b0d8058cea2a2b50eecdfb741b6f571ca3902ec0785516 | destinatario=ext_jcarrion@Falabella.cl | status=202
2026-01-28 13:35:15 - app - INFO - 1/5 - ext_jcarrion@Falabella.cl - status:202
2026-01-28 13:35:15 - app - INFO - Ejecutando get_array
2026-01-28 13:35:17 - app - INFO - Request enviado | request_id=b67734178d6dafe04bdbf3c5e5c53f72631e033f1fc09e07d9b38c2da08f2981 | destinatario=ext_jcarrion@Falabella.cl | status=202
2026-01-28 13:35:17 - app - INFO - 2/5 - ext_jcarrion@Falabella.cl - status:202
2026-01-28 13:35:17 - app - INFO - Ejecutando get_array
2026-01-28 13:35:20 - app - INFO - Request enviado | request_id=d24f294f4b9f73e1fa35e21a2cc1b0a73b2ee8b606ce124095fc496b33512fec | destinatario=ext_jcarrion@Falabella.cl | status=202
2026-01-28 13:35:20 - app - INFO - 3/5 - ext_jcarrion@Falabella.cl - status:202
2026-01-28 13:35:20 - app - INFO - Ejecutando get_array
2026-01-28 13:35:22 - app - INFO - Request enviado | request_id=e97124b0e5e47a71c1187b63a94279af314c9f9400c19fba71ac2bac22962712 | destinatario=ext_jcarrion@Falabella.cl | status=202
2026-01-28 13:35:22 - app - INFO - 4/5 - ext_jcarrion@Falabella.cl - status:202
2026-01-28 13:35:22 - app - INFO - Ejecutando get_array
2026-01-28 13:35:25 - app - INFO - Request enviado | request_id=5acfcdcd551f92355bee8d314d19683a37cd620d2f810fae7de49dc5708b1da8 | destinatario=ext_jcarrion@Falabella.cl | status=202
2026-01-28 13:35:25 - app - INFO - 5/5 - ext_jcarrion@Falabella.cl - status:202
2026-01-28 13:35:25 - app - INFO - Proceso de envío finalizado
2026-01-28 13:35:25 - app - INFO - Cargando datos en BigQuery | tabla=teams_validation_data | registros=5 | dropTable=False
2026-01-28 13:35:25 - app - INFO - Cargando datos a staging | tabla=stg_teams_validation_data | filas=5 | dropTable=False
2026-01-28 13:35:30 - app - INFO - Carga a staging completada exitosamente | tabla=sbox_jcarrion.stg_teams_validation_data
2026-01-28 13:35:30 - app - INFO - Iniciando MERGE | staging=stg_teams_validation_data | tabla_final=teams_validation_data
2026-01-28 13:35:33 - app - INFO - MERGE completado exitosamente | tabla_final=teams_validation_data
2026-01-28 13:35:33 - app - INFO - Carga BigQuery finalizada correctamente | tabla=teams_validation_data
2026-01-28 13:35:33 - app - INFO - Lote 121 persistido en BigQuery | registros=5
2026-01-28 13:35:34 - app - INFO - Procesando lote 122 | registros=5
2026-01-28 13:35:34 - app - INFO - Iniciando envío de 5 formularios
2026-01-28 13:35:34 - app - INFO - Ejecutando get_array
2026-01-28 13:35:36 - app - INFO - Request enviado | request_id=d63bcfc24dfa035732f3c594ce9a0958d7fcbfc7640ea07af60e46e23c95520f | destinatario=ext_jcarrion@Falabella.cl | status=202
2026-01-28 13:35:36 - app - INFO - 1/5 - ext_jcarrion@Falabella.cl - status:202
2026-01-28 13:35:36 - app - INFO - Ejecutando get_array
2026-01-28 13:35:39 - app - INFO - Request enviado | request_id=117ec92080ab08746561942af58c26411900e81a70ac2027dd04bd3033d6c691 | destinatario=ext_jcarrion@Falabella.cl | status=202
2026-01-28 13:35:39 - app - INFO - 2/5 - ext_jcarrion@Falabella.cl - status:202
2026-01-28 13:35:39 - app - INFO - Ejecutando get_array
2026-01-28 13:35:41 - app - INFO - Request enviado | request_id=842ccecaadc38bcec885725a04793985a024a91539a62e930bff36c0599159ea | destinatario=ext_jcarrion@Falabella.cl | status=202
2026-01-28 13:35:41 - app - INFO - 3/5 - ext_jcarrion@Falabella.cl - status:202
2026-01-28 13:35:41 - app - INFO - Ejecutando get_array
2026-01-28 13:35:44 - app - INFO - Request enviado | request_id=0901b6c9738161d7d4841f065b5cb76c827838f52e1ceee2e8b2d199e2709765 | destinatario=ext_jcarrion@Falabella.cl | status=202
2026-01-28 13:35:44 - app - INFO - 4/5 - ext_jcarrion@Falabella.cl - status:202
2026-01-28 13:35:44 - app - INFO - Ejecutando get_array
2026-01-28 13:35:47 - app - INFO - Request enviado | request_id=c83bcfc89762a845f64e7c59e63851c676412f3d0b1b0af0fa1fb1da65ee29f8 | destinatario=ext_jcarrion@Falabella.cl | status=202
2026-01-28 13:35:47 - app - INFO - 5/5 - ext_jcarrion@Falabella.cl - status:202
2026-01-28 13:35:47 - app - INFO - Proceso de envío finalizado
2026-01-28 13:35:47 - app - INFO - Cargando datos en BigQuery | tabla=teams_validation_data | registros=5 | dropTable=False
2026-01-28 13:35:47 - app - INFO - Cargando datos a staging | tabla=stg_teams_validation_data | filas=5 | dropTable=False
2026-01-28 13:35:52 - app - INFO - Carga a staging completada exitosamente | tabla=sbox_jcarrion.stg_teams_validation_data
2026-01-28 13:35:52 - app - INFO - Iniciando MERGE | staging=stg_teams_validation_data | tabla_final=teams_validation_data
2026-01-28 13:35:55 - app - INFO - MERGE completado exitosamente | tabla_final=teams_validation_data
2026-01-28 13:35:55 - app - INFO - Carga BigQuery finalizada correctamente | tabla=teams_validation_data
2026-01-28 13:35:55 - app - INFO - Lote 122 persistido en BigQuery | registros=5
2026-01-28 13:35:56 - app - INFO - Procesando lote 123 | registros=5
2026-01-28 13:35:56 - app - INFO - Iniciando envío de 5 formularios
2026-01-28 13:35:56 - app - INFO - Ejecutando get_array
2026-01-28 13:35:59 - app - INFO - Request enviado | request_id=5c740e5252d5262efa1f526fa3c8efdca7b04938f8027aa09d99c96152f8a038 | destinatario=ext_jcarrion@Falabella.cl | status=202
2026-01-28 13:35:59 - app - INFO - 1/5 - ext_jcarrion@Falabella.cl - status:202
2026-01-28 13:35:59 - app - INFO - Ejecutando get_array
2026-01-28 13:36:01 - app - INFO - Request enviado | request_id=b398b3bfc1b4d6b55b0f2d94aa7e3ac5e8feceda30bcf0199324c56c5bbb3213 | destinatario=ext_jcarrion@Falabella.cl | status=202
2026-01-28 13:36:01 - app - INFO - 2/5 - ext_jcarrion@Falabella.cl - status:202
2026-01-28 13:36:01 - app - INFO - Ejecutando get_array
2026-01-28 13:36:04 - app - INFO - Request enviado | request_id=3cf06771e0d276cca825356dababbbfecba315439c2ac1a12440658071efbe3c | destinatario=ext_jcarrion@Falabella.cl | status=202
2026-01-28 13:36:04 - app - INFO - 3/5 - ext_jcarrion@Falabella.cl - status:202
2026-01-28 13:36:04 - app - INFO - Ejecutando get_array
2026-01-28 13:36:06 - app - INFO - Request enviado | request_id=467dcb9c969ddb5d1c3cd6feaca57fd326612dd40bb940dc51925d16e2460ec5 | destinatario=ext_jcarrion@Falabella.cl | status=202
2026-01-28 13:36:06 - app - INFO - 4/5 - ext_jcarrion@Falabella.cl - status:202
2026-01-28 13:36:06 - app - INFO - Ejecutando get_array
2026-01-28 13:36:09 - app - INFO - Request enviado | request_id=19f5a8f4f460d19e8eefcf2316cca6eb7c5f22472b52191c7a8eda1e11fc2975 | destinatario=ext_jcarrion@Falabella.cl | status=202
2026-01-28 13:36:09 - app - INFO - 5/5 - ext_jcarrion@Falabella.cl - status:202
2026-01-28 13:36:09 - app - INFO - Proceso de envío finalizado
2026-01-28 13:36:09 - app - INFO - Cargando datos en BigQuery | tabla=teams_validation_data | registros=5 | dropTable=False
2026-01-28 13:36:09 - app - INFO - Cargando datos a staging | tabla=stg_teams_validation_data | filas=5 | dropTable=False
2026-01-28 13:36:13 - app - INFO - Carga a staging completada exitosamente | tabla=sbox_jcarrion.stg_teams_validation_data
2026-01-28 13:36:13 - app - INFO - Iniciando MERGE | staging=stg_teams_validation_data | tabla_final=teams_validation_data
2026-01-28 13:36:16 - app - INFO - MERGE completado exitosamente | tabla_final=teams_validation_data
2026-01-28 13:36:16 - app - INFO - Carga BigQuery finalizada correctamente | tabla=teams_validation_data
2026-01-28 13:36:16 - app - INFO - Lote 123 persistido en BigQuery | registros=5
2026-01-28 13:36:17 - app - INFO - Procesando lote 124 | registros=5
2026-01-28 13:36:17 - app - INFO - Iniciando envío de 5 formularios
2026-01-28 13:36:17 - app - INFO - Ejecutando get_array
2026-01-28 13:36:20 - app - INFO - Request enviado | request_id=435b4f2464049a10d90234f5a35d2643a2e38c85389cd5e7a2f1f1c1fa4db5ed | destinatario=ext_jcarrion@Falabella.cl | status=202
2026-01-28 13:36:20 - app - INFO - 1/5 - ext_jcarrion@Falabella.cl - status:202
2026-01-28 13:36:20 - app - INFO - Ejecutando get_array
2026-01-28 13:36:22 - app - INFO - Request enviado | request_id=fbde4a0c85e6389473d5dd01af975ecff1842b62b9a9a3de87be2116290648a9 | destinatario=ext_jcarrion@Falabella.cl | status=202
2026-01-28 13:36:22 - app - INFO - 2/5 - ext_jcarrion@Falabella.cl - status:202
2026-01-28 13:36:22 - app - INFO - Ejecutando get_array
2026-01-28 13:36:25 - app - INFO - Request enviado | request_id=3e2027b980946ab6aa1560739b71f929dd2bb711638fe9b1d0ad6c7242c8cda1 | destinatario=ext_jcarrion@Falabella.cl | status=202
2026-01-28 13:36:25 - app - INFO - 3/5 - ext_jcarrion@Falabella.cl - status:202
2026-01-28 13:36:25 - app - INFO - Ejecutando get_array
2026-01-28 13:36:27 - app - INFO - Request enviado | request_id=bc8626373e04dcf765b90c6966e94bdfd407881c4aec4c773e99dfbaf1de42a9 | destinatario=ext_jcarrion@Falabella.cl | status=202
2026-01-28 13:36:27 - app - INFO - 4/5 - ext_jcarrion@Falabella.cl - status:202
2026-01-28 13:36:27 - app - INFO - Ejecutando get_array
2026-01-28 13:36:30 - app - INFO - Request enviado | request_id=e4bec72a94b4c2481180e7848ddad535101e1724824c4d66e4aed351df190a63 | destinatario=ext_jcarrion@Falabella.cl | status=202
2026-01-28 13:36:30 - app - INFO - 5/5 - ext_jcarrion@Falabella.cl - status:202
2026-01-28 13:36:30 - app - INFO - Proceso de envío finalizado
2026-01-28 13:36:30 - app - INFO - Cargando datos en BigQuery | tabla=teams_validation_data | registros=5 | dropTable=False
2026-01-28 13:36:30 - app - INFO - Cargando datos a staging | tabla=stg_teams_validation_data | filas=5 | dropTable=False
2026-01-28 13:36:34 - app - INFO - Carga a staging completada exitosamente | tabla=sbox_jcarrion.stg_teams_validation_data
2026-01-28 13:36:34 - app - INFO - Iniciando MERGE | staging=stg_teams_validation_data | tabla_final=teams_validation_data
2026-01-28 13:36:38 - app - INFO - MERGE completado exitosamente | tabla_final=teams_validation_data
2026-01-28 13:36:38 - app - INFO - Carga BigQuery finalizada correctamente | tabla=teams_validation_data
2026-01-28 13:36:38 - app - INFO - Lote 124 persistido en BigQuery | registros=5
2026-01-28 13:36:39 - app - INFO - Procesando lote 125 | registros=5
2026-01-28 13:36:39 - app - INFO - Iniciando envío de 5 formularios
2026-01-28 13:36:39 - app - INFO - Ejecutando get_array
2026-01-28 13:36:41 - app - INFO - Request enviado | request_id=4bf57fc060048f4e4c8a67caaa188f40b9ac85c03335776f5f45bd649fffac8a | destinatario=ext_jcarrion@Falabella.cl | status=202
2026-01-28 13:36:41 - app - INFO - 1/5 - ext_jcarrion@Falabella.cl - status:202
2026-01-28 13:36:41 - app - INFO - Ejecutando get_array
2026-01-28 13:36:44 - app - INFO - Request enviado | request_id=88a70e15a1bec58920e5c2a2ad5cb5c4b1b81c786d35e024266e75030fc931c0 | destinatario=ext_jcarrion@Falabella.cl | status=202
2026-01-28 13:36:44 - app - INFO - 2/5 - ext_jcarrion@Falabella.cl - status:202
2026-01-28 13:36:44 - app - INFO - Ejecutando get_array
2026-01-28 13:36:47 - app - INFO - Request enviado | request_id=decbc62ab2c312a92de7291e70572c9fc6ce65924203fe7c9808c66917c48835 | destinatario=ext_jcarrion@Falabella.cl | status=202
2026-01-28 13:36:47 - app - INFO - 3/5 - ext_jcarrion@Falabella.cl - status:202
2026-01-28 13:36:47 - app - INFO - Ejecutando get_array
2026-01-28 13:36:49 - app - INFO - Request enviado | request_id=cdd5484bd9a9aff16cc56db01ba6192036543e4f158dc1208886bb3101955944 | destinatario=ext_jcarrion@Falabella.cl | status=202
2026-01-28 13:36:49 - app - INFO - 4/5 - ext_jcarrion@Falabella.cl - status:202
2026-01-28 13:36:49 - app - INFO - Ejecutando get_array
2026-01-28 13:36:52 - app - INFO - Request enviado | request_id=b031529a1e98b734e25e84d2ed1af77479cdc7a55d1005f786835bf533e0410e | destinatario=ext_jcarrion@Falabella.cl | status=202
2026-01-28 13:36:52 - app - INFO - 5/5 - ext_jcarrion@Falabella.cl - status:202
2026-01-28 13:36:52 - app - INFO - Proceso de envío finalizado
2026-01-28 13:36:52 - app - INFO - Cargando datos en BigQuery | tabla=teams_validation_data | registros=5 | dropTable=False
2026-01-28 13:36:52 - app - INFO - Cargando datos a staging | tabla=stg_teams_validation_data | filas=5 | dropTable=False
2026-01-28 13:36:55 - app - INFO - Carga a staging completada exitosamente | tabla=sbox_jcarrion.stg_teams_validation_data
2026-01-28 13:36:55 - app - INFO - Iniciando MERGE | staging=stg_teams_validation_data | tabla_final=teams_validation_data
2026-01-28 13:36:58 - app - INFO - MERGE completado exitosamente | tabla_final=teams_validation_data
2026-01-28 13:36:58 - app - INFO - Carga BigQuery finalizada correctamente | tabla=teams_validation_data
2026-01-28 13:36:58 - app - INFO - Lote 125 persistido en BigQuery | registros=5
2026-01-28 13:36:59 - app - INFO - Procesando lote 126 | registros=5
2026-01-28 13:36:59 - app - INFO - Iniciando envío de 5 formularios
2026-01-28 13:36:59 - app - INFO - Ejecutando get_array
2026-01-28 13:37:02 - app - INFO - Request enviado | request_id=022128b18ad28de26aa8170cc6dfa8e0f70eac01f6b1a2788e9122315bd4e0fd | destinatario=ext_jcarrion@Falabella.cl | status=202
2026-01-28 13:37:02 - app - INFO - 1/5 - ext_jcarrion@Falabella.cl - status:202
2026-01-28 13:37:02 - app - INFO - Ejecutando get_array
2026-01-28 13:37:05 - app - INFO - Request enviado | request_id=aad2cb5d243c5a82328927864a0a2b896d033dd4ff5712a47e6cb62c60965bf0 | destinatario=ext_jcarrion@Falabella.cl | status=202
2026-01-28 13:37:05 - app - INFO - 2/5 - ext_jcarrion@Falabella.cl - status:202
2026-01-28 13:37:05 - app - INFO - Ejecutando get_array
2026-01-28 13:37:07 - app - INFO - Request enviado | request_id=0e14e8ee8e82ee6ee997dc460ba51289cb475ca3ffca7cb260eaef4bb8e321c9 | destinatario=ext_jcarrion@Falabella.cl | status=202
2026-01-28 13:37:07 - app - INFO - 3/5 - ext_jcarrion@Falabella.cl - status:202
2026-01-28 13:37:07 - app - INFO - Ejecutando get_array
2026-01-28 13:37:10 - app - INFO - Request enviado | request_id=acb4adff0eba53786f8f0c6e5d55467a6c2a96108b76c939f906c79756b95a4d | destinatario=ext_jcarrion@Falabella.cl | status=202
2026-01-28 13:37:10 - app - INFO - 4/5 - ext_jcarrion@Falabella.cl - status:202
2026-01-28 13:37:10 - app - INFO - Ejecutando get_array
2026-01-28 13:37:12 - app - INFO - Request enviado | request_id=920ad7264d145e6ce34c5ee3c78e64596a4bfa9ed95d2e395eb18ade2129fb84 | destinatario=ext_jcarrion@Falabella.cl | status=202
2026-01-28 13:37:12 - app - INFO - 5/5 - ext_jcarrion@Falabella.cl - status:202
2026-01-28 13:37:12 - app - INFO - Proceso de envío finalizado
2026-01-28 13:37:12 - app - INFO - Cargando datos en BigQuery | tabla=teams_validation_data | registros=5 | dropTable=False
2026-01-28 13:37:12 - app - INFO - Cargando datos a staging | tabla=stg_teams_validation_data | filas=5 | dropTable=False
2026-01-28 13:37:16 - app - INFO - Carga a staging completada exitosamente | tabla=sbox_jcarrion.stg_teams_validation_data
2026-01-28 13:37:16 - app - INFO - Iniciando MERGE | staging=stg_teams_validation_data | tabla_final=teams_validation_data
2026-01-28 13:37:19 - app - INFO - MERGE completado exitosamente | tabla_final=teams_validation_data
2026-01-28 13:37:19 - app - INFO - Carga BigQuery finalizada correctamente | tabla=teams_validation_data
2026-01-28 13:37:19 - app - INFO - Lote 126 persistido en BigQuery | registros=5
2026-01-28 13:37:20 - app - INFO - Procesando lote 127 | registros=5
2026-01-28 13:37:20 - app - INFO - Iniciando envío de 5 formularios
2026-01-28 13:37:20 - app - INFO - Ejecutando get_array
2026-01-28 13:37:23 - app - INFO - Request enviado | request_id=94ec8904dcd462af048124eff56893d219cd36d1d4bee656a86cbc800bea0f36 | destinatario=ext_jcarrion@Falabella.cl | status=202
2026-01-28 13:37:23 - app - INFO - 1/5 - ext_jcarrion@Falabella.cl - status:202
2026-01-28 13:37:23 - app - INFO - Ejecutando get_array
2026-01-28 13:37:27 - app - INFO - Request enviado | request_id=45aa796aab3c140c594a5fae6968b9a4a1b29b9b666d0f8c7e0ee3305430aba9 | destinatario=ext_jcarrion@Falabella.cl | status=202
2026-01-28 13:37:27 - app - INFO - 2/5 - ext_jcarrion@Falabella.cl - status:202
2026-01-28 13:37:27 - app - INFO - Ejecutando get_array
2026-01-28 13:37:30 - app - INFO - Request enviado | request_id=c55bfbe80924954b1aa6570f88ebea01445719556c1918daf7e206cdaf5ffc13 | destinatario=ext_jcarrion@Falabella.cl | status=202
2026-01-28 13:37:30 - app - INFO - 3/5 - ext_jcarrion@Falabella.cl - status:202
2026-01-28 13:37:30 - app - INFO - Ejecutando get_array
2026-01-28 13:37:32 - app - INFO - Request enviado | request_id=d27103885b25986384a3b2c3b70e9f8177a181400f62b38a1ab7307c2701d47a | destinatario=ext_jcarrion@Falabella.cl | status=202
2026-01-28 13:37:32 - app - INFO - 4/5 - ext_jcarrion@Falabella.cl - status:202
2026-01-28 13:37:32 - app - INFO - Ejecutando get_array
2026-01-28 13:37:35 - app - INFO - Request enviado | request_id=4bfbf41d881680530c247a3bf391925698dd33229e66ba307691569e9d2952cc | destinatario=ext_jcarrion@Falabella.cl | status=202
2026-01-28 13:37:35 - app - INFO - 5/5 - ext_jcarrion@Falabella.cl - status:202
2026-01-28 13:37:35 - app - INFO - Proceso de envío finalizado
2026-01-28 13:37:35 - app - INFO - Cargando datos en BigQuery | tabla=teams_validation_data | registros=5 | dropTable=False
2026-01-28 13:37:35 - app - INFO - Cargando datos a staging | tabla=stg_teams_validation_data | filas=5 | dropTable=False
2026-01-28 13:37:39 - app - INFO - Carga a staging completada exitosamente | tabla=sbox_jcarrion.stg_teams_validation_data
2026-01-28 13:37:39 - app - INFO - Iniciando MERGE | staging=stg_teams_validation_data | tabla_final=teams_validation_data
2026-01-28 13:37:43 - app - INFO - MERGE completado exitosamente | tabla_final=teams_validation_data
2026-01-28 13:37:43 - app - INFO - Carga BigQuery finalizada correctamente | tabla=teams_validation_data
2026-01-28 13:37:43 - app - INFO - Lote 127 persistido en BigQuery | registros=5
2026-01-28 13:37:44 - app - INFO - Procesando lote 128 | registros=5
2026-01-28 13:37:44 - app - INFO - Iniciando envío de 5 formularios
2026-01-28 13:37:44 - app - INFO - Ejecutando get_array
2026-01-28 13:37:46 - app - INFO - Request enviado | request_id=28abbb9750647380b799661de1df37e4d1df53dc7c5ec6653981fbe0e928393b | destinatario=ext_jcarrion@Falabella.cl | status=202
2026-01-28 13:37:46 - app - INFO - 1/5 - ext_jcarrion@Falabella.cl - status:202
2026-01-28 13:37:46 - app - INFO - Ejecutando get_array
2026-01-28 13:37:49 - app - INFO - Request enviado | request_id=2748ed05f90361ea84abd6cc566a53c167406b6b6ebdb7cca3357884b76a11d6 | destinatario=ext_jcarrion@Falabella.cl | status=202
2026-01-28 13:37:49 - app - INFO - 2/5 - ext_jcarrion@Falabella.cl - status:202
2026-01-28 13:37:49 - app - INFO - Ejecutando get_array
2026-01-28 13:37:52 - app - INFO - Request enviado | request_id=cedd63f6e6ee931bd2d7bdd54e3ee503b3a1f711848a5e23fccb4cdfcfd57f0f | destinatario=ext_jcarrion@Falabella.cl | status=202
2026-01-28 13:37:52 - app - INFO - 3/5 - ext_jcarrion@Falabella.cl - status:202
2026-01-28 13:37:52 - app - INFO - Ejecutando get_array
2026-01-28 13:37:54 - app - INFO - Request enviado | request_id=847a90cb811c1249819f9746979fa22f707b57cb422197c48a39342a5d24a63b | destinatario=ext_jcarrion@Falabella.cl | status=202
2026-01-28 13:37:54 - app - INFO - 4/5 - ext_jcarrion@Falabella.cl - status:202
2026-01-28 13:37:54 - app - INFO - Ejecutando get_array
2026-01-28 13:37:57 - app - INFO - Request enviado | request_id=80ece04140f171e15bebff883341778fc67c059f36f22f4bf3c4a3d640677ee8 | destinatario=ext_jcarrion@Falabella.cl | status=202
2026-01-28 13:37:57 - app - INFO - 5/5 - ext_jcarrion@Falabella.cl - status:202
2026-01-28 13:37:57 - app - INFO - Proceso de envío finalizado
2026-01-28 13:37:57 - app - INFO - Cargando datos en BigQuery | tabla=teams_validation_data | registros=5 | dropTable=False
2026-01-28 13:37:57 - app - INFO - Cargando datos a staging | tabla=stg_teams_validation_data | filas=5 | dropTable=False
2026-01-28 13:38:01 - app - INFO - Carga a staging completada exitosamente | tabla=sbox_jcarrion.stg_teams_validation_data
2026-01-28 13:38:01 - app - INFO - Iniciando MERGE | staging=stg_teams_validation_data | tabla_final=teams_validation_data
2026-01-28 13:38:05 - app - INFO - MERGE completado exitosamente | tabla_final=teams_validation_data
2026-01-28 13:38:05 - app - INFO - Carga BigQuery finalizada correctamente | tabla=teams_validation_data
2026-01-28 13:38:05 - app - INFO - Lote 128 persistido en BigQuery | registros=5
2026-01-28 13:38:06 - app - INFO - Procesando lote 129 | registros=5
2026-01-28 13:38:06 - app - INFO - Iniciando envío de 5 formularios
2026-01-28 13:38:06 - app - INFO - Ejecutando get_array
2026-01-28 13:38:08 - app - INFO - Request enviado | request_id=5516abe83d8cd1d406fc13ffb67ec24cc27505ba684dd5e204be602bfc21035a | destinatario=ext_jcarrion@Falabella.cl | status=202
2026-01-28 13:38:08 - app - INFO - 1/5 - ext_jcarrion@Falabella.cl - status:202
2026-01-28 13:38:08 - app - INFO - Ejecutando get_array
2026-01-28 13:38:11 - app - INFO - Request enviado | request_id=ee1e5d408919e89718bad8d636dff3f571bea82ab57263fe58a740a2fc7ce0bd | destinatario=ext_jcarrion@Falabella.cl | status=202
2026-01-28 13:38:11 - app - INFO - 2/5 - ext_jcarrion@Falabella.cl - status:202
2026-01-28 13:38:11 - app - INFO - Ejecutando get_array
2026-01-28 13:38:13 - app - INFO - Request enviado | request_id=fb1594869331967bc70bb0b155ef9c0b1b377d80a1605786b98969cdb797d076 | destinatario=ext_jcarrion@Falabella.cl | status=202
2026-01-28 13:38:13 - app - INFO - 3/5 - ext_jcarrion@Falabella.cl - status:202
2026-01-28 13:38:13 - app - INFO - Ejecutando get_array
2026-01-28 13:38:16 - app - INFO - Request enviado | request_id=8b1c8cca5a7e3542bb0f9b85418a39cce7d61363bac1a5815e9987eabd766a37 | destinatario=ext_jcarrion@Falabella.cl | status=202
2026-01-28 13:38:16 - app - INFO - 4/5 - ext_jcarrion@Falabella.cl - status:202
2026-01-28 13:38:16 - app - INFO - Ejecutando get_array
2026-01-28 13:38:18 - app - INFO - Request enviado | request_id=0ef4fb5b7afcfc760bb7d02e0f7791849f0bed72259ed1ee83b8f548668da51b | destinatario=ext_jcarrion@Falabella.cl | status=202
2026-01-28 13:38:18 - app - INFO - 5/5 - ext_jcarrion@Falabella.cl - status:202
2026-01-28 13:38:18 - app - INFO - Proceso de envío finalizado
2026-01-28 13:38:18 - app - INFO - Cargando datos en BigQuery | tabla=teams_validation_data | registros=5 | dropTable=False
2026-01-28 13:38:18 - app - INFO - Cargando datos a staging | tabla=stg_teams_validation_data | filas=5 | dropTable=False
2026-01-28 13:38:23 - app - INFO - Carga a staging completada exitosamente | tabla=sbox_jcarrion.stg_teams_validation_data
2026-01-28 13:38:23 - app - INFO - Iniciando MERGE | staging=stg_teams_validation_data | tabla_final=teams_validation_data
2026-01-28 13:38:26 - app - INFO - MERGE completado exitosamente | tabla_final=teams_validation_data
2026-01-28 13:38:26 - app - INFO - Carga BigQuery finalizada correctamente | tabla=teams_validation_data
2026-01-28 13:38:26 - app - INFO - Lote 129 persistido en BigQuery | registros=5
2026-01-28 13:38:27 - app - INFO - Procesando lote 130 | registros=5
2026-01-28 13:38:27 - app - INFO - Iniciando envío de 5 formularios
2026-01-28 13:38:27 - app - INFO - Ejecutando get_array
2026-01-28 13:38:30 - app - INFO - Request enviado | request_id=0294bb1edac7dc722a34b1f8af02e3241c2742386af27b49c4ce70674ee93ed7 | destinatario=ext_jcarrion@Falabella.cl | status=202
2026-01-28 13:38:30 - app - INFO - 1/5 - ext_jcarrion@Falabella.cl - status:202
2026-01-28 13:38:30 - app - INFO - Ejecutando get_array
2026-01-28 13:38:33 - app - INFO - Request enviado | request_id=d26f5b40eb2f1daa77dee0b2437bb2936d1e1aa15682ff7f9668936848ea6bdd | destinatario=ext_jcarrion@Falabella.cl | status=202
2026-01-28 13:38:33 - app - INFO - 2/5 - ext_jcarrion@Falabella.cl - status:202
2026-01-28 13:38:33 - app - INFO - Ejecutando get_array
2026-01-28 13:38:36 - app - INFO - Request enviado | request_id=e14d77783a1d31502b8328d8d0969cd93671f13d40496bbf7a0a08dac79bbd8a | destinatario=ext_jcarrion@Falabella.cl | status=202
2026-01-28 13:38:36 - app - INFO - 3/5 - ext_jcarrion@Falabella.cl - status:202
2026-01-28 13:38:36 - app - INFO - Ejecutando get_array
2026-01-28 13:38:38 - app - INFO - Request enviado | request_id=77e676299f4e44437cf77701edf455406bc9cbf891f56798b1679df4b82413d4 | destinatario=ext_jcarrion@Falabella.cl | status=202
2026-01-28 13:38:38 - app - INFO - 4/5 - ext_jcarrion@Falabella.cl - status:202
2026-01-28 13:38:38 - app - INFO - Ejecutando get_array
2026-01-28 13:38:41 - app - INFO - Request enviado | request_id=03cf573fd547bf6e2594bf2815bf0f200ca4b9d8c807bcc6f0f69cba241c4390 | destinatario=ext_jcarrion@Falabella.cl | status=202
2026-01-28 13:38:41 - app - INFO - 5/5 - ext_jcarrion@Falabella.cl - status:202
2026-01-28 13:38:41 - app - INFO - Proceso de envío finalizado
2026-01-28 13:38:41 - app - INFO - Cargando datos en BigQuery | tabla=teams_validation_data | registros=5 | dropTable=False
2026-01-28 13:38:41 - app - INFO - Cargando datos a staging | tabla=stg_teams_validation_data | filas=5 | dropTable=False
2026-01-28 13:38:46 - app - INFO - Carga a staging completada exitosamente | tabla=sbox_jcarrion.stg_teams_validation_data
2026-01-28 13:38:46 - app - INFO - Iniciando MERGE | staging=stg_teams_validation_data | tabla_final=teams_validation_data
2026-01-28 13:38:49 - app - INFO - MERGE completado exitosamente | tabla_final=teams_validation_data
2026-01-28 13:38:49 - app - INFO - Carga BigQuery finalizada correctamente | tabla=teams_validation_data
2026-01-28 13:38:49 - app - INFO - Lote 130 persistido en BigQuery | registros=5
2026-01-28 13:38:50 - app - INFO - Procesando lote 131 | registros=5
2026-01-28 13:38:50 - app - INFO - Iniciando envío de 5 formularios
2026-01-28 13:38:50 - app - INFO - Ejecutando get_array
2026-01-28 13:38:53 - app - INFO - Request enviado | request_id=4fceacaa09e20f197f66ce010798f7a9b8175b6d201fbd7995b7c73fa6e13e75 | destinatario=ext_jcarrion@Falabella.cl | status=202
2026-01-28 13:38:53 - app - INFO - 1/5 - ext_jcarrion@Falabella.cl - status:202
2026-01-28 13:38:53 - app - INFO - Ejecutando get_array
2026-01-28 13:38:55 - app - INFO - Request enviado | request_id=c4ca04bd136f2d0383be8e39a3b9de581b9b887bf1d7db32ed94beb64b3d81ad | destinatario=ext_jcarrion@Falabella.cl | status=202
2026-01-28 13:38:55 - app - INFO - 2/5 - ext_jcarrion@Falabella.cl - status:202
2026-01-28 13:38:55 - app - INFO - Ejecutando get_array
2026-01-28 13:38:58 - app - INFO - Request enviado | request_id=5e337b670edec05f92233f148a05b9ed8012a274eb8dcb51e53ed66c66a16c75 | destinatario=ext_jcarrion@Falabella.cl | status=202
2026-01-28 13:38:58 - app - INFO - 3/5 - ext_jcarrion@Falabella.cl - status:202
2026-01-28 13:38:58 - app - INFO - Ejecutando get_array
2026-01-28 13:39:01 - app - INFO - Request enviado | request_id=99409e0068c4caf4f0892f0b614091af3eb0369f184b37a346725db42811f529 | destinatario=ext_jcarrion@Falabella.cl | status=202
2026-01-28 13:39:01 - app - INFO - 4/5 - ext_jcarrion@Falabella.cl - status:202
2026-01-28 13:39:01 - app - INFO - Ejecutando get_array
2026-01-28 13:39:03 - app - INFO - Request enviado | request_id=baf4b96d73cd71e4906bb4eac02cf9b863a25d8aa16d55cdd472078997394975 | destinatario=ext_jcarrion@Falabella.cl | status=202
2026-01-28 13:39:03 - app - INFO - 5/5 - ext_jcarrion@Falabella.cl - status:202
2026-01-28 13:39:03 - app - INFO - Proceso de envío finalizado
2026-01-28 13:39:03 - app - INFO - Cargando datos en BigQuery | tabla=teams_validation_data | registros=5 | dropTable=False
2026-01-28 13:39:03 - app - INFO - Cargando datos a staging | tabla=stg_teams_validation_data | filas=5 | dropTable=False
2026-01-28 13:39:07 - app - INFO - Carga a staging completada exitosamente | tabla=sbox_jcarrion.stg_teams_validation_data
2026-01-28 13:39:07 - app - INFO - Iniciando MERGE | staging=stg_teams_validation_data | tabla_final=teams_validation_data
2026-01-28 13:39:10 - app - INFO - MERGE completado exitosamente | tabla_final=teams_validation_data
2026-01-28 13:39:10 - app - INFO - Carga BigQuery finalizada correctamente | tabla=teams_validation_data
2026-01-28 13:39:10 - app - INFO - Lote 131 persistido en BigQuery | registros=5
2026-01-28 13:39:11 - app - INFO - Procesando lote 132 | registros=5
2026-01-28 13:39:11 - app - INFO - Iniciando envío de 5 formularios
2026-01-28 13:39:11 - app - INFO - Ejecutando get_array
2026-01-28 13:39:13 - app - INFO - Request enviado | request_id=7815759eb3dfec191790103e12a1528c765d9969eda5545d6883aa41b59d03dc | destinatario=ext_jcarrion@Falabella.cl | status=202
2026-01-28 13:39:13 - app - INFO - 1/5 - ext_jcarrion@Falabella.cl - status:202
2026-01-28 13:39:13 - app - INFO - Ejecutando get_array
2026-01-28 13:39:16 - app - INFO - Request enviado | request_id=0fa051e4d21f88eb8d70007aec589f019fb623e8d019b9f39120fd655674c901 | destinatario=ext_jcarrion@Falabella.cl | status=202
2026-01-28 13:39:16 - app - INFO - 2/5 - ext_jcarrion@Falabella.cl - status:202
2026-01-28 13:39:16 - app - INFO - Ejecutando get_array
2026-01-28 13:39:19 - app - INFO - Request enviado | request_id=60b082d6902cd52e3a9d51362f02025c89882fc32692b16d8f490484f370a98e | destinatario=ext_jcarrion@Falabella.cl | status=202
2026-01-28 13:39:19 - app - INFO - 3/5 - ext_jcarrion@Falabella.cl - status:202
2026-01-28 13:39:19 - app - INFO - Ejecutando get_array
2026-01-28 13:39:21 - app - INFO - Request enviado | request_id=792281e1ae2136ebcc2c11a3c30fd31c6eb0038b8aaf419049d4097000a486fd | destinatario=ext_jcarrion@Falabella.cl | status=202
2026-01-28 13:39:21 - app - INFO - 4/5 - ext_jcarrion@Falabella.cl - status:202
2026-01-28 13:39:21 - app - INFO - Ejecutando get_array
2026-01-28 13:39:24 - app - INFO - Request enviado | request_id=3bb5035b8b1277e794f4accfcbfe933b5f0a9947f7b0df63e15f446fd24cafc9 | destinatario=ext_jcarrion@Falabella.cl | status=202
2026-01-28 13:39:24 - app - INFO - 5/5 - ext_jcarrion@Falabella.cl - status:202
2026-01-28 13:39:24 - app - INFO - Proceso de envío finalizado
2026-01-28 13:39:24 - app - INFO - Cargando datos en BigQuery | tabla=teams_validation_data | registros=5 | dropTable=False
2026-01-28 13:39:24 - app - INFO - Cargando datos a staging | tabla=stg_teams_validation_data | filas=5 | dropTable=False
2026-01-28 13:39:28 - app - INFO - Carga a staging completada exitosamente | tabla=sbox_jcarrion.stg_teams_validation_data
2026-01-28 13:39:28 - app - INFO - Iniciando MERGE | staging=stg_teams_validation_data | tabla_final=teams_validation_data
2026-01-28 13:39:33 - app - INFO - MERGE completado exitosamente | tabla_final=teams_validation_data
2026-01-28 13:39:33 - app - INFO - Carga BigQuery finalizada correctamente | tabla=teams_validation_data
2026-01-28 13:39:33 - app - INFO - Lote 132 persistido en BigQuery | registros=5
2026-01-28 13:39:34 - app - INFO - Procesando lote 133 | registros=5
2026-01-28 13:39:34 - app - INFO - Iniciando envío de 5 formularios
2026-01-28 13:39:34 - app - INFO - Ejecutando get_array
2026-01-28 13:39:36 - app - INFO - Request enviado | request_id=9f6191e965b612defd1903da50273f651f4896bca065be1dc687254869d0339a | destinatario=ext_jcarrion@Falabella.cl | status=202
2026-01-28 13:39:36 - app - INFO - 1/5 - ext_jcarrion@Falabella.cl - status:202
2026-01-28 13:39:36 - app - INFO - Ejecutando get_array
2026-01-28 13:39:39 - app - INFO - Request enviado | request_id=81cde5720de1e93a0bae9a4b1ee0a8b258b24360f84ba5c17a16e62f365b8129 | destinatario=ext_jcarrion@Falabella.cl | status=202
2026-01-28 13:39:39 - app - INFO - 2/5 - ext_jcarrion@Falabella.cl - status:202
2026-01-28 13:39:39 - app - INFO - Ejecutando get_array
2026-01-28 13:39:41 - app - INFO - Request enviado | request_id=dc1bda4c37f8cee1e439ed3e81c4d63dae2c7e009db6386478f10876dbe4d576 | destinatario=ext_jcarrion@Falabella.cl | status=202
2026-01-28 13:39:41 - app - INFO - 3/5 - ext_jcarrion@Falabella.cl - status:202
2026-01-28 13:39:41 - app - INFO - Ejecutando get_array
2026-01-28 13:39:44 - app - INFO - Request enviado | request_id=6c197d6ea1958a75cb36b702082f96142bba10847809dfdb2396bc356ef14e86 | destinatario=ext_jcarrion@Falabella.cl | status=202
2026-01-28 13:39:44 - app - INFO - 4/5 - ext_jcarrion@Falabella.cl - status:202
2026-01-28 13:39:44 - app - INFO - Ejecutando get_array
2026-01-28 13:39:46 - app - INFO - Request enviado | request_id=97d45220789d09bd7ae80d912559978dcf1b0fdf30a2133618339207ab31620b | destinatario=ext_jcarrion@Falabella.cl | status=202
2026-01-28 13:39:46 - app - INFO - 5/5 - ext_jcarrion@Falabella.cl - status:202
2026-01-28 13:39:46 - app - INFO - Proceso de envío finalizado
2026-01-28 13:39:46 - app - INFO - Cargando datos en BigQuery | tabla=teams_validation_data | registros=5 | dropTable=False
2026-01-28 13:39:46 - app - INFO - Cargando datos a staging | tabla=stg_teams_validation_data | filas=5 | dropTable=False
2026-01-28 13:39:51 - app - INFO - Carga a staging completada exitosamente | tabla=sbox_jcarrion.stg_teams_validation_data
2026-01-28 13:39:51 - app - INFO - Iniciando MERGE | staging=stg_teams_validation_data | tabla_final=teams_validation_data
2026-01-28 13:39:54 - app - INFO - MERGE completado exitosamente | tabla_final=teams_validation_data
2026-01-28 13:39:54 - app - INFO - Carga BigQuery finalizada correctamente | tabla=teams_validation_data
2026-01-28 13:39:54 - app - INFO - Lote 133 persistido en BigQuery | registros=5
2026-01-28 13:39:55 - app - INFO - Procesando lote 134 | registros=5
2026-01-28 13:39:55 - app - INFO - Iniciando envío de 5 formularios
2026-01-28 13:39:55 - app - INFO - Ejecutando get_array
2026-01-28 13:39:57 - app - INFO - Request enviado | request_id=15e6121ae338829a847a6ecd2e61ac77a1d1e844fa4901da0149e010ac9dcd74 | destinatario=ext_jcarrion@Falabella.cl | status=202
2026-01-28 13:39:57 - app - INFO - 1/5 - ext_jcarrion@Falabella.cl - status:202
2026-01-28 13:39:57 - app - INFO - Ejecutando get_array
2026-01-28 13:40:00 - app - INFO - Request enviado | request_id=c3940d708f9810f3cae81dbc17c63abfed1a5787aa5fbcb19946e999be8b4c60 | destinatario=ext_jcarrion@Falabella.cl | status=202
2026-01-28 13:40:00 - app - INFO - 2/5 - ext_jcarrion@Falabella.cl - status:202
2026-01-28 13:40:00 - app - INFO - Ejecutando get_array
2026-01-28 13:40:02 - app - INFO - Request enviado | request_id=6a4020810c75f51b31f309baafc830ac1b3c2812ab6dd9af78732102234d9e9d | destinatario=ext_jcarrion@Falabella.cl | status=202
2026-01-28 13:40:02 - app - INFO - 3/5 - ext_jcarrion@Falabella.cl - status:202
2026-01-28 13:40:02 - app - INFO - Ejecutando get_array
2026-01-28 13:40:05 - app - INFO - Request enviado | request_id=467533c8cdde26701a13ff1dd6d35bcdc010db1951b94f8d963cebfd33912756 | destinatario=ext_jcarrion@Falabella.cl | status=202
2026-01-28 13:40:05 - app - INFO - 4/5 - ext_jcarrion@Falabella.cl - status:202
2026-01-28 13:40:05 - app - INFO - Ejecutando get_array
2026-01-28 13:40:07 - app - INFO - Request enviado | request_id=75e9da86249240bcf3d956c18eda34b790fb64445715944254a5d57ca915e7c9 | destinatario=ext_jcarrion@Falabella.cl | status=202
2026-01-28 13:40:07 - app - INFO - 5/5 - ext_jcarrion@Falabella.cl - status:202
2026-01-28 13:40:07 - app - INFO - Proceso de envío finalizado
2026-01-28 13:40:07 - app - INFO - Cargando datos en BigQuery | tabla=teams_validation_data | registros=5 | dropTable=False
2026-01-28 13:40:07 - app - INFO - Cargando datos a staging | tabla=stg_teams_validation_data | filas=5 | dropTable=False
2026-01-28 13:40:12 - app - INFO - Carga a staging completada exitosamente | tabla=sbox_jcarrion.stg_teams_validation_data
2026-01-28 13:40:12 - app - INFO - Iniciando MERGE | staging=stg_teams_validation_data | tabla_final=teams_validation_data
2026-01-28 13:40:15 - app - INFO - MERGE completado exitosamente | tabla_final=teams_validation_data
2026-01-28 13:40:15 - app - INFO - Carga BigQuery finalizada correctamente | tabla=teams_validation_data
2026-01-28 13:40:15 - app - INFO - Lote 134 persistido en BigQuery | registros=5
2026-01-28 13:40:16 - app - INFO - Procesando lote 135 | registros=5
2026-01-28 13:40:16 - app - INFO - Iniciando envío de 5 formularios
2026-01-28 13:40:16 - app - INFO - Ejecutando get_array
2026-01-28 13:40:19 - app - INFO - Request enviado | request_id=f2d3124a845ba1e9df57594853c7c92ea071a89f40402bce6b0217d5876b8d04 | destinatario=ext_jcarrion@Falabella.cl | status=202
2026-01-28 13:40:19 - app - INFO - 1/5 - ext_jcarrion@Falabella.cl - status:202
2026-01-28 13:40:19 - app - INFO - Ejecutando get_array
2026-01-28 13:40:21 - app - INFO - Request enviado | request_id=cd9954f5ebe35caea67375cb6c5002a8f43131e1a44b03ea0a9c916dc094e070 | destinatario=ext_jcarrion@Falabella.cl | status=202
2026-01-28 13:40:21 - app - INFO - 2/5 - ext_jcarrion@Falabella.cl - status:202
2026-01-28 13:40:21 - app - INFO - Ejecutando get_array
2026-01-28 13:40:24 - app - INFO - Request enviado | request_id=bac3e78ad1556596f53fdad07b100b215af08c6923f8a92be4d704e8bf944b77 | destinatario=ext_jcarrion@Falabella.cl | status=202
2026-01-28 13:40:24 - app - INFO - 3/5 - ext_jcarrion@Falabella.cl - status:202
2026-01-28 13:40:24 - app - INFO - Ejecutando get_array
2026-01-28 13:40:26 - app - INFO - Request enviado | request_id=b692834f359ed972b01642fc7fb3b993416d7dbfc43e5b27a825fefad13bd41f | destinatario=ext_jcarrion@Falabella.cl | status=202
2026-01-28 13:40:26 - app - INFO - 4/5 - ext_jcarrion@Falabella.cl - status:202
2026-01-28 13:40:26 - app - INFO - Ejecutando get_array
2026-01-28 13:40:28 - app - INFO - Request enviado | request_id=84337e0055100e0d3b6579cdc646924e46efa431d5a9da338c8ce63a11397a3a | destinatario=ext_jcarrion@Falabella.cl | status=202
2026-01-28 13:40:28 - app - INFO - 5/5 - ext_jcarrion@Falabella.cl - status:202
2026-01-28 13:40:28 - app - INFO - Proceso de envío finalizado
2026-01-28 13:40:28 - app - INFO - Cargando datos en BigQuery | tabla=teams_validation_data | registros=5 | dropTable=False
2026-01-28 13:40:28 - app - INFO - Cargando datos a staging | tabla=stg_teams_validation_data | filas=5 | dropTable=False
2026-01-28 13:40:33 - app - INFO - Carga a staging completada exitosamente | tabla=sbox_jcarrion.stg_teams_validation_data
2026-01-28 13:40:33 - app - INFO - Iniciando MERGE | staging=stg_teams_validation_data | tabla_final=teams_validation_data
2026-01-28 13:40:36 - app - INFO - MERGE completado exitosamente | tabla_final=teams_validation_data
2026-01-28 13:40:36 - app - INFO - Carga BigQuery finalizada correctamente | tabla=teams_validation_data
2026-01-28 13:40:36 - app - INFO - Lote 135 persistido en BigQuery | registros=5
2026-01-28 13:40:37 - app - INFO - Procesando lote 136 | registros=5
2026-01-28 13:40:37 - app - INFO - Iniciando envío de 5 formularios
2026-01-28 13:40:37 - app - INFO - Ejecutando get_array
2026-01-28 13:40:40 - app - INFO - Request enviado | request_id=0bf962033510b0f1265b53f834e76cc70efb1d7f8948fcab044b4112e8bf2eae | destinatario=ext_jcarrion@Falabella.cl | status=202
2026-01-28 13:40:40 - app - INFO - 1/5 - ext_jcarrion@Falabella.cl - status:202
2026-01-28 13:40:40 - app - INFO - Ejecutando get_array
2026-01-28 13:40:42 - app - INFO - Request enviado | request_id=ca4d5bfc5c0b81daa4d6b47a1dd96eab5c29748b3d1c362578d64429df127aed | destinatario=ext_jcarrion@Falabella.cl | status=202
2026-01-28 13:40:42 - app - INFO - 2/5 - ext_jcarrion@Falabella.cl - status:202
2026-01-28 13:40:42 - app - INFO - Ejecutando get_array
2026-01-28 13:40:45 - app - INFO - Request enviado | request_id=e78aa35f123174290c532855000505337c6de307c7a8dedb529a44a9aa1073ac | destinatario=ext_jcarrion@Falabella.cl | status=202
2026-01-28 13:40:45 - app - INFO - 3/5 - ext_jcarrion@Falabella.cl - status:202
2026-01-28 13:40:45 - app - INFO - Ejecutando get_array
2026-01-28 13:40:47 - app - INFO - Request enviado | request_id=45af3d2f427bbd5a3d4092155105e819a04f8de006e52909ab17b6b66558c8a1 | destinatario=ext_jcarrion@Falabella.cl | status=202
2026-01-28 13:40:47 - app - INFO - 4/5 - ext_jcarrion@Falabella.cl - status:202
2026-01-28 13:40:47 - app - INFO - Ejecutando get_array
2026-01-28 13:40:50 - app - INFO - Request enviado | request_id=07e08ac9be7c33ab601f1468355ff02b9b5b77630903f982971a4ef0a18b3995 | destinatario=ext_jcarrion@Falabella.cl | status=202
2026-01-28 13:40:50 - app - INFO - 5/5 - ext_jcarrion@Falabella.cl - status:202
2026-01-28 13:40:50 - app - INFO - Proceso de envío finalizado
2026-01-28 13:40:50 - app - INFO - Cargando datos en BigQuery | tabla=teams_validation_data | registros=5 | dropTable=False
2026-01-28 13:40:50 - app - INFO - Cargando datos a staging | tabla=stg_teams_validation_data | filas=5 | dropTable=False
2026-01-28 13:40:54 - app - INFO - Carga a staging completada exitosamente | tabla=sbox_jcarrion.stg_teams_validation_data
2026-01-28 13:40:54 - app - INFO - Iniciando MERGE | staging=stg_teams_validation_data | tabla_final=teams_validation_data
2026-01-28 13:40:58 - app - INFO - MERGE completado exitosamente | tabla_final=teams_validation_data
2026-01-28 13:40:58 - app - INFO - Carga BigQuery finalizada correctamente | tabla=teams_validation_data
2026-01-28 13:40:58 - app - INFO - Lote 136 persistido en BigQuery | registros=5
2026-01-28 13:40:59 - app - INFO - Procesando lote 137 | registros=5
2026-01-28 13:40:59 - app - INFO - Iniciando envío de 5 formularios
2026-01-28 13:40:59 - app - INFO - Ejecutando get_array
2026-01-28 13:41:01 - app - INFO - Request enviado | request_id=4394b159ff2018d07170c5b9461c7057f0c1992bbf20e13b48e5f57cfe5c0197 | destinatario=ext_jcarrion@Falabella.cl | status=202
2026-01-28 13:41:01 - app - INFO - 1/5 - ext_jcarrion@Falabella.cl - status:202
2026-01-28 13:41:01 - app - INFO - Ejecutando get_array
2026-01-28 13:41:04 - app - INFO - Request enviado | request_id=d98f6013799d0ec255d33d07011d6456385f0c3ed735c326fd222d989f9b3674 | destinatario=ext_jcarrion@Falabella.cl | status=202
2026-01-28 13:41:04 - app - INFO - 2/5 - ext_jcarrion@Falabella.cl - status:202
2026-01-28 13:41:04 - app - INFO - Ejecutando get_array
2026-01-28 13:41:06 - app - INFO - Request enviado | request_id=86d3aaf35b1ef58b1249e0e68f8daf88b3f8e318653d25293cc476c8f7af6f5c | destinatario=ext_jcarrion@Falabella.cl | status=202
2026-01-28 13:41:06 - app - INFO - 3/5 - ext_jcarrion@Falabella.cl - status:202
2026-01-28 13:41:06 - app - INFO - Ejecutando get_array
2026-01-28 13:41:09 - app - INFO - Request enviado | request_id=af78c23c2aa0dc5b7b0cdbdc9147fc64944bc1d7b4f01d7ff0aec5934d6e7af4 | destinatario=ext_jcarrion@Falabella.cl | status=202
2026-01-28 13:41:09 - app - INFO - 4/5 - ext_jcarrion@Falabella.cl - status:202
2026-01-28 13:41:09 - app - INFO - Ejecutando get_array
2026-01-28 13:41:12 - app - INFO - Request enviado | request_id=bda9bf0c089173ab64f2810a5b99274aae0143395dd2e98f2d4cd32a390c6bb3 | destinatario=ext_jcarrion@Falabella.cl | status=202
2026-01-28 13:41:12 - app - INFO - 5/5 - ext_jcarrion@Falabella.cl - status:202
2026-01-28 13:41:12 - app - INFO - Proceso de envío finalizado
2026-01-28 13:41:12 - app - INFO - Cargando datos en BigQuery | tabla=teams_validation_data | registros=5 | dropTable=False
2026-01-28 13:41:12 - app - INFO - Cargando datos a staging | tabla=stg_teams_validation_data | filas=5 | dropTable=False
2026-01-28 13:41:15 - app - INFO - Carga a staging completada exitosamente | tabla=sbox_jcarrion.stg_teams_validation_data
2026-01-28 13:41:15 - app - INFO - Iniciando MERGE | staging=stg_teams_validation_data | tabla_final=teams_validation_data
2026-01-28 13:41:20 - app - INFO - MERGE completado exitosamente | tabla_final=teams_validation_data
2026-01-28 13:41:20 - app - INFO - Carga BigQuery finalizada correctamente | tabla=teams_validation_data
2026-01-28 13:41:20 - app - INFO - Lote 137 persistido en BigQuery | registros=5
2026-01-28 13:41:21 - app - INFO - Procesando lote 138 | registros=5
2026-01-28 13:41:21 - app - INFO - Iniciando envío de 5 formularios
2026-01-28 13:41:21 - app - INFO - Ejecutando get_array
2026-01-28 13:41:23 - app - INFO - Request enviado | request_id=a67fa82807edb6b220dc2d8d5f88d4346161d79c2e9b84bf4624554ed8c1988f | destinatario=ext_jcarrion@Falabella.cl | status=202
2026-01-28 13:41:23 - app - INFO - 1/5 - ext_jcarrion@Falabella.cl - status:202
2026-01-28 13:41:23 - app - INFO - Ejecutando get_array
2026-01-28 13:41:26 - app - INFO - Request enviado | request_id=b4eb0cd0fd08f37a229bdad4cc80893ecd95f85ebf5bce929e6e0a8c4d95a349 | destinatario=ext_jcarrion@Falabella.cl | status=202
2026-01-28 13:41:26 - app - INFO - 2/5 - ext_jcarrion@Falabella.cl - status:202
2026-01-28 13:41:26 - app - INFO - Ejecutando get_array
2026-01-28 13:41:28 - app - INFO - Request enviado | request_id=aa49f0434eef74b6aaa76d79383838b26b33283d8f52037b6a40f44440a6334e | destinatario=ext_jcarrion@Falabella.cl | status=202
2026-01-28 13:41:28 - app - INFO - 3/5 - ext_jcarrion@Falabella.cl - status:202
2026-01-28 13:41:28 - app - INFO - Ejecutando get_array
2026-01-28 13:41:31 - app - INFO - Request enviado | request_id=b6e9582d16d02f7ba331dc536769b610f5ac8dd9b9030916cf09f064239dbdf5 | destinatario=ext_jcarrion@Falabella.cl | status=202
2026-01-28 13:41:31 - app - INFO - 4/5 - ext_jcarrion@Falabella.cl - status:202
2026-01-28 13:41:31 - app - INFO - Ejecutando get_array
2026-01-28 13:41:34 - app - INFO - Request enviado | request_id=a0977e965b7a9c450acac09558de9116aa831198c93254ef3d7d0b661b193485 | destinatario=ext_jcarrion@Falabella.cl | status=202
2026-01-28 13:41:34 - app - INFO - 5/5 - ext_jcarrion@Falabella.cl - status:202
2026-01-28 13:41:34 - app - INFO - Proceso de envío finalizado
2026-01-28 13:41:34 - app - INFO - Cargando datos en BigQuery | tabla=teams_validation_data | registros=5 | dropTable=False
2026-01-28 13:41:34 - app - INFO - Cargando datos a staging | tabla=stg_teams_validation_data | filas=5 | dropTable=False
2026-01-28 13:41:37 - app - INFO - Carga a staging completada exitosamente | tabla=sbox_jcarrion.stg_teams_validation_data
2026-01-28 13:41:37 - app - INFO - Iniciando MERGE | staging=stg_teams_validation_data | tabla_final=teams_validation_data
2026-01-28 13:41:44 - app - INFO - MERGE completado exitosamente | tabla_final=teams_validation_data
2026-01-28 13:41:44 - app - INFO - Carga BigQuery finalizada correctamente | tabla=teams_validation_data
2026-01-28 13:41:44 - app - INFO - Lote 138 persistido en BigQuery | registros=5
2026-01-28 13:41:45 - app - INFO - Procesando lote 139 | registros=5
2026-01-28 13:41:45 - app - INFO - Iniciando envío de 5 formularios
2026-01-28 13:41:45 - app - INFO - Ejecutando get_array
2026-01-28 13:41:47 - app - INFO - Request enviado | request_id=42391dc5d3819d1f627550e6134ec32a304b57a771d5afbd3d756c269a7c4593 | destinatario=ext_jcarrion@Falabella.cl | status=202
2026-01-28 13:41:47 - app - INFO - 1/5 - ext_jcarrion@Falabella.cl - status:202
2026-01-28 13:41:47 - app - INFO - Ejecutando get_array
2026-01-28 13:41:50 - app - INFO - Request enviado | request_id=e3d129b2ea84b6bdb02374ded839033bf525475c95d5bd700ee88676c5e68094 | destinatario=ext_jcarrion@Falabella.cl | status=202
2026-01-28 13:41:50 - app - INFO - 2/5 - ext_jcarrion@Falabella.cl - status:202
2026-01-28 13:41:50 - app - INFO - Ejecutando get_array
2026-01-28 13:41:52 - app - INFO - Request enviado | request_id=338fe9c60f89a9835ee616da15674a9191fcec4c3700bf962908430523e83c2e | destinatario=ext_jcarrion@Falabella.cl | status=202
2026-01-28 13:41:52 - app - INFO - 3/5 - ext_jcarrion@Falabella.cl - status:202
2026-01-28 13:41:52 - app - INFO - Ejecutando get_array
2026-01-28 13:41:55 - app - INFO - Request enviado | request_id=ab7eabfd6ca9a6f6800916a880fb6b5d03a382093d30b1a84d9ad10197d458df | destinatario=ext_jcarrion@Falabella.cl | status=202
2026-01-28 13:41:55 - app - INFO - 4/5 - ext_jcarrion@Falabella.cl - status:202
2026-01-28 13:41:55 - app - INFO - Ejecutando get_array
2026-01-28 13:41:57 - app - INFO - Request enviado | request_id=3dd567221067efc301be333e07e133d781b8a4cca8dd644dafed78a65fdeb54d | destinatario=ext_jcarrion@Falabella.cl | status=202
2026-01-28 13:41:57 - app - INFO - 5/5 - ext_jcarrion@Falabella.cl - status:202
2026-01-28 13:41:57 - app - INFO - Proceso de envío finalizado
2026-01-28 13:41:57 - app - INFO - Cargando datos en BigQuery | tabla=teams_validation_data | registros=5 | dropTable=False
2026-01-28 13:41:57 - app - INFO - Cargando datos a staging | tabla=stg_teams_validation_data | filas=5 | dropTable=False
2026-01-28 13:42:02 - app - INFO - Carga a staging completada exitosamente | tabla=sbox_jcarrion.stg_teams_validation_data
2026-01-28 13:42:02 - app - INFO - Iniciando MERGE | staging=stg_teams_validation_data | tabla_final=teams_validation_data
2026-01-28 13:42:05 - app - INFO - MERGE completado exitosamente | tabla_final=teams_validation_data
2026-01-28 13:42:05 - app - INFO - Carga BigQuery finalizada correctamente | tabla=teams_validation_data
2026-01-28 13:42:05 - app - INFO - Lote 139 persistido en BigQuery | registros=5
2026-01-28 13:42:06 - app - INFO - Procesando lote 140 | registros=5
2026-01-28 13:42:06 - app - INFO - Iniciando envío de 5 formularios
2026-01-28 13:42:06 - app - INFO - Ejecutando get_array
2026-01-28 13:42:08 - app - INFO - Request enviado | request_id=1424766f5c55f834f3d23c9dedbb7de8b46983ec6ce1dbf6aa994d137b9d7109 | destinatario=ext_jcarrion@Falabella.cl | status=202
2026-01-28 13:42:08 - app - INFO - 1/5 - ext_jcarrion@Falabella.cl - status:202
2026-01-28 13:42:08 - app - INFO - Ejecutando get_array
2026-01-28 13:42:11 - app - INFO - Request enviado | request_id=108e2c635e01b321b4e88f42d6d9b087c44b855793cd3094e3336051ee15047d | destinatario=ext_jcarrion@Falabella.cl | status=202
2026-01-28 13:42:11 - app - INFO - 2/5 - ext_jcarrion@Falabella.cl - status:202
2026-01-28 13:42:11 - app - INFO - Ejecutando get_array
2026-01-28 13:42:13 - app - INFO - Request enviado | request_id=71e2deb499d9271646f43b22ca380d67256baceea2f55f37694e3322503c2d75 | destinatario=ext_jcarrion@Falabella.cl | status=202
2026-01-28 13:42:13 - app - INFO - 3/5 - ext_jcarrion@Falabella.cl - status:202
2026-01-28 13:42:13 - app - INFO - Ejecutando get_array
2026-01-28 13:42:16 - app - INFO - Request enviado | request_id=b94f90f3ab3c16d43dc4e636eba686358aa1070dbba849a3a7cf618c55edb8d3 | destinatario=ext_jcarrion@Falabella.cl | status=202
2026-01-28 13:42:16 - app - INFO - 4/5 - ext_jcarrion@Falabella.cl - status:202
2026-01-28 13:42:16 - app - INFO - Ejecutando get_array
2026-01-28 13:42:18 - app - INFO - Request enviado | request_id=c7c331d2465576648a583c32f2ad1fb92ed6f296dc3f2127999a659f8aa1d60d | destinatario=ext_jcarrion@Falabella.cl | status=202
2026-01-28 13:42:18 - app - INFO - 5/5 - ext_jcarrion@Falabella.cl - status:202
2026-01-28 13:42:18 - app - INFO - Proceso de envío finalizado
2026-01-28 13:42:18 - app - INFO - Cargando datos en BigQuery | tabla=teams_validation_data | registros=5 | dropTable=False
2026-01-28 13:42:18 - app - INFO - Cargando datos a staging | tabla=stg_teams_validation_data | filas=5 | dropTable=False
2026-01-28 13:42:22 - app - INFO - Carga a staging completada exitosamente | tabla=sbox_jcarrion.stg_teams_validation_data
2026-01-28 13:42:22 - app - INFO - Iniciando MERGE | staging=stg_teams_validation_data | tabla_final=teams_validation_data
2026-01-28 13:42:26 - app - INFO - MERGE completado exitosamente | tabla_final=teams_validation_data
2026-01-28 13:42:26 - app - INFO - Carga BigQuery finalizada correctamente | tabla=teams_validation_data
2026-01-28 13:42:26 - app - INFO - Lote 140 persistido en BigQuery | registros=5
2026-01-28 13:42:27 - app - INFO - Procesando lote 141 | registros=5
2026-01-28 13:42:27 - app - INFO - Iniciando envío de 5 formularios
2026-01-28 13:42:27 - app - INFO - Ejecutando get_array
2026-01-28 13:42:29 - app - INFO - Request enviado | request_id=65d751108860141884b420757355064cf5d9e8505b0ed0c50eb0d56c4319f51a | destinatario=ext_jcarrion@Falabella.cl | status=202
2026-01-28 13:42:29 - app - INFO - 1/5 - ext_jcarrion@Falabella.cl - status:202
2026-01-28 13:42:29 - app - INFO - Ejecutando get_array
2026-01-28 13:42:32 - app - INFO - Request enviado | request_id=240afe0b237762550bb430303799e6af860fc4651013d0c2167aaf7e41e0bb28 | destinatario=ext_jcarrion@Falabella.cl | status=202
2026-01-28 13:42:32 - app - INFO - 2/5 - ext_jcarrion@Falabella.cl - status:202
2026-01-28 13:42:32 - app - INFO - Ejecutando get_array
2026-01-28 13:42:34 - app - INFO - Request enviado | request_id=be142495bf3474dc8ff75c7f758dd40f911478a2f89d3cb533286f7e49d9046d | destinatario=ext_jcarrion@Falabella.cl | status=202
2026-01-28 13:42:34 - app - INFO - 3/5 - ext_jcarrion@Falabella.cl - status:202
2026-01-28 13:42:34 - app - INFO - Ejecutando get_array
2026-01-28 13:42:37 - app - INFO - Request enviado | request_id=fdab149daff6dddbbe87bc53c7e7ec17b9fa35bcd52cd1c0ead71eefd082d899 | destinatario=ext_jcarrion@Falabella.cl | status=202
2026-01-28 13:42:37 - app - INFO - 4/5 - ext_jcarrion@Falabella.cl - status:202
2026-01-28 13:42:37 - app - INFO - Ejecutando get_array
2026-01-28 13:42:40 - app - INFO - Request enviado | request_id=da8f6362810b64f0e28fef52351f18ea85d596457eea6084ac243e0eda5b4df1 | destinatario=ext_jcarrion@Falabella.cl | status=202
2026-01-28 13:42:40 - app - INFO - 5/5 - ext_jcarrion@Falabella.cl - status:202
2026-01-28 13:42:40 - app - INFO - Proceso de envío finalizado
2026-01-28 13:42:40 - app - INFO - Cargando datos en BigQuery | tabla=teams_validation_data | registros=5 | dropTable=False
2026-01-28 13:42:40 - app - INFO - Cargando datos a staging | tabla=stg_teams_validation_data | filas=5 | dropTable=False
2026-01-28 13:42:44 - app - INFO - Carga a staging completada exitosamente | tabla=sbox_jcarrion.stg_teams_validation_data
2026-01-28 13:42:44 - app - INFO - Iniciando MERGE | staging=stg_teams_validation_data | tabla_final=teams_validation_data
2026-01-28 13:42:47 - app - INFO - MERGE completado exitosamente | tabla_final=teams_validation_data
2026-01-28 13:42:47 - app - INFO - Carga BigQuery finalizada correctamente | tabla=teams_validation_data
2026-01-28 13:42:47 - app - INFO - Lote 141 persistido en BigQuery | registros=5
2026-01-28 13:42:48 - app - INFO - Procesando lote 142 | registros=5
2026-01-28 13:42:48 - app - INFO - Iniciando envío de 5 formularios
2026-01-28 13:42:48 - app - INFO - Ejecutando get_array
2026-01-28 13:42:51 - app - INFO - Request enviado | request_id=29cf8a281be29dc40fa9b27ff2d93512f22ff9987cf8abef8811a8e04e761052 | destinatario=ext_jcarrion@Falabella.cl | status=202
2026-01-28 13:42:51 - app - INFO - 1/5 - ext_jcarrion@Falabella.cl - status:202
2026-01-28 13:42:51 - app - INFO - Ejecutando get_array
2026-01-28 13:42:53 - app - INFO - Request enviado | request_id=032fd96d6b279b98cb7b8529b024bff991cbdfb17933c7d5069a94a07e58c501 | destinatario=ext_jcarrion@Falabella.cl | status=202
2026-01-28 13:42:53 - app - INFO - 2/5 - ext_jcarrion@Falabella.cl - status:202
2026-01-28 13:42:53 - app - INFO - Ejecutando get_array
2026-01-28 13:42:56 - app - INFO - Request enviado | request_id=74b25806e3c9a08942ffcd7254100a0398d9e20d5db8f91d3b55ad08f97823a3 | destinatario=ext_jcarrion@Falabella.cl | status=202
2026-01-28 13:42:56 - app - INFO - 3/5 - ext_jcarrion@Falabella.cl - status:202
2026-01-28 13:42:56 - app - INFO - Ejecutando get_array
2026-01-28 13:42:58 - app - INFO - Request enviado | request_id=432e81ccdbd68fcb5aef3bdc90a042cb03c1271d44478132f2af1a8d99033141 | destinatario=ext_jcarrion@Falabella.cl | status=202
2026-01-28 13:42:58 - app - INFO - 4/5 - ext_jcarrion@Falabella.cl - status:202
2026-01-28 13:42:58 - app - INFO - Ejecutando get_array
2026-01-28 13:43:01 - app - INFO - Request enviado | request_id=632aa7115844cd32e1336895a4361b577ef2a299fd5f0d1113d4943b826c1a92 | destinatario=ext_jcarrion@Falabella.cl | status=202
2026-01-28 13:43:01 - app - INFO - 5/5 - ext_jcarrion@Falabella.cl - status:202
2026-01-28 13:43:01 - app - INFO - Proceso de envío finalizado
2026-01-28 13:43:01 - app - INFO - Cargando datos en BigQuery | tabla=teams_validation_data | registros=5 | dropTable=False
2026-01-28 13:43:01 - app - INFO - Cargando datos a staging | tabla=stg_teams_validation_data | filas=5 | dropTable=False
2026-01-28 13:43:05 - app - INFO - Carga a staging completada exitosamente | tabla=sbox_jcarrion.stg_teams_validation_data
2026-01-28 13:43:05 - app - INFO - Iniciando MERGE | staging=stg_teams_validation_data | tabla_final=teams_validation_data
2026-01-28 13:43:08 - app - INFO - MERGE completado exitosamente | tabla_final=teams_validation_data
2026-01-28 13:43:08 - app - INFO - Carga BigQuery finalizada correctamente | tabla=teams_validation_data
2026-01-28 13:43:08 - app - INFO - Lote 142 persistido en BigQuery | registros=5
2026-01-28 13:43:09 - app - INFO - Procesando lote 143 | registros=5
2026-01-28 13:43:09 - app - INFO - Iniciando envío de 5 formularios
2026-01-28 13:43:09 - app - INFO - Ejecutando get_array
2026-01-28 13:43:12 - app - INFO - Request enviado | request_id=674b998ddfec350a8dc1ba558ce5b53957ad74d4a714ef2192b6668f79785a27 | destinatario=ext_jcarrion@Falabella.cl | status=202
2026-01-28 13:43:12 - app - INFO - 1/5 - ext_jcarrion@Falabella.cl - status:202
2026-01-28 13:43:12 - app - INFO - Ejecutando get_array
2026-01-28 13:43:14 - app - INFO - Request enviado | request_id=07473a50a8f7615b1b980e8721f6830c38207c6690329a655a89c089ae1384fa | destinatario=ext_jcarrion@Falabella.cl | status=202
2026-01-28 13:43:14 - app - INFO - 2/5 - ext_jcarrion@Falabella.cl - status:202
2026-01-28 13:43:14 - app - INFO - Ejecutando get_array
2026-01-28 13:43:17 - app - INFO - Request enviado | request_id=148cf5cd78409ef9dcb80cf65ae268bb690cd44f0449027e9c22f97d7a8f7a08 | destinatario=ext_jcarrion@Falabella.cl | status=202
2026-01-28 13:43:17 - app - INFO - 3/5 - ext_jcarrion@Falabella.cl - status:202
2026-01-28 13:43:17 - app - INFO - Ejecutando get_array
2026-01-28 13:43:19 - app - INFO - Request enviado | request_id=7cda639a694e49229ab186206b10f382abdca38bbe648512e6268dc08dcb4a9d | destinatario=ext_jcarrion@Falabella.cl | status=202
2026-01-28 13:43:19 - app - INFO - 4/5 - ext_jcarrion@Falabella.cl - status:202
2026-01-28 13:43:19 - app - INFO - Ejecutando get_array
2026-01-28 13:43:22 - app - INFO - Request enviado | request_id=4451a731ddbbb9fc3dbe414b4b1d8f0c1b9fee7a6344b2a36cca25ffccdd2916 | destinatario=ext_jcarrion@Falabella.cl | status=202
2026-01-28 13:43:22 - app - INFO - 5/5 - ext_jcarrion@Falabella.cl - status:202
2026-01-28 13:43:22 - app - INFO - Proceso de envío finalizado
2026-01-28 13:43:22 - app - INFO - Cargando datos en BigQuery | tabla=teams_validation_data | registros=5 | dropTable=False
2026-01-28 13:43:22 - app - INFO - Cargando datos a staging | tabla=stg_teams_validation_data | filas=5 | dropTable=False
2026-01-28 13:43:27 - app - INFO - Carga a staging completada exitosamente | tabla=sbox_jcarrion.stg_teams_validation_data
2026-01-28 13:43:27 - app - INFO - Iniciando MERGE | staging=stg_teams_validation_data | tabla_final=teams_validation_data
2026-01-28 13:43:30 - app - INFO - MERGE completado exitosamente | tabla_final=teams_validation_data
2026-01-28 13:43:30 - app - INFO - Carga BigQuery finalizada correctamente | tabla=teams_validation_data
2026-01-28 13:43:30 - app - INFO - Lote 143 persistido en BigQuery | registros=5
2026-01-28 13:43:31 - app - INFO - Procesando lote 144 | registros=5
2026-01-28 13:43:31 - app - INFO - Iniciando envío de 5 formularios
2026-01-28 13:43:31 - app - INFO - Ejecutando get_array
2026-01-28 13:43:34 - app - INFO - Request enviado | request_id=50a439b06fb73b497189992253fa33ce1f38c3b27ed076ccee6b5bde9c7ab410 | destinatario=ext_jcarrion@Falabella.cl | status=202
2026-01-28 13:43:34 - app - INFO - 1/5 - ext_jcarrion@Falabella.cl - status:202
2026-01-28 13:43:34 - app - INFO - Ejecutando get_array
2026-01-28 13:43:36 - app - INFO - Request enviado | request_id=a566ec6bb951b300dd8a18d120fd9274a1b04cfc1255814d1dc02d2980ec2a86 | destinatario=ext_jcarrion@Falabella.cl | status=202
2026-01-28 13:43:36 - app - INFO - 2/5 - ext_jcarrion@Falabella.cl - status:202
2026-01-28 13:43:36 - app - INFO - Ejecutando get_array
2026-01-28 13:43:39 - app - INFO - Request enviado | request_id=5a45775baa61413ea2f3a0e8148bd97c33c496c8cfbddb3fb9bdc465a4a437cf | destinatario=ext_jcarrion@Falabella.cl | status=202
2026-01-28 13:43:39 - app - INFO - 3/5 - ext_jcarrion@Falabella.cl - status:202
2026-01-28 13:43:39 - app - INFO - Ejecutando get_array
2026-01-28 13:43:41 - app - INFO - Request enviado | request_id=9925c0abbf29b8d90f296d073794d9cadb17099dcd619f147877d0174d55c18f | destinatario=ext_jcarrion@Falabella.cl | status=202
2026-01-28 13:43:41 - app - INFO - 4/5 - ext_jcarrion@Falabella.cl - status:202
2026-01-28 13:43:41 - app - INFO - Ejecutando get_array
2026-01-28 13:43:44 - app - INFO - Request enviado | request_id=4e8367df3f0c4a25b615669d295627e41f3470193608924ab3240648f8bde685 | destinatario=ext_jcarrion@Falabella.cl | status=202
2026-01-28 13:43:44 - app - INFO - 5/5 - ext_jcarrion@Falabella.cl - status:202
2026-01-28 13:43:44 - app - INFO - Proceso de envío finalizado
2026-01-28 13:43:44 - app - INFO - Cargando datos en BigQuery | tabla=teams_validation_data | registros=5 | dropTable=False
2026-01-28 13:43:44 - app - INFO - Cargando datos a staging | tabla=stg_teams_validation_data | filas=5 | dropTable=False
2026-01-28 13:43:48 - app - INFO - Carga a staging completada exitosamente | tabla=sbox_jcarrion.stg_teams_validation_data
2026-01-28 13:43:48 - app - INFO - Iniciando MERGE | staging=stg_teams_validation_data | tabla_final=teams_validation_data
2026-01-28 13:43:52 - app - INFO - MERGE completado exitosamente | tabla_final=teams_validation_data
2026-01-28 13:43:52 - app - INFO - Carga BigQuery finalizada correctamente | tabla=teams_validation_data
2026-01-28 13:43:52 - app - INFO - Lote 144 persistido en BigQuery | registros=5
2026-01-28 13:43:53 - app - INFO - Procesando lote 145 | registros=5
2026-01-28 13:43:53 - app - INFO - Iniciando envío de 5 formularios
2026-01-28 13:43:53 - app - INFO - Ejecutando get_array
2026-01-28 13:43:55 - app - INFO - Request enviado | request_id=8bc5c3d613302800fdc7283679ba5ee388cd8208702ca97c5e4d7bb3d160eb35 | destinatario=ext_jcarrion@Falabella.cl | status=202
2026-01-28 13:43:55 - app - INFO - 1/5 - ext_jcarrion@Falabella.cl - status:202
2026-01-28 13:43:55 - app - INFO - Ejecutando get_array
2026-01-28 13:43:58 - app - INFO - Request enviado | request_id=c652b0b577019ad2af1f528c8cd1e2bc34790c868ff6c0d234537ddf3dd0523a | destinatario=ext_jcarrion@Falabella.cl | status=202
2026-01-28 13:43:58 - app - INFO - 2/5 - ext_jcarrion@Falabella.cl - status:202
2026-01-28 13:43:58 - app - INFO - Ejecutando get_array
2026-01-28 13:44:00 - app - INFO - Request enviado | request_id=937df21602fca84d856a98bdb5fcd266a978c1a5518c2c758427e375b70a4a1e | destinatario=ext_jcarrion@Falabella.cl | status=202
2026-01-28 13:44:00 - app - INFO - 3/5 - ext_jcarrion@Falabella.cl - status:202
2026-01-28 13:44:00 - app - INFO - Ejecutando get_array
2026-01-28 13:44:03 - app - INFO - Request enviado | request_id=3d6619444b7ea2fa4ab41d2d6da3f91a23fe79a27c68f78afb1bd0ac1e316354 | destinatario=ext_jcarrion@Falabella.cl | status=202
2026-01-28 13:44:03 - app - INFO - 4/5 - ext_jcarrion@Falabella.cl - status:202
2026-01-28 13:44:03 - app - INFO - Ejecutando get_array
2026-01-28 13:44:06 - app - INFO - Request enviado | request_id=1d98d191fa3de961c65326868983009c31a37c7419c34c7294e598c4f94f6a13 | destinatario=ext_jcarrion@Falabella.cl | status=202
2026-01-28 13:44:06 - app - INFO - 5/5 - ext_jcarrion@Falabella.cl - status:202
2026-01-28 13:44:06 - app - INFO - Proceso de envío finalizado
2026-01-28 13:44:06 - app - INFO - Cargando datos en BigQuery | tabla=teams_validation_data | registros=5 | dropTable=False
2026-01-28 13:44:06 - app - INFO - Cargando datos a staging | tabla=stg_teams_validation_data | filas=5 | dropTable=False
2026-01-28 13:44:09 - app - INFO - Carga a staging completada exitosamente | tabla=sbox_jcarrion.stg_teams_validation_data
2026-01-28 13:44:09 - app - INFO - Iniciando MERGE | staging=stg_teams_validation_data | tabla_final=teams_validation_data
2026-01-28 13:44:12 - app - INFO - MERGE completado exitosamente | tabla_final=teams_validation_data
2026-01-28 13:44:12 - app - INFO - Carga BigQuery finalizada correctamente | tabla=teams_validation_data
2026-01-28 13:44:12 - app - INFO - Lote 145 persistido en BigQuery | registros=5
2026-01-28 13:44:13 - app - INFO - Procesando lote 146 | registros=5
2026-01-28 13:44:13 - app - INFO - Iniciando envío de 5 formularios
2026-01-28 13:44:13 - app - INFO - Ejecutando get_array
2026-01-28 13:44:16 - app - INFO - Request enviado | request_id=ee2db6c667475d80ba594629f1c3e8cbd2041b5db8e182cd487511c8e854c1d5 | destinatario=ext_jcarrion@Falabella.cl | status=202
2026-01-28 13:44:16 - app - INFO - 1/5 - ext_jcarrion@Falabella.cl - status:202
2026-01-28 13:44:16 - app - INFO - Ejecutando get_array
2026-01-28 13:44:18 - app - INFO - Request enviado | request_id=6bb97b531c0e75d1e8c7d178f61bdc159034f2e7883447c191f094c7521170d8 | destinatario=ext_jcarrion@Falabella.cl | status=202
2026-01-28 13:44:18 - app - INFO - 2/5 - ext_jcarrion@Falabella.cl - status:202
2026-01-28 13:44:18 - app - INFO - Ejecutando get_array
2026-01-28 13:44:21 - app - INFO - Request enviado | request_id=26c27def99a28c25af83602550fac8c930d82160478852d95535b0e5e89cfdbb | destinatario=ext_jcarrion@Falabella.cl | status=202
2026-01-28 13:44:21 - app - INFO - 3/5 - ext_jcarrion@Falabella.cl - status:202
2026-01-28 13:44:21 - app - INFO - Ejecutando get_array
2026-01-28 13:44:23 - app - INFO - Request enviado | request_id=5287eece73e4de04cbbfb36c322c87f2f62814630915acc166a185befe74c1d6 | destinatario=ext_jcarrion@Falabella.cl | status=202
2026-01-28 13:44:23 - app - INFO - 4/5 - ext_jcarrion@Falabella.cl - status:202
2026-01-28 13:44:23 - app - INFO - Ejecutando get_array
2026-01-28 13:44:26 - app - INFO - Request enviado | request_id=165145adfde3252c942278dc10822ae545ddb8a8a3e592de400e0d79025cbb6d | destinatario=ext_jcarrion@Falabella.cl | status=202
2026-01-28 13:44:26 - app - INFO - 5/5 - ext_jcarrion@Falabella.cl - status:202
2026-01-28 13:44:26 - app - INFO - Proceso de envío finalizado
2026-01-28 13:44:26 - app - INFO - Cargando datos en BigQuery | tabla=teams_validation_data | registros=5 | dropTable=False
2026-01-28 13:44:26 - app - INFO - Cargando datos a staging | tabla=stg_teams_validation_data | filas=5 | dropTable=False
2026-01-28 13:44:31 - app - INFO - Carga a staging completada exitosamente | tabla=sbox_jcarrion.stg_teams_validation_data
2026-01-28 13:44:31 - app - INFO - Iniciando MERGE | staging=stg_teams_validation_data | tabla_final=teams_validation_data
2026-01-28 13:44:34 - app - INFO - MERGE completado exitosamente | tabla_final=teams_validation_data
2026-01-28 13:44:34 - app - INFO - Carga BigQuery finalizada correctamente | tabla=teams_validation_data
2026-01-28 13:44:34 - app - INFO - Lote 146 persistido en BigQuery | registros=5
2026-01-28 13:44:35 - app - INFO - Procesando lote 147 | registros=5
2026-01-28 13:44:35 - app - INFO - Iniciando envío de 5 formularios
2026-01-28 13:44:35 - app - INFO - Ejecutando get_array
2026-01-28 13:44:37 - app - INFO - Request enviado | request_id=54245890138841af3de65a3a86b6e6f03b38f3279b180e46a7e29ea46a4c0e0f | destinatario=ext_jcarrion@Falabella.cl | status=202
2026-01-28 13:44:37 - app - INFO - 1/5 - ext_jcarrion@Falabella.cl - status:202
2026-01-28 13:44:37 - app - INFO - Ejecutando get_array
2026-01-28 13:44:40 - app - INFO - Request enviado | request_id=764e2bd83d4be5008a9e3343926cfd90f222b632503027369ab4fb41292e37fe | destinatario=ext_jcarrion@Falabella.cl | status=202
2026-01-28 13:44:40 - app - INFO - 2/5 - ext_jcarrion@Falabella.cl - status:202
2026-01-28 13:44:40 - app - INFO - Ejecutando get_array
2026-01-28 13:44:42 - app - INFO - Request enviado | request_id=6846db66ebb710bae5c2b3a2e38f40fad74dfc107f6fbb06ffeb6816e7914cab | destinatario=ext_jcarrion@Falabella.cl | status=202
2026-01-28 13:44:42 - app - INFO - 3/5 - ext_jcarrion@Falabella.cl - status:202
2026-01-28 13:44:42 - app - INFO - Ejecutando get_array
2026-01-28 13:44:45 - app - INFO - Request enviado | request_id=dde48cf947d59ec3ea2176c0c9ec5c3d2156c5bf3bfaca0ff0d86a63b9acf8c9 | destinatario=ext_jcarrion@Falabella.cl | status=202
2026-01-28 13:44:45 - app - INFO - 4/5 - ext_jcarrion@Falabella.cl - status:202
2026-01-28 13:44:45 - app - INFO - Ejecutando get_array
2026-01-28 13:44:47 - app - INFO - Request enviado | request_id=2a70b382a762fc381e0231fd071516df72076988c7a66c7ba1c66d855086c944 | destinatario=ext_jcarrion@Falabella.cl | status=202
2026-01-28 13:44:47 - app - INFO - 5/5 - ext_jcarrion@Falabella.cl - status:202
2026-01-28 13:44:47 - app - INFO - Proceso de envío finalizado
2026-01-28 13:44:47 - app - INFO - Cargando datos en BigQuery | tabla=teams_validation_data | registros=5 | dropTable=False
2026-01-28 13:44:47 - app - INFO - Cargando datos a staging | tabla=stg_teams_validation_data | filas=5 | dropTable=False
2026-01-28 13:44:52 - app - INFO - Carga a staging completada exitosamente | tabla=sbox_jcarrion.stg_teams_validation_data
2026-01-28 13:44:52 - app - INFO - Iniciando MERGE | staging=stg_teams_validation_data | tabla_final=teams_validation_data
2026-01-28 13:44:55 - app - INFO - MERGE completado exitosamente | tabla_final=teams_validation_data
2026-01-28 13:44:55 - app - INFO - Carga BigQuery finalizada correctamente | tabla=teams_validation_data
2026-01-28 13:44:55 - app - INFO - Lote 147 persistido en BigQuery | registros=5
2026-01-28 13:44:56 - app - INFO - Procesando lote 148 | registros=5
2026-01-28 13:44:56 - app - INFO - Iniciando envío de 5 formularios
2026-01-28 13:44:56 - app - INFO - Ejecutando get_array
2026-01-28 13:44:58 - app - INFO - Request enviado | request_id=cd25eac2f457eb9a997edd3c9cd6f18cb4f69434326696a8f4cd01622cf081f6 | destinatario=ext_jcarrion@Falabella.cl | status=202
2026-01-28 13:44:58 - app - INFO - 1/5 - ext_jcarrion@Falabella.cl - status:202
2026-01-28 13:44:58 - app - INFO - Ejecutando get_array
2026-01-28 13:45:01 - app - INFO - Request enviado | request_id=8ab3b03fbea4a8bf820c8e8a16da4358623fc038297036ccb4f19d832f04d0e3 | destinatario=ext_jcarrion@Falabella.cl | status=202
2026-01-28 13:45:01 - app - INFO - 2/5 - ext_jcarrion@Falabella.cl - status:202
2026-01-28 13:45:01 - app - INFO - Ejecutando get_array
2026-01-28 13:45:03 - app - INFO - Request enviado | request_id=3efec4dcdcba0faa474f21853497d48e598b8afb4f6c3926a5f387d6cd771329 | destinatario=ext_jcarrion@Falabella.cl | status=202
2026-01-28 13:45:03 - app - INFO - 3/5 - ext_jcarrion@Falabella.cl - status:202
2026-01-28 13:45:03 - app - INFO - Ejecutando get_array
2026-01-28 13:45:06 - app - INFO - Request enviado | request_id=77d54e8cb01319764df2fb08ad318f1a2bf92bde99cf9aa33f7a10b639489f92 | destinatario=ext_jcarrion@Falabella.cl | status=202
2026-01-28 13:45:06 - app - INFO - 4/5 - ext_jcarrion@Falabella.cl - status:202
2026-01-28 13:45:06 - app - INFO - Ejecutando get_array
2026-01-28 13:45:08 - app - INFO - Request enviado | request_id=1d0d5825a96f3a8539f581e930fff5356f519e88554435f25787571f351009fd | destinatario=ext_jcarrion@Falabella.cl | status=202
2026-01-28 13:45:08 - app - INFO - 5/5 - ext_jcarrion@Falabella.cl - status:202
2026-01-28 13:45:08 - app - INFO - Proceso de envío finalizado
2026-01-28 13:45:08 - app - INFO - Cargando datos en BigQuery | tabla=teams_validation_data | registros=5 | dropTable=False
2026-01-28 13:45:08 - app - INFO - Cargando datos a staging | tabla=stg_teams_validation_data | filas=5 | dropTable=False
2026-01-28 13:45:13 - app - INFO - Carga a staging completada exitosamente | tabla=sbox_jcarrion.stg_teams_validation_data
2026-01-28 13:45:13 - app - INFO - Iniciando MERGE | staging=stg_teams_validation_data | tabla_final=teams_validation_data
2026-01-28 13:45:16 - app - INFO - MERGE completado exitosamente | tabla_final=teams_validation_data
2026-01-28 13:45:16 - app - INFO - Carga BigQuery finalizada correctamente | tabla=teams_validation_data
2026-01-28 13:45:16 - app - INFO - Lote 148 persistido en BigQuery | registros=5
2026-01-28 13:45:17 - app - INFO - Procesando lote 149 | registros=5
2026-01-28 13:45:17 - app - INFO - Iniciando envío de 5 formularios
2026-01-28 13:45:17 - app - INFO - Ejecutando get_array
2026-01-28 13:45:20 - app - INFO - Request enviado | request_id=891469781b5702f0f284a8f3f718bf6d8bd5b4df583515ede8b318e3bd0b9a56 | destinatario=ext_jcarrion@Falabella.cl | status=202
2026-01-28 13:45:20 - app - INFO - 1/5 - ext_jcarrion@Falabella.cl - status:202
2026-01-28 13:45:20 - app - INFO - Ejecutando get_array
2026-01-28 13:45:22 - app - INFO - Request enviado | request_id=4861baecca5ef3206240088b1008ffcf0cbd1e31ecc571190d3b86d4dfcffeda | destinatario=ext_jcarrion@Falabella.cl | status=202
2026-01-28 13:45:22 - app - INFO - 2/5 - ext_jcarrion@Falabella.cl - status:202
2026-01-28 13:45:22 - app - INFO - Ejecutando get_array
2026-01-28 13:45:25 - app - INFO - Request enviado | request_id=f253961a71104e2d9dfc0fbccf3dd5095e9b3a6bc59d27ccb89f9eea05282c13 | destinatario=ext_jcarrion@Falabella.cl | status=202
2026-01-28 13:45:25 - app - INFO - 3/5 - ext_jcarrion@Falabella.cl - status:202
2026-01-28 13:45:25 - app - INFO - Ejecutando get_array
2026-01-28 13:45:27 - app - INFO - Request enviado | request_id=98936331dc50ef220f24b1a005b2e748b1fd3a3ea02d989fe71b55e37f1699c0 | destinatario=ext_jcarrion@Falabella.cl | status=202
2026-01-28 13:45:27 - app - INFO - 4/5 - ext_jcarrion@Falabella.cl - status:202
2026-01-28 13:45:27 - app - INFO - Ejecutando get_array
2026-01-28 13:45:30 - app - INFO - Request enviado | request_id=28a41a7a0610af9eb0c045981e263a3c246531552c5a5de2fcf4c5c910b87448 | destinatario=ext_jcarrion@Falabella.cl | status=202
2026-01-28 13:45:30 - app - INFO - 5/5 - ext_jcarrion@Falabella.cl - status:202
2026-01-28 13:45:30 - app - INFO - Proceso de envío finalizado
2026-01-28 13:45:30 - app - INFO - Cargando datos en BigQuery | tabla=teams_validation_data | registros=5 | dropTable=False
2026-01-28 13:45:30 - app - INFO - Cargando datos a staging | tabla=stg_teams_validation_data | filas=5 | dropTable=False
2026-01-28 13:45:35 - app - INFO - Carga a staging completada exitosamente | tabla=sbox_jcarrion.stg_teams_validation_data
2026-01-28 13:45:35 - app - INFO - Iniciando MERGE | staging=stg_teams_validation_data | tabla_final=teams_validation_data
2026-01-28 13:45:38 - app - INFO - MERGE completado exitosamente | tabla_final=teams_validation_data
2026-01-28 13:45:38 - app - INFO - Carga BigQuery finalizada correctamente | tabla=teams_validation_data
2026-01-28 13:45:38 - app - INFO - Lote 149 persistido en BigQuery | registros=5
2026-01-28 13:45:39 - app - INFO - Procesando lote 150 | registros=5
2026-01-28 13:45:39 - app - INFO - Iniciando envío de 5 formularios
2026-01-28 13:45:39 - app - INFO - Ejecutando get_array
2026-01-28 13:45:42 - app - INFO - Request enviado | request_id=0f9f3ffcbbc1296a837a482fc46245b9ad9c33b3f5792fbc695ac646a1ff00bd | destinatario=ext_jcarrion@Falabella.cl | status=202
2026-01-28 13:45:42 - app - INFO - 1/5 - ext_jcarrion@Falabella.cl - status:202
2026-01-28 13:45:42 - app - INFO - Ejecutando get_array
2026-01-28 13:45:44 - app - INFO - Request enviado | request_id=350a19d0c3d0b369c511a84af8b3c69d2c118776489946c2785615abc13e467e | destinatario=ext_jcarrion@Falabella.cl | status=202
2026-01-28 13:45:44 - app - INFO - 2/5 - ext_jcarrion@Falabella.cl - status:202
2026-01-28 13:45:44 - app - INFO - Ejecutando get_array
2026-01-28 13:45:46 - app - INFO - Request enviado | request_id=b5bcdf91de4312aa460f44ac676d58310eeafcb11b4d585e88a49c6416c021b9 | destinatario=ext_jcarrion@Falabella.cl | status=202
2026-01-28 13:45:46 - app - INFO - 3/5 - ext_jcarrion@Falabella.cl - status:202
2026-01-28 13:45:46 - app - INFO - Ejecutando get_array
2026-01-28 13:45:49 - app - INFO - Request enviado | request_id=2478d68f3ed027167e491278566542c245be09af1003f87115e84ff9a42e74a6 | destinatario=ext_jcarrion@Falabella.cl | status=202
2026-01-28 13:45:49 - app - INFO - 4/5 - ext_jcarrion@Falabella.cl - status:202
2026-01-28 13:45:49 - app - INFO - Ejecutando get_array
2026-01-28 13:45:52 - app - INFO - Request enviado | request_id=6375570d0e86d36985329ec243bbde765cfd28a3f02ac9301def27529c850940 | destinatario=ext_jcarrion@Falabella.cl | status=202
2026-01-28 13:45:52 - app - INFO - 5/5 - ext_jcarrion@Falabella.cl - status:202
2026-01-28 13:45:52 - app - INFO - Proceso de envío finalizado
2026-01-28 13:45:52 - app - INFO - Cargando datos en BigQuery | tabla=teams_validation_data | registros=5 | dropTable=False
2026-01-28 13:45:52 - app - INFO - Cargando datos a staging | tabla=stg_teams_validation_data | filas=5 | dropTable=False
2026-01-28 13:45:56 - app - INFO - Carga a staging completada exitosamente | tabla=sbox_jcarrion.stg_teams_validation_data
2026-01-28 13:45:56 - app - INFO - Iniciando MERGE | staging=stg_teams_validation_data | tabla_final=teams_validation_data
2026-01-28 13:45:59 - app - INFO - MERGE completado exitosamente | tabla_final=teams_validation_data
2026-01-28 13:45:59 - app - INFO - Carga BigQuery finalizada correctamente | tabla=teams_validation_data
2026-01-28 13:45:59 - app - INFO - Lote 150 persistido en BigQuery | registros=5
2026-01-28 13:46:00 - app - INFO - Procesando lote 151 | registros=5
2026-01-28 13:46:00 - app - INFO - Iniciando envío de 5 formularios
2026-01-28 13:46:00 - app - INFO - Ejecutando get_array
2026-01-28 13:46:02 - app - INFO - Request enviado | request_id=8910547c19f615060bce2872ffa7bfa2ad3dc64db93ae5780e9cfc23ada64cf7 | destinatario=ext_jcarrion@Falabella.cl | status=202
2026-01-28 13:46:02 - app - INFO - 1/5 - ext_jcarrion@Falabella.cl - status:202
2026-01-28 13:46:02 - app - INFO - Ejecutando get_array
2026-01-28 13:46:05 - app - INFO - Request enviado | request_id=9a56031ae276b5059d90ab6a5cdc8a7783df841568d7825030b5aabeecf6505a | destinatario=ext_jcarrion@Falabella.cl | status=202
2026-01-28 13:46:05 - app - INFO - 2/5 - ext_jcarrion@Falabella.cl - status:202
2026-01-28 13:46:05 - app - INFO - Ejecutando get_array
2026-01-28 13:46:07 - app - INFO - Request enviado | request_id=1196bfaabbaa00284ade6a3464267256798cfc6442058769beca6d57235b6f43 | destinatario=ext_jcarrion@Falabella.cl | status=202
2026-01-28 13:46:07 - app - INFO - 3/5 - ext_jcarrion@Falabella.cl - status:202
2026-01-28 13:46:07 - app - INFO - Ejecutando get_array
2026-01-28 13:46:10 - app - INFO - Request enviado | request_id=dbd77a4c3bce3c5c729a306dc53b11cd5b3b01b6b4f7acbe0873ebe3a7e58acf | destinatario=ext_jcarrion@Falabella.cl | status=202
2026-01-28 13:46:10 - app - INFO - 4/5 - ext_jcarrion@Falabella.cl - status:202
2026-01-28 13:46:10 - app - INFO - Ejecutando get_array
2026-01-28 13:46:13 - app - INFO - Request enviado | request_id=b2044d07ef1a24ccb6381e1d6f70ca05abcfa555769dbcbe937ad6f57e06e7aa | destinatario=ext_jcarrion@Falabella.cl | status=202
2026-01-28 13:46:13 - app - INFO - 5/5 - ext_jcarrion@Falabella.cl - status:202
2026-01-28 13:46:13 - app - INFO - Proceso de envío finalizado
2026-01-28 13:46:13 - app - INFO - Cargando datos en BigQuery | tabla=teams_validation_data | registros=5 | dropTable=False
2026-01-28 13:46:13 - app - INFO - Cargando datos a staging | tabla=stg_teams_validation_data | filas=5 | dropTable=False
2026-01-28 13:46:17 - app - INFO - Carga a staging completada exitosamente | tabla=sbox_jcarrion.stg_teams_validation_data
2026-01-28 13:46:17 - app - INFO - Iniciando MERGE | staging=stg_teams_validation_data | tabla_final=teams_validation_data
2026-01-28 13:46:21 - app - INFO - MERGE completado exitosamente | tabla_final=teams_validation_data
2026-01-28 13:46:21 - app - INFO - Carga BigQuery finalizada correctamente | tabla=teams_validation_data
2026-01-28 13:46:21 - app - INFO - Lote 151 persistido en BigQuery | registros=5
2026-01-28 13:46:22 - app - INFO - Procesando lote 152 | registros=5
2026-01-28 13:46:22 - app - INFO - Iniciando envío de 5 formularios
2026-01-28 13:46:22 - app - INFO - Ejecutando get_array
2026-01-28 13:46:24 - app - INFO - Request enviado | request_id=915041ba4189919b1f227776bcd62e771db6930cfe9829a6d30cbce0c8511492 | destinatario=ext_jcarrion@Falabella.cl | status=202
2026-01-28 13:46:24 - app - INFO - 1/5 - ext_jcarrion@Falabella.cl - status:202
2026-01-28 13:46:24 - app - INFO - Ejecutando get_array
2026-01-28 13:46:27 - app - INFO - Request enviado | request_id=02d9148772f390491bff398d72508a70ea93ec56aa11918d26ca16bf84fc39de | destinatario=ext_jcarrion@Falabella.cl | status=202
2026-01-28 13:46:27 - app - INFO - 2/5 - ext_jcarrion@Falabella.cl - status:202
2026-01-28 13:46:27 - app - INFO - Ejecutando get_array
2026-01-28 13:46:29 - app - INFO - Request enviado | request_id=dfa24fdb61814a1de78f60a8cd54db7bda4ae29ab5628de6165dcbfa0bab8374 | destinatario=ext_jcarrion@Falabella.cl | status=202
2026-01-28 13:46:29 - app - INFO - 3/5 - ext_jcarrion@Falabella.cl - status:202
2026-01-28 13:46:29 - app - INFO - Ejecutando get_array
2026-01-28 13:46:32 - app - INFO - Request enviado | request_id=cb8fd34d78592f49aa169b77aa7cda1e4a44bfe4f63b11e58e83450d1e081a32 | destinatario=ext_jcarrion@Falabella.cl | status=202
2026-01-28 13:46:32 - app - INFO - 4/5 - ext_jcarrion@Falabella.cl - status:202
2026-01-28 13:46:32 - app - INFO - Ejecutando get_array
2026-01-28 13:46:34 - app - INFO - Request enviado | request_id=ebaf09b389675dc9a9c39ab078cf492fa9a648dc851977e59d0fdac1715bdd1f | destinatario=ext_jcarrion@Falabella.cl | status=202
2026-01-28 13:46:34 - app - INFO - 5/5 - ext_jcarrion@Falabella.cl - status:202
2026-01-28 13:46:34 - app - INFO - Proceso de envío finalizado
2026-01-28 13:46:34 - app - INFO - Cargando datos en BigQuery | tabla=teams_validation_data | registros=5 | dropTable=False
2026-01-28 13:46:34 - app - INFO - Cargando datos a staging | tabla=stg_teams_validation_data | filas=5 | dropTable=False
2026-01-28 13:46:39 - app - INFO - Carga a staging completada exitosamente | tabla=sbox_jcarrion.stg_teams_validation_data
2026-01-28 13:46:39 - app - INFO - Iniciando MERGE | staging=stg_teams_validation_data | tabla_final=teams_validation_data
2026-01-28 13:46:42 - app - INFO - MERGE completado exitosamente | tabla_final=teams_validation_data
2026-01-28 13:46:42 - app - INFO - Carga BigQuery finalizada correctamente | tabla=teams_validation_data
2026-01-28 13:46:42 - app - INFO - Lote 152 persistido en BigQuery | registros=5
2026-01-28 13:46:43 - app - INFO - Procesando lote 153 | registros=5
2026-01-28 13:46:43 - app - INFO - Iniciando envío de 5 formularios
2026-01-28 13:46:43 - app - INFO - Ejecutando get_array
2026-01-28 13:46:45 - app - INFO - Request enviado | request_id=04928e29ae39884d2c9658db8ec479ea66da52b844a466a61360b532eae4a425 | destinatario=ext_jcarrion@Falabella.cl | status=202
2026-01-28 13:46:45 - app - INFO - 1/5 - ext_jcarrion@Falabella.cl - status:202
2026-01-28 13:46:45 - app - INFO - Ejecutando get_array
2026-01-28 13:46:48 - app - INFO - Request enviado | request_id=1dcdf3512b94e85a8df77397e0c231f2fc8b3788092901617705b1a478d36c91 | destinatario=ext_jcarrion@Falabella.cl | status=202
2026-01-28 13:46:48 - app - INFO - 2/5 - ext_jcarrion@Falabella.cl - status:202
2026-01-28 13:46:48 - app - INFO - Ejecutando get_array
2026-01-28 13:46:51 - app - INFO - Request enviado | request_id=5be7b65b36443875b303a067c9d90d098412818bc969a74719ebaaa8ee36fd4a | destinatario=ext_jcarrion@Falabella.cl | status=202
2026-01-28 13:46:51 - app - INFO - 3/5 - ext_jcarrion@Falabella.cl - status:202
2026-01-28 13:46:51 - app - INFO - Ejecutando get_array
2026-01-28 13:46:53 - app - INFO - Request enviado | request_id=def6ac17136c191acdfcb80c5e41fa7558a3eb30fa05d32801003aad1094034b | destinatario=ext_jcarrion@Falabella.cl | status=202
2026-01-28 13:46:53 - app - INFO - 4/5 - ext_jcarrion@Falabella.cl - status:202
2026-01-28 13:46:53 - app - INFO - Ejecutando get_array
2026-01-28 13:46:56 - app - INFO - Request enviado | request_id=8527d37e569bac4b63ced42f736f53866eadcf011cf8f7e3fbdd012cdad8c8b0 | destinatario=ext_jcarrion@Falabella.cl | status=202
2026-01-28 13:46:56 - app - INFO - 5/5 - ext_jcarrion@Falabella.cl - status:202
2026-01-28 13:46:56 - app - INFO - Proceso de envío finalizado
2026-01-28 13:46:56 - app - INFO - Cargando datos en BigQuery | tabla=teams_validation_data | registros=5 | dropTable=False
2026-01-28 13:46:56 - app - INFO - Cargando datos a staging | tabla=stg_teams_validation_data | filas=5 | dropTable=False
2026-01-28 13:47:00 - app - INFO - Carga a staging completada exitosamente | tabla=sbox_jcarrion.stg_teams_validation_data
2026-01-28 13:47:00 - app - INFO - Iniciando MERGE | staging=stg_teams_validation_data | tabla_final=teams_validation_data
2026-01-28 13:47:03 - app - INFO - MERGE completado exitosamente | tabla_final=teams_validation_data
2026-01-28 13:47:03 - app - INFO - Carga BigQuery finalizada correctamente | tabla=teams_validation_data
2026-01-28 13:47:03 - app - INFO - Lote 153 persistido en BigQuery | registros=5
2026-01-28 13:47:04 - app - INFO - Procesando lote 154 | registros=5
2026-01-28 13:47:04 - app - INFO - Iniciando envío de 5 formularios
2026-01-28 13:47:04 - app - INFO - Ejecutando get_array
2026-01-28 13:47:07 - app - INFO - Request enviado | request_id=d362dd50412e1d797b17a41e14750892fdcfe9eb9208a048df113b142b04a486 | destinatario=ext_jcarrion@Falabella.cl | status=202
2026-01-28 13:47:07 - app - INFO - 1/5 - ext_jcarrion@Falabella.cl - status:202
2026-01-28 13:47:07 - app - INFO - Ejecutando get_array
2026-01-28 13:47:10 - app - INFO - Request enviado | request_id=8e729c0648a184cdf6b300fbde7423ac1643aa8fd698efb424d8da71c244ffac | destinatario=ext_jcarrion@Falabella.cl | status=202
2026-01-28 13:47:10 - app - INFO - 2/5 - ext_jcarrion@Falabella.cl - status:202
2026-01-28 13:47:10 - app - INFO - Ejecutando get_array
2026-01-28 13:47:12 - app - INFO - Request enviado | request_id=a1db75b41167f2ff46c1a92302668988a686014ab89d432062a7936cdcf40a0f | destinatario=ext_jcarrion@Falabella.cl | status=202
2026-01-28 13:47:12 - app - INFO - 3/5 - ext_jcarrion@Falabella.cl - status:202
2026-01-28 13:47:12 - app - INFO - Ejecutando get_array
2026-01-28 13:47:15 - app - INFO - Request enviado | request_id=f384db700868044e1a0b33271e74928aa8997f45c030e212f07c4d5e0d2947b1 | destinatario=ext_jcarrion@Falabella.cl | status=202
2026-01-28 13:47:15 - app - INFO - 4/5 - ext_jcarrion@Falabella.cl - status:202
2026-01-28 13:47:15 - app - INFO - Ejecutando get_array
2026-01-28 13:47:17 - app - INFO - Request enviado | request_id=209387e58db7b890e90d3c1e11a7694dc6ea022a4717f9adfa87f6217e700fd4 | destinatario=ext_jcarrion@Falabella.cl | status=202
2026-01-28 13:47:17 - app - INFO - 5/5 - ext_jcarrion@Falabella.cl - status:202
2026-01-28 13:47:17 - app - INFO - Proceso de envío finalizado
2026-01-28 13:47:17 - app - INFO - Cargando datos en BigQuery | tabla=teams_validation_data | registros=5 | dropTable=False
2026-01-28 13:47:17 - app - INFO - Cargando datos a staging | tabla=stg_teams_validation_data | filas=5 | dropTable=False
2026-01-28 13:47:24 - app - INFO - Carga a staging completada exitosamente | tabla=sbox_jcarrion.stg_teams_validation_data
2026-01-28 13:47:24 - app - INFO - Iniciando MERGE | staging=stg_teams_validation_data | tabla_final=teams_validation_data
2026-01-28 13:47:27 - app - INFO - MERGE completado exitosamente | tabla_final=teams_validation_data
2026-01-28 13:47:27 - app - INFO - Carga BigQuery finalizada correctamente | tabla=teams_validation_data
2026-01-28 13:47:27 - app - INFO - Lote 154 persistido en BigQuery | registros=5
2026-01-28 13:47:28 - app - INFO - Procesando lote 155 | registros=2
2026-01-28 13:47:28 - app - INFO - Iniciando envío de 2 formularios
2026-01-28 13:47:28 - app - INFO - Ejecutando get_array
2026-01-28 13:47:31 - app - INFO - Request enviado | request_id=71cc1ae674180e1517a085e48c0ff99f7753b9fef02334e55db3dade65f80c19 | destinatario=ext_jcarrion@Falabella.cl | status=202
2026-01-28 13:47:31 - app - INFO - 1/2 - ext_jcarrion@Falabella.cl - status:202
2026-01-28 13:47:31 - app - INFO - Ejecutando get_array
2026-01-28 13:47:33 - app - INFO - Request enviado | request_id=06821eae6125ba7d5a1b497e0976cd0b74a50a09ea2b776f9303bca7d87733d2 | destinatario=ext_jcarrion@Falabella.cl | status=202
2026-01-28 13:47:33 - app - INFO - 2/2 - ext_jcarrion@Falabella.cl - status:202
2026-01-28 13:47:33 - app - INFO - Proceso de envío finalizado
2026-01-28 13:47:33 - app - INFO - Cargando datos en BigQuery | tabla=teams_validation_data | registros=2 | dropTable=False
2026-01-28 13:47:33 - app - INFO - Cargando datos a staging | tabla=stg_teams_validation_data | filas=2 | dropTable=False
2026-01-28 13:47:37 - app - INFO - Carga a staging completada exitosamente | tabla=sbox_jcarrion.stg_teams_validation_data
2026-01-28 13:47:37 - app - INFO - Iniciando MERGE | staging=stg_teams_validation_data | tabla_final=teams_validation_data
2026-01-28 13:47:40 - app - INFO - MERGE completado exitosamente | tabla_final=teams_validation_data
2026-01-28 13:47:40 - app - INFO - Carga BigQuery finalizada correctamente | tabla=teams_validation_data
2026-01-28 13:47:40 - app - INFO - Lote 155 persistido en BigQuery | registros=2
2026-01-28 14:17:30 - app - INFO - Iniciando descarga de destinatarios | archivo=destinatarios | reprocesar=True
2026-01-28 14:17:30 - app - INFO - Iniciando exec_query | reprocesar=True | proyecto=tc-sc-bi-bigdata-edp-prod
2026-01-28 14:17:30 - app - INFO - Ejecutando query en BigQuery
2026-01-28 14:17:34 - app - INFO - Query ejecutada correctamente | filas=3000
2026-01-28 14:17:34 - app - INFO - Iniciando reprocesamiento de request_id
2026-01-28 14:17:34 - app - INFO - Reprocesando 776 registros
2026-01-28 14:17:34 - app - INFO - Ejecutando validate_request_id
2026-01-28 14:17:38 - app - INFO - Query ejecutada correctamente | filas=4
2026-01-28 14:17:38 - app - INFO - Registros finales: 772
2026-01-28 14:17:38 - app - INFO - Guardando archivos de salida en data\destinatarios\destinatarios
2026-01-28 14:17:38 - app - INFO - Archivos guardados correctamente
2026-01-28 14:17:38 - app - INFO - Proceso finalizado | success=True | registros=772
2026-01-28 14:17:38 - app - INFO - Descarga de destinatarios exitosa | registros=772
2026-01-28 14:28:17 - app - INFO - Iniciando descarga de destinatarios | archivo=destinatarios | reprocesar=True
2026-01-28 14:28:17 - app - INFO - Iniciando exec_query | reprocesar=True | proyecto=tc-sc-bi-bigdata-edp-prod
2026-01-28 14:28:17 - app - INFO - Ejecutando query en BigQuery
2026-01-28 14:28:21 - app - INFO - Query ejecutada correctamente | filas=3000
2026-01-28 14:28:21 - app - INFO - Iniciando reprocesamiento de request_id
2026-01-28 14:28:21 - app - INFO - Reprocesando 776 registros
2026-01-28 14:28:21 - app - INFO - Ejecutando validate_request_id
2026-01-28 14:28:24 - app - INFO - Query ejecutada correctamente | filas=0
2026-01-28 14:28:24 - app - INFO - No hay request_id a excluir
2026-01-28 14:28:24 - app - INFO - Guardando archivos de salida en data\destinatarios\destinatarios
2026-01-28 14:28:25 - app - INFO - Archivos guardados correctamente
2026-01-28 14:28:25 - app - INFO - Proceso finalizado | success=True | registros=776
2026-01-28 14:28:25 - app - INFO - Descarga de destinatarios exitosa | registros=776
2026-01-28 14:34:25 - app - INFO - Cargando data Automate | archivo=test(Sheet1).csv | tabla=response_validation_data
2026-01-28 14:34:25 - app - INFO - Procesando archivo | ruta=C:\Users\genesys\Downloads\test(Sheet1).csv
2026-01-28 14:34:25 - app - INFO - Leyendo archivo CSV | columnas_esperadas=13
2026-01-28 14:34:25 - app - INFO - Ejecutando get_encoding
2026-01-28 14:34:25 - app - INFO - Generando hash por fila | columnas_pk=['request_id', 'responseTime']
2026-01-28 14:34:25 - app - INFO - Archivo procesado correctamente | filas=1221
2026-01-28 14:34:25 - app - INFO - Cargando datos en BigQuery | tabla=response_validation_data | registros=1221 | dropTable=True
2026-01-28 14:34:25 - app - INFO - Cargando datos a staging | tabla=stg_response_validation_data | filas=1221 | dropTable=True
2026-01-28 14:34:26 - app - WARNING - Tabla staging eliminada antes de la carga | tabla=stg_response_validation_data
2026-01-28 14:34:31 - app - INFO - Carga a staging completada exitosamente | tabla=sbox_jcarrion.stg_response_validation_data
2026-01-28 14:34:31 - app - INFO - Iniciando MERGE | staging=stg_response_validation_data | tabla_final=response_validation_data
2026-01-28 14:34:34 - app - INFO - MERGE completado exitosamente | tabla_final=response_validation_data
2026-01-28 14:34:34 - app - INFO - Carga BigQuery finalizada correctamente | tabla=response_validation_data
2026-01-28 14:43:49 - app - INFO - Iniciando descarga de destinatarios | archivo=destinatarios | reprocesar=True
2026-01-28 14:43:49 - app - INFO - Iniciando exec_query | reprocesar=True | proyecto=tc-sc-bi-bigdata-edp-prod
2026-01-28 14:43:49 - app - INFO - Ejecutando query en BigQuery
2026-01-28 14:43:52 - app - INFO - Query ejecutada correctamente | filas=3000
2026-01-28 14:43:53 - app - INFO - Iniciando reprocesamiento de request_id
2026-01-28 14:43:53 - app - INFO - Reprocesando 776 registros
2026-01-28 14:43:53 - app - INFO - Ejecutando validate_request_id
2026-01-28 14:43:53 - app - ERROR - Error ejecutando query de lectura
Traceback (most recent call last):
  File "C:\Users\genesys\Documents\code_dev\Validaciones_teams\app\bigQuery\bigquery_repository.py", line 36, in read_query
    df = self.client.query(query).to_dataframe()
  File "c:\Users\genesys\Documents\code_dev\Validaciones_teams\.venv\Lib\site-packages\google\cloud\bigquery\job\query.py", line 2159, in to_dataframe
    query_result = wait_for_query(self, progress_bar_type, max_results=max_results)
  File "c:\Users\genesys\Documents\code_dev\Validaciones_teams\.venv\Lib\site-packages\google\cloud\bigquery\_tqdm_helpers.py", line 107, in wait_for_query
    return query_job.result(max_results=max_results)
           ~~~~~~~~~~~~~~~~^^^^^^^^^^^^^^^^^^^^^^^^^
  File "c:\Users\genesys\Documents\code_dev\Validaciones_teams\.venv\Lib\site-packages\google\cloud\bigquery\job\query.py", line 1773, in result
    while not is_job_done():
              ~~~~~~~~~~~^^
  File "c:\Users\genesys\Documents\code_dev\Validaciones_teams\.venv\Lib\site-packages\google\api_core\retry\retry_unary.py", line 294, in retry_wrapped_func
    return retry_target(
        target,
    ...<3 lines>...
        on_error=on_error,
    )
  File "c:\Users\genesys\Documents\code_dev\Validaciones_teams\.venv\Lib\site-packages\google\api_core\retry\retry_unary.py", line 156, in retry_target
    next_sleep = _retry_error_helper(
        exc,
    ...<6 lines>...
        timeout,
    )
  File "c:\Users\genesys\Documents\code_dev\Validaciones_teams\.venv\Lib\site-packages\google\api_core\retry\retry_base.py", line 214, in _retry_error_helper
    raise final_exc from source_exc
  File "c:\Users\genesys\Documents\code_dev\Validaciones_teams\.venv\Lib\site-packages\google\api_core\retry\retry_unary.py", line 147, in retry_target
    result = target()
  File "c:\Users\genesys\Documents\code_dev\Validaciones_teams\.venv\Lib\site-packages\google\cloud\bigquery\job\query.py", line 1722, in is_job_done
    raise job_failed_exception
google.api_core.exceptions.BadRequest: 400 Unrecognized name: s at [8:69]; reason: invalidQuery, location: query, message: Unrecognized name: s at [8:69]

Location: US
Job ID: f07b2ade-6c64-402e-b85c-30094ca84b22

2026-01-28 14:43:53 - app - INFO - No hay request_id a excluir
2026-01-28 14:43:53 - app - INFO - Guardando archivos de salida en data\destinatarios\destinatarios
2026-01-28 14:43:54 - app - ERROR - Error al guardar archivos de salida
Traceback (most recent call last):
  File "C:\Users\genesys\Documents\code_dev\Validaciones_teams\app\teams_validation_service\fuente_de_la_verdad.py", line 210, in download_Data
    data.to_excel(f"{output_path}.xlsx", index=False)
    ~~~~~~~~~~~~~^^^^^^^^^^^^^^^^^^^^^^^^^^^^^^^^^^^^
  File "c:\Users\genesys\Documents\code_dev\Validaciones_teams\.venv\Lib\site-packages\pandas\util\_decorators.py", line 333, in wrapper
    return func(*args, **kwargs)
  File "c:\Users\genesys\Documents\code_dev\Validaciones_teams\.venv\Lib\site-packages\pandas\core\generic.py", line 2439, in to_excel
    formatter.write(
    ~~~~~~~~~~~~~~~^
        excel_writer,
        ^^^^^^^^^^^^^
    ...<6 lines>...
        engine_kwargs=engine_kwargs,
        ^^^^^^^^^^^^^^^^^^^^^^^^^^^^
    )
    ^
  File "c:\Users\genesys\Documents\code_dev\Validaciones_teams\.venv\Lib\site-packages\pandas\io\formats\excel.py", line 943, in write
    writer = ExcelWriter(
        writer,
    ...<2 lines>...
        engine_kwargs=engine_kwargs,
    )
  File "c:\Users\genesys\Documents\code_dev\Validaciones_teams\.venv\Lib\site-packages\pandas\io\excel\_openpyxl.py", line 61, in __init__
    super().__init__(
    ~~~~~~~~~~~~~~~~^
        path,
        ^^^^^
    ...<3 lines>...
        engine_kwargs=engine_kwargs,
        ^^^^^^^^^^^^^^^^^^^^^^^^^^^^
    )
    ^
  File "c:\Users\genesys\Documents\code_dev\Validaciones_teams\.venv\Lib\site-packages\pandas\io\excel\_base.py", line 1246, in __init__
    self._handles = get_handle(
                    ~~~~~~~~~~^
        path, mode, storage_options=storage_options, is_text=False
        ^^^^^^^^^^^^^^^^^^^^^^^^^^^^^^^^^^^^^^^^^^^^^^^^^^^^^^^^^^
    )
    ^
  File "c:\Users\genesys\Documents\code_dev\Validaciones_teams\.venv\Lib\site-packages\pandas\io\common.py", line 882, in get_handle
    handle = open(handle, ioargs.mode)
PermissionError: [Errno 13] Permission denied: 'data\\destinatarios\\destinatarios.xlsx'
2026-01-28 14:43:54 - app - INFO - Proceso finalizado | success=False | registros=776
2026-01-28 14:43:54 - app - ERROR - Error descargando destinatarios | msg=Exception
2026-01-28 14:44:28 - app - INFO - Iniciando descarga de destinatarios | archivo=destinatarios | reprocesar=True
2026-01-28 14:44:28 - app - INFO - Iniciando exec_query | reprocesar=True | proyecto=tc-sc-bi-bigdata-edp-prod
2026-01-28 14:44:28 - app - INFO - Ejecutando query en BigQuery
2026-01-28 14:44:31 - app - INFO - Query ejecutada correctamente | filas=3000
2026-01-28 14:44:32 - app - INFO - Iniciando reprocesamiento de request_id
2026-01-28 14:44:32 - app - INFO - Reprocesando 776 registros
2026-01-28 14:44:32 - app - INFO - Ejecutando validate_request_id
2026-01-28 14:44:33 - app - ERROR - Error ejecutando query de lectura
Traceback (most recent call last):
  File "C:\Users\genesys\Documents\code_dev\Validaciones_teams\app\bigQuery\bigquery_repository.py", line 36, in read_query
    df = self.client.query(query).to_dataframe()
  File "c:\Users\genesys\Documents\code_dev\Validaciones_teams\.venv\Lib\site-packages\google\cloud\bigquery\job\query.py", line 2159, in to_dataframe
    query_result = wait_for_query(self, progress_bar_type, max_results=max_results)
  File "c:\Users\genesys\Documents\code_dev\Validaciones_teams\.venv\Lib\site-packages\google\cloud\bigquery\_tqdm_helpers.py", line 107, in wait_for_query
    return query_job.result(max_results=max_results)
           ~~~~~~~~~~~~~~~~^^^^^^^^^^^^^^^^^^^^^^^^^
  File "c:\Users\genesys\Documents\code_dev\Validaciones_teams\.venv\Lib\site-packages\google\cloud\bigquery\job\query.py", line 1773, in result
    while not is_job_done():
              ~~~~~~~~~~~^^
  File "c:\Users\genesys\Documents\code_dev\Validaciones_teams\.venv\Lib\site-packages\google\api_core\retry\retry_unary.py", line 294, in retry_wrapped_func
    return retry_target(
        target,
    ...<3 lines>...
        on_error=on_error,
    )
  File "c:\Users\genesys\Documents\code_dev\Validaciones_teams\.venv\Lib\site-packages\google\api_core\retry\retry_unary.py", line 156, in retry_target
    next_sleep = _retry_error_helper(
        exc,
    ...<6 lines>...
        timeout,
    )
  File "c:\Users\genesys\Documents\code_dev\Validaciones_teams\.venv\Lib\site-packages\google\api_core\retry\retry_base.py", line 214, in _retry_error_helper
    raise final_exc from source_exc
  File "c:\Users\genesys\Documents\code_dev\Validaciones_teams\.venv\Lib\site-packages\google\api_core\retry\retry_unary.py", line 147, in retry_target
    result = target()
  File "c:\Users\genesys\Documents\code_dev\Validaciones_teams\.venv\Lib\site-packages\google\cloud\bigquery\job\query.py", line 1722, in is_job_done
    raise job_failed_exception
google.api_core.exceptions.BadRequest: 400 Unrecognized name: s at [8:69]; reason: invalidQuery, location: query, message: Unrecognized name: s at [8:69]

Location: US
Job ID: fe44c6f2-e786-4d60-99ec-35ffe6e36690

2026-01-28 14:44:33 - app - INFO - No hay request_id a excluir
2026-01-28 14:44:33 - app - INFO - Guardando archivos de salida en data\destinatarios\destinatarios
2026-01-28 14:44:33 - app - INFO - Archivos guardados correctamente
2026-01-28 14:44:33 - app - INFO - Proceso finalizado | success=True | registros=776
2026-01-28 14:44:33 - app - INFO - Descarga de destinatarios exitosa | registros=776
2026-01-28 14:45:42 - app - INFO - Iniciando descarga de destinatarios | archivo=destinatarios | reprocesar=True
2026-01-28 14:45:42 - app - INFO - Iniciando exec_query | reprocesar=True | proyecto=tc-sc-bi-bigdata-edp-prod
2026-01-28 14:45:42 - app - INFO - Ejecutando query en BigQuery
2026-01-28 14:45:46 - app - INFO - Query ejecutada correctamente | filas=3000
2026-01-28 14:45:47 - app - INFO - Iniciando reprocesamiento de request_id
2026-01-28 14:45:47 - app - INFO - Reprocesando 774 registros
2026-01-28 14:45:47 - app - INFO - Ejecutando validate_request_id
2026-01-28 14:45:47 - app - ERROR - Error ejecutando query de lectura
Traceback (most recent call last):
  File "C:\Users\genesys\Documents\code_dev\Validaciones_teams\app\bigQuery\bigquery_repository.py", line 36, in read_query
    df = self.client.query(query).to_dataframe()
  File "c:\Users\genesys\Documents\code_dev\Validaciones_teams\.venv\Lib\site-packages\google\cloud\bigquery\job\query.py", line 2159, in to_dataframe
    query_result = wait_for_query(self, progress_bar_type, max_results=max_results)
  File "c:\Users\genesys\Documents\code_dev\Validaciones_teams\.venv\Lib\site-packages\google\cloud\bigquery\_tqdm_helpers.py", line 107, in wait_for_query
    return query_job.result(max_results=max_results)
           ~~~~~~~~~~~~~~~~^^^^^^^^^^^^^^^^^^^^^^^^^
  File "c:\Users\genesys\Documents\code_dev\Validaciones_teams\.venv\Lib\site-packages\google\cloud\bigquery\job\query.py", line 1773, in result
    while not is_job_done():
              ~~~~~~~~~~~^^
  File "c:\Users\genesys\Documents\code_dev\Validaciones_teams\.venv\Lib\site-packages\google\api_core\retry\retry_unary.py", line 294, in retry_wrapped_func
    return retry_target(
        target,
    ...<3 lines>...
        on_error=on_error,
    )
  File "c:\Users\genesys\Documents\code_dev\Validaciones_teams\.venv\Lib\site-packages\google\api_core\retry\retry_unary.py", line 156, in retry_target
    next_sleep = _retry_error_helper(
        exc,
    ...<6 lines>...
        timeout,
    )
  File "c:\Users\genesys\Documents\code_dev\Validaciones_teams\.venv\Lib\site-packages\google\api_core\retry\retry_base.py", line 214, in _retry_error_helper
    raise final_exc from source_exc
  File "c:\Users\genesys\Documents\code_dev\Validaciones_teams\.venv\Lib\site-packages\google\api_core\retry\retry_unary.py", line 147, in retry_target
    result = target()
  File "c:\Users\genesys\Documents\code_dev\Validaciones_teams\.venv\Lib\site-packages\google\cloud\bigquery\job\query.py", line 1722, in is_job_done
    raise job_failed_exception
google.api_core.exceptions.BadRequest: 400 Unrecognized name: s at [8:69]; reason: invalidQuery, location: query, message: Unrecognized name: s at [8:69]

Location: US
Job ID: a1dd2dec-4d7c-4374-b0f1-178f4488a339

2026-01-28 14:45:47 - app - INFO - No hay request_id a excluir
2026-01-28 14:45:47 - app - INFO - Guardando archivos de salida en data\destinatarios\destinatarios
2026-01-28 14:45:48 - app - INFO - Archivos guardados correctamente
2026-01-28 14:45:48 - app - INFO - Proceso finalizado | success=True | registros=774
2026-01-28 14:45:48 - app - INFO - Descarga de destinatarios exitosa | registros=774
2026-01-28 14:47:37 - app - INFO - Iniciando descarga de destinatarios | archivo=destinatarios | reprocesar=True
2026-01-28 14:47:37 - app - INFO - Iniciando exec_query | reprocesar=True | proyecto=tc-sc-bi-bigdata-edp-prod
2026-01-28 14:47:37 - app - INFO - Ejecutando query en BigQuery
2026-01-28 14:47:41 - app - INFO - Query ejecutada correctamente | filas=3000
2026-01-28 14:47:41 - app - INFO - Iniciando reprocesamiento de request_id
2026-01-28 14:47:41 - app - INFO - Reprocesando 774 registros
2026-01-28 14:47:41 - app - INFO - Ejecutando validate_request_id
2026-01-28 14:47:42 - app - ERROR - Error ejecutando query de lectura
Traceback (most recent call last):
  File "C:\Users\genesys\Documents\code_dev\Validaciones_teams\app\bigQuery\bigquery_repository.py", line 36, in read_query
    df = self.client.query(query).to_dataframe()
  File "c:\Users\genesys\Documents\code_dev\Validaciones_teams\.venv\Lib\site-packages\google\cloud\bigquery\job\query.py", line 2159, in to_dataframe
    query_result = wait_for_query(self, progress_bar_type, max_results=max_results)
  File "c:\Users\genesys\Documents\code_dev\Validaciones_teams\.venv\Lib\site-packages\google\cloud\bigquery\_tqdm_helpers.py", line 107, in wait_for_query
    return query_job.result(max_results=max_results)
           ~~~~~~~~~~~~~~~~^^^^^^^^^^^^^^^^^^^^^^^^^
  File "c:\Users\genesys\Documents\code_dev\Validaciones_teams\.venv\Lib\site-packages\google\cloud\bigquery\job\query.py", line 1773, in result
    while not is_job_done():
              ~~~~~~~~~~~^^
  File "c:\Users\genesys\Documents\code_dev\Validaciones_teams\.venv\Lib\site-packages\google\api_core\retry\retry_unary.py", line 294, in retry_wrapped_func
    return retry_target(
        target,
    ...<3 lines>...
        on_error=on_error,
    )
  File "c:\Users\genesys\Documents\code_dev\Validaciones_teams\.venv\Lib\site-packages\google\api_core\retry\retry_unary.py", line 156, in retry_target
    next_sleep = _retry_error_helper(
        exc,
    ...<6 lines>...
        timeout,
    )
  File "c:\Users\genesys\Documents\code_dev\Validaciones_teams\.venv\Lib\site-packages\google\api_core\retry\retry_base.py", line 214, in _retry_error_helper
    raise final_exc from source_exc
  File "c:\Users\genesys\Documents\code_dev\Validaciones_teams\.venv\Lib\site-packages\google\api_core\retry\retry_unary.py", line 147, in retry_target
    result = target()
  File "c:\Users\genesys\Documents\code_dev\Validaciones_teams\.venv\Lib\site-packages\google\cloud\bigquery\job\query.py", line 1722, in is_job_done
    raise job_failed_exception
google.api_core.exceptions.BadRequest: 400 Unrecognized name: s at [8:69]; reason: invalidQuery, location: query, message: Unrecognized name: s at [8:69]

Location: US
Job ID: 30937f86-1d93-4407-9672-dd24b5221ce0

2026-01-28 14:47:42 - app - INFO - No hay request_id a excluir
2026-01-28 14:47:42 - app - INFO - Guardando archivos de salida en data\destinatarios\destinatarios
2026-01-28 14:47:43 - app - INFO - Archivos guardados correctamente
2026-01-28 14:47:43 - app - INFO - Proceso finalizado | success=True | registros=774
2026-01-28 14:47:43 - app - INFO - Descarga de destinatarios exitosa | registros=774
2026-01-28 14:48:22 - app - INFO - Iniciando descarga de destinatarios | archivo=destinatarios | reprocesar=True
2026-01-28 14:48:22 - app - INFO - Iniciando exec_query | reprocesar=True | proyecto=tc-sc-bi-bigdata-edp-prod
2026-01-28 14:48:22 - app - INFO - Ejecutando query en BigQuery
2026-01-28 14:48:26 - app - INFO - Query ejecutada correctamente | filas=3000
2026-01-28 14:48:26 - app - INFO - Iniciando reprocesamiento de request_id
2026-01-28 14:48:26 - app - INFO - Reprocesando 774 registros
2026-01-28 14:48:26 - app - INFO - Ejecutando validate_request_id
2026-01-28 14:48:27 - app - ERROR - Error ejecutando query de lectura
Traceback (most recent call last):
  File "C:\Users\genesys\Documents\code_dev\Validaciones_teams\app\bigQuery\bigquery_repository.py", line 36, in read_query
    df = self.client.query(query).to_dataframe()
  File "c:\Users\genesys\Documents\code_dev\Validaciones_teams\.venv\Lib\site-packages\google\cloud\bigquery\job\query.py", line 2159, in to_dataframe
    query_result = wait_for_query(self, progress_bar_type, max_results=max_results)
  File "c:\Users\genesys\Documents\code_dev\Validaciones_teams\.venv\Lib\site-packages\google\cloud\bigquery\_tqdm_helpers.py", line 107, in wait_for_query
    return query_job.result(max_results=max_results)
           ~~~~~~~~~~~~~~~~^^^^^^^^^^^^^^^^^^^^^^^^^
  File "c:\Users\genesys\Documents\code_dev\Validaciones_teams\.venv\Lib\site-packages\google\cloud\bigquery\job\query.py", line 1773, in result
    while not is_job_done():
              ~~~~~~~~~~~^^
  File "c:\Users\genesys\Documents\code_dev\Validaciones_teams\.venv\Lib\site-packages\google\api_core\retry\retry_unary.py", line 294, in retry_wrapped_func
    return retry_target(
        target,
    ...<3 lines>...
        on_error=on_error,
    )
  File "c:\Users\genesys\Documents\code_dev\Validaciones_teams\.venv\Lib\site-packages\google\api_core\retry\retry_unary.py", line 156, in retry_target
    next_sleep = _retry_error_helper(
        exc,
    ...<6 lines>...
        timeout,
    )
  File "c:\Users\genesys\Documents\code_dev\Validaciones_teams\.venv\Lib\site-packages\google\api_core\retry\retry_base.py", line 214, in _retry_error_helper
    raise final_exc from source_exc
  File "c:\Users\genesys\Documents\code_dev\Validaciones_teams\.venv\Lib\site-packages\google\api_core\retry\retry_unary.py", line 147, in retry_target
    result = target()
  File "c:\Users\genesys\Documents\code_dev\Validaciones_teams\.venv\Lib\site-packages\google\cloud\bigquery\job\query.py", line 1722, in is_job_done
    raise job_failed_exception
google.api_core.exceptions.BadRequest: 400 Syntax error: Expected end of input but got ")" at [11:63]; reason: invalidQuery, location: query, message: Syntax error: Expected end of input but got ")" at [11:63]

Location: US
Job ID: 25315e79-0ac0-4414-a022-1537e15124b9

2026-01-28 14:48:27 - app - INFO - No hay request_id a excluir
2026-01-28 14:48:27 - app - INFO - Guardando archivos de salida en data\destinatarios\destinatarios
2026-01-28 14:48:27 - app - INFO - Archivos guardados correctamente
2026-01-28 14:48:27 - app - INFO - Proceso finalizado | success=True | registros=774
2026-01-28 14:48:27 - app - INFO - Descarga de destinatarios exitosa | registros=774
2026-01-28 14:50:01 - app - INFO - Iniciando descarga de destinatarios | archivo=destinatarios | reprocesar=True
2026-01-28 14:50:01 - app - INFO - Iniciando exec_query | reprocesar=True | proyecto=tc-sc-bi-bigdata-edp-prod
2026-01-28 14:50:01 - app - INFO - Ejecutando query en BigQuery
2026-01-28 14:50:04 - app - INFO - Query ejecutada correctamente | filas=3000
2026-01-28 14:50:05 - app - INFO - Iniciando reprocesamiento de request_id
2026-01-28 14:50:05 - app - INFO - Reprocesando 774 registros
2026-01-28 14:50:05 - app - INFO - Ejecutando validate_request_id
2026-01-28 14:50:08 - app - INFO - Query ejecutada correctamente | filas=1072
2026-01-28 14:50:08 - app - INFO - Registros finales: 5
2026-01-28 14:50:08 - app - INFO - Guardando archivos de salida en data\destinatarios\destinatarios
2026-01-28 14:50:08 - app - INFO - Archivos guardados correctamente
2026-01-28 14:50:08 - app - INFO - Proceso finalizado | success=True | registros=5
2026-01-28 14:50:08 - app - INFO - Descarga de destinatarios exitosa | registros=5
2026-01-28 14:51:00 - app - INFO - Iniciando descarga de destinatarios | archivo=destinatarios | reprocesar=True
2026-01-28 14:51:00 - app - INFO - Iniciando exec_query | reprocesar=True | proyecto=tc-sc-bi-bigdata-edp-prod
2026-01-28 14:51:00 - app - INFO - Ejecutando query en BigQuery
2026-01-28 14:51:04 - app - INFO - Query ejecutada correctamente | filas=3000
2026-01-28 14:51:04 - app - INFO - Iniciando reprocesamiento de request_id
2026-01-28 14:51:04 - app - INFO - Reprocesando 774 registros
2026-01-28 14:51:04 - app - INFO - Ejecutando validate_request_id
2026-01-28 14:51:08 - app - INFO - Query ejecutada correctamente | filas=769
2026-01-28 14:51:08 - app - INFO - Registros finales: 5
2026-01-28 14:51:08 - app - INFO - Guardando archivos de salida en data\destinatarios\destinatarios
2026-01-28 14:51:08 - app - INFO - Archivos guardados correctamente
2026-01-28 14:51:08 - app - INFO - Proceso finalizado | success=True | registros=5
2026-01-28 14:51:08 - app - INFO - Descarga de destinatarios exitosa | registros=5
2026-01-28 15:37:42 - app - INFO - Iniciando descarga de destinatarios | archivo=destinatarios | reprocesar=True
2026-01-28 15:37:42 - app - INFO - Iniciando exec_query | reprocesar=True | proyecto=tc-sc-bi-bigdata-edp-prod
2026-01-28 15:37:42 - app - INFO - Ejecutando query en BigQuery
2026-01-28 15:37:45 - app - INFO - Query ejecutada correctamente | filas=3000
2026-01-28 15:37:45 - app - INFO - Iniciando reprocesamiento de request_id
2026-01-28 15:37:45 - app - INFO - Reprocesando 774 registros
2026-01-28 15:37:45 - app - INFO - Ejecutando validate_request_id
2026-01-28 15:37:46 - app - ERROR - Error ejecutando query de lectura
Traceback (most recent call last):
  File "C:\Users\genesys\Documents\code_dev\Validaciones_teams\app\bigQuery\bigquery_repository.py", line 36, in read_query
    df = self.client.query(query).to_dataframe()
  File "c:\Users\genesys\Documents\code_dev\Validaciones_teams\.venv\Lib\site-packages\google\cloud\bigquery\job\query.py", line 2159, in to_dataframe
    query_result = wait_for_query(self, progress_bar_type, max_results=max_results)
  File "c:\Users\genesys\Documents\code_dev\Validaciones_teams\.venv\Lib\site-packages\google\cloud\bigquery\_tqdm_helpers.py", line 107, in wait_for_query
    return query_job.result(max_results=max_results)
           ~~~~~~~~~~~~~~~~^^^^^^^^^^^^^^^^^^^^^^^^^
  File "c:\Users\genesys\Documents\code_dev\Validaciones_teams\.venv\Lib\site-packages\google\cloud\bigquery\job\query.py", line 1773, in result
    while not is_job_done():
              ~~~~~~~~~~~^^
  File "c:\Users\genesys\Documents\code_dev\Validaciones_teams\.venv\Lib\site-packages\google\api_core\retry\retry_unary.py", line 294, in retry_wrapped_func
    return retry_target(
        target,
    ...<3 lines>...
        on_error=on_error,
    )
  File "c:\Users\genesys\Documents\code_dev\Validaciones_teams\.venv\Lib\site-packages\google\api_core\retry\retry_unary.py", line 156, in retry_target
    next_sleep = _retry_error_helper(
        exc,
    ...<6 lines>...
        timeout,
    )
  File "c:\Users\genesys\Documents\code_dev\Validaciones_teams\.venv\Lib\site-packages\google\api_core\retry\retry_base.py", line 214, in _retry_error_helper
    raise final_exc from source_exc
  File "c:\Users\genesys\Documents\code_dev\Validaciones_teams\.venv\Lib\site-packages\google\api_core\retry\retry_unary.py", line 147, in retry_target
    result = target()
  File "c:\Users\genesys\Documents\code_dev\Validaciones_teams\.venv\Lib\site-packages\google\cloud\bigquery\job\query.py", line 1722, in is_job_done
    raise job_failed_exception
google.api_core.exceptions.BadRequest: 400 Syntax error: Unexpected identifier "a" at [3:56]; reason: invalidQuery, location: query, message: Syntax error: Unexpected identifier "a" at [3:56]

Location: US
Job ID: b2b0b0e6-08cf-4033-a2e1-0853c43269c2

2026-01-28 15:37:46 - app - INFO - No hay request_id a excluir
2026-01-28 15:37:46 - app - INFO - Guardando archivos de salida en data\destinatarios\destinatarios
2026-01-28 15:37:47 - app - INFO - Archivos guardados correctamente
2026-01-28 15:37:47 - app - INFO - Proceso finalizado | success=True | registros=774
2026-01-28 15:37:47 - app - INFO - Descarga de destinatarios exitosa | registros=774
2026-01-28 15:38:31 - app - INFO - Iniciando descarga de destinatarios | archivo=destinatarios | reprocesar=True
2026-01-28 15:38:31 - app - INFO - Iniciando exec_query | reprocesar=True | proyecto=tc-sc-bi-bigdata-edp-prod
2026-01-28 15:38:31 - app - INFO - Ejecutando query en BigQuery
2026-01-28 15:38:35 - app - INFO - Query ejecutada correctamente | filas=3000
2026-01-28 15:38:35 - app - INFO - Iniciando reprocesamiento de request_id
2026-01-28 15:38:35 - app - INFO - Reprocesando 774 registros
2026-01-28 15:38:35 - app - INFO - Ejecutando validate_request_id
2026-01-28 15:38:36 - app - ERROR - Error ejecutando query de lectura
Traceback (most recent call last):
  File "C:\Users\genesys\Documents\code_dev\Validaciones_teams\app\bigQuery\bigquery_repository.py", line 36, in read_query
    df = self.client.query(query).to_dataframe()
  File "c:\Users\genesys\Documents\code_dev\Validaciones_teams\.venv\Lib\site-packages\google\cloud\bigquery\job\query.py", line 2159, in to_dataframe
    query_result = wait_for_query(self, progress_bar_type, max_results=max_results)
  File "c:\Users\genesys\Documents\code_dev\Validaciones_teams\.venv\Lib\site-packages\google\cloud\bigquery\_tqdm_helpers.py", line 107, in wait_for_query
    return query_job.result(max_results=max_results)
           ~~~~~~~~~~~~~~~~^^^^^^^^^^^^^^^^^^^^^^^^^
  File "c:\Users\genesys\Documents\code_dev\Validaciones_teams\.venv\Lib\site-packages\google\cloud\bigquery\job\query.py", line 1773, in result
    while not is_job_done():
              ~~~~~~~~~~~^^
  File "c:\Users\genesys\Documents\code_dev\Validaciones_teams\.venv\Lib\site-packages\google\api_core\retry\retry_unary.py", line 294, in retry_wrapped_func
    return retry_target(
        target,
    ...<3 lines>...
        on_error=on_error,
    )
  File "c:\Users\genesys\Documents\code_dev\Validaciones_teams\.venv\Lib\site-packages\google\api_core\retry\retry_unary.py", line 156, in retry_target
    next_sleep = _retry_error_helper(
        exc,
    ...<6 lines>...
        timeout,
    )
  File "c:\Users\genesys\Documents\code_dev\Validaciones_teams\.venv\Lib\site-packages\google\api_core\retry\retry_base.py", line 214, in _retry_error_helper
    raise final_exc from source_exc
  File "c:\Users\genesys\Documents\code_dev\Validaciones_teams\.venv\Lib\site-packages\google\api_core\retry\retry_unary.py", line 147, in retry_target
    result = target()
  File "c:\Users\genesys\Documents\code_dev\Validaciones_teams\.venv\Lib\site-packages\google\cloud\bigquery\job\query.py", line 1722, in is_job_done
    raise job_failed_exception
google.api_core.exceptions.BadRequest: 400 Syntax error: Unexpected identifier "a" at [3:56]; reason: invalidQuery, location: query, message: Syntax error: Unexpected identifier "a" at [3:56]

Location: US
Job ID: 346e1b08-8a7a-4d41-9ecb-5622e9ad8e0b

2026-01-28 15:38:36 - app - INFO - No hay request_id a excluir
2026-01-28 15:38:36 - app - INFO - Guardando archivos de salida en data\destinatarios\destinatarios
2026-01-28 15:38:36 - app - INFO - Archivos guardados correctamente
2026-01-28 15:38:36 - app - INFO - Proceso finalizado | success=True | registros=774
2026-01-28 15:38:36 - app - INFO - Descarga de destinatarios exitosa | registros=774
2026-01-28 15:39:02 - app - INFO - Iniciando descarga de destinatarios | archivo=destinatarios | reprocesar=True
2026-01-28 15:39:02 - app - INFO - Iniciando exec_query | reprocesar=True | proyecto=tc-sc-bi-bigdata-edp-prod
2026-01-28 15:39:02 - app - INFO - Ejecutando query en BigQuery
2026-01-28 15:39:05 - app - INFO - Query ejecutada correctamente | filas=3000
2026-01-28 15:39:05 - app - INFO - Iniciando reprocesamiento de request_id
2026-01-28 15:39:05 - app - INFO - Reprocesando 774 registros
2026-01-28 15:39:05 - app - INFO - Ejecutando validate_request_id
2026-01-28 15:39:09 - app - INFO - Query ejecutada correctamente | filas=773
2026-01-28 15:39:09 - app - INFO - Registros finales: 409
2026-01-28 15:39:09 - app - INFO - Guardando archivos de salida en data\destinatarios\destinatarios
2026-01-28 15:39:09 - app - INFO - Archivos guardados correctamente
2026-01-28 15:39:09 - app - INFO - Proceso finalizado | success=True | registros=409
2026-01-28 15:39:09 - app - INFO - Descarga de destinatarios exitosa | registros=409
2026-01-28 15:42:01 - app - INFO - Cargando data Automate | archivo=test(Sheet1).csv | tabla=response_validation_data
2026-01-28 15:42:01 - app - INFO - Procesando archivo | ruta=C:\Users\genesys\Downloads\test(Sheet1).csv
2026-01-28 15:42:01 - app - INFO - Leyendo archivo CSV | columnas_esperadas=13
2026-01-28 15:42:01 - app - INFO - Ejecutando get_encoding
2026-01-28 15:42:01 - app - INFO - Generando hash por fila | columnas_pk=['request_id', 'responseTime']
2026-01-28 15:42:01 - app - INFO - Archivo procesado correctamente | filas=1223
2026-01-28 15:42:01 - app - INFO - Cargando datos en BigQuery | tabla=response_validation_data | registros=1223 | dropTable=True
2026-01-28 15:42:01 - app - INFO - Cargando datos a staging | tabla=stg_response_validation_data | filas=1223 | dropTable=True
2026-01-28 15:42:03 - app - WARNING - Tabla staging eliminada antes de la carga | tabla=stg_response_validation_data
2026-01-28 15:42:07 - app - INFO - Carga a staging completada exitosamente | tabla=sbox_jcarrion.stg_response_validation_data
2026-01-28 15:42:07 - app - INFO - Iniciando MERGE | staging=stg_response_validation_data | tabla_final=response_validation_data
2026-01-28 15:42:10 - app - INFO - MERGE completado exitosamente | tabla_final=response_validation_data
2026-01-28 15:42:10 - app - INFO - Carga BigQuery finalizada correctamente | tabla=response_validation_data
2026-01-28 15:42:32 - app - INFO - Iniciando descarga de destinatarios | archivo=destinatarios | reprocesar=True
2026-01-28 15:42:32 - app - INFO - Iniciando exec_query | reprocesar=True | proyecto=tc-sc-bi-bigdata-edp-prod
2026-01-28 15:42:32 - app - INFO - Ejecutando query en BigQuery
2026-01-28 15:42:35 - app - INFO - Query ejecutada correctamente | filas=3000
2026-01-28 15:42:36 - app - INFO - Iniciando reprocesamiento de request_id
2026-01-28 15:42:36 - app - INFO - Reprocesando 774 registros
2026-01-28 15:42:36 - app - INFO - Ejecutando validate_request_id
2026-01-28 15:42:39 - app - INFO - Query ejecutada correctamente | filas=773
2026-01-28 15:42:39 - app - INFO - Registros finales: 409
2026-01-28 15:42:39 - app - INFO - Guardando archivos de salida en data\destinatarios\destinatarios
2026-01-28 15:42:39 - app - INFO - Archivos guardados correctamente
2026-01-28 15:42:39 - app - INFO - Proceso finalizado | success=True | registros=409
2026-01-28 15:42:39 - app - INFO - Descarga de destinatarios exitosa | registros=409
2026-01-28 15:46:29 - app - INFO - Cargando data Automate | archivo=test(Sheet1).csv | tabla=response_validation_data
2026-01-28 15:46:29 - app - INFO - Procesando archivo | ruta=C:\Users\genesys\Downloads\test(Sheet1).csv
2026-01-28 15:46:29 - app - INFO - Leyendo archivo CSV | columnas_esperadas=13
2026-01-28 15:46:29 - app - INFO - Ejecutando get_encoding
2026-01-28 15:46:30 - app - INFO - Generando hash por fila | columnas_pk=['request_id', 'responseTime']
2026-01-28 15:46:30 - app - INFO - Archivo procesado correctamente | filas=1225
2026-01-28 15:46:30 - app - INFO - Cargando datos en BigQuery | tabla=response_validation_data | registros=1225 | dropTable=True
2026-01-28 15:46:30 - app - INFO - Cargando datos a staging | tabla=stg_response_validation_data | filas=1225 | dropTable=True
2026-01-28 15:46:31 - app - WARNING - Tabla staging eliminada antes de la carga | tabla=stg_response_validation_data
2026-01-28 15:46:34 - app - INFO - Carga a staging completada exitosamente | tabla=sbox_jcarrion.stg_response_validation_data
2026-01-28 15:46:34 - app - INFO - Iniciando MERGE | staging=stg_response_validation_data | tabla_final=response_validation_data
2026-01-28 15:46:38 - app - INFO - MERGE completado exitosamente | tabla_final=response_validation_data
2026-01-28 15:46:38 - app - INFO - Carga BigQuery finalizada correctamente | tabla=response_validation_data
2026-01-28 15:46:50 - app - INFO - Iniciando descarga de destinatarios | archivo=destinatarios | reprocesar=True
2026-01-28 15:46:50 - app - INFO - Iniciando exec_query | reprocesar=True | proyecto=tc-sc-bi-bigdata-edp-prod
2026-01-28 15:46:50 - app - INFO - Ejecutando query en BigQuery
2026-01-28 15:46:53 - app - INFO - Query ejecutada correctamente | filas=3000
2026-01-28 15:46:53 - app - INFO - Iniciando reprocesamiento de request_id
2026-01-28 15:46:53 - app - INFO - Reprocesando 774 registros
2026-01-28 15:46:53 - app - INFO - Ejecutando validate_request_id
2026-01-28 15:46:57 - app - INFO - Query ejecutada correctamente | filas=773
2026-01-28 15:46:57 - app - INFO - Registros finales: 409
2026-01-28 15:46:57 - app - INFO - Guardando archivos de salida en data\destinatarios\destinatarios
2026-01-28 15:46:57 - app - INFO - Archivos guardados correctamente
2026-01-28 15:46:57 - app - INFO - Proceso finalizado | success=True | registros=409
2026-01-28 15:46:57 - app - INFO - Descarga de destinatarios exitosa | registros=409
2026-01-28 16:08:41 - app - INFO - Iniciando descarga de destinatarios | archivo=destinatarios | reprocesar=True
2026-01-28 16:08:41 - app - INFO - Iniciando exec_query | reprocesar=True | proyecto=tc-sc-bi-bigdata-edp-prod
2026-01-28 16:08:41 - app - INFO - Ejecutando query en BigQuery
2026-01-28 16:08:45 - app - INFO - Query ejecutada correctamente | filas=3000
2026-01-28 16:08:45 - app - INFO - Iniciando reprocesamiento de request_id
2026-01-28 16:08:45 - app - INFO - Reprocesando 774 registros
2026-01-28 16:08:45 - app - INFO - Ejecutando validate_request_id
2026-01-28 16:08:49 - app - INFO - Query ejecutada correctamente | filas=773
2026-01-28 16:08:49 - app - INFO - Registros finales: 366
2026-01-28 16:08:49 - app - INFO - Guardando archivos de salida en data\destinatarios\destinatarios
2026-01-28 16:08:49 - app - INFO - Archivos guardados correctamente
2026-01-28 16:08:49 - app - INFO - Proceso finalizado | success=True | registros=366
2026-01-28 16:08:49 - app - INFO - Descarga de destinatarios exitosa | registros=366
2026-01-28 16:13:09 - app - INFO - Cargando data Automate | archivo=test(Sheet1).csv | tabla=response_validation_data
2026-01-28 16:13:09 - app - INFO - Procesando archivo | ruta=C:\Users\genesys\Downloads\test(Sheet1).csv
2026-01-28 16:13:09 - app - INFO - Leyendo archivo CSV | columnas_esperadas=13
2026-01-28 16:13:09 - app - INFO - Ejecutando get_encoding
2026-01-28 16:13:09 - app - INFO - Generando hash por fila | columnas_pk=['request_id', 'responseTime']
2026-01-28 16:13:09 - app - INFO - Archivo procesado correctamente | filas=1227
2026-01-28 16:13:09 - app - INFO - Cargando datos en BigQuery | tabla=response_validation_data | registros=1227 | dropTable=True
2026-01-28 16:13:09 - app - INFO - Cargando datos a staging | tabla=stg_response_validation_data | filas=1227 | dropTable=True
2026-01-28 16:13:11 - app - WARNING - Tabla staging eliminada antes de la carga | tabla=stg_response_validation_data
2026-01-28 16:13:15 - app - INFO - Carga a staging completada exitosamente | tabla=sbox_jcarrion.stg_response_validation_data
2026-01-28 16:13:15 - app - INFO - Iniciando MERGE | staging=stg_response_validation_data | tabla_final=response_validation_data
2026-01-28 16:13:18 - app - INFO - MERGE completado exitosamente | tabla_final=response_validation_data
2026-01-28 16:13:18 - app - INFO - Carga BigQuery finalizada correctamente | tabla=response_validation_data
2026-01-28 16:16:35 - app - INFO - Iniciando descarga de destinatarios | archivo=destinatarios | reprocesar=True
2026-01-28 16:16:35 - app - INFO - Iniciando exec_query | reprocesar=True | proyecto=tc-sc-bi-bigdata-edp-prod
2026-01-28 16:16:35 - app - INFO - Ejecutando query en BigQuery
2026-01-28 16:16:39 - app - INFO - Query ejecutada correctamente | filas=3000
2026-01-28 16:16:39 - app - INFO - Iniciando reprocesamiento de request_id
2026-01-28 16:16:39 - app - INFO - Reprocesando 774 registros
2026-01-28 16:16:39 - app - INFO - Ejecutando validate_request_id
2026-01-28 16:16:43 - app - INFO - Query ejecutada correctamente | filas=773
2026-01-28 16:16:43 - app - INFO - Registros finales: 366
2026-01-28 16:16:43 - app - INFO - Guardando archivos de salida en data\destinatarios\destinatarios
2026-01-28 16:16:43 - app - INFO - Archivos guardados correctamente
2026-01-28 16:16:43 - app - INFO - Proceso finalizado | success=True | registros=366
2026-01-28 16:16:43 - app - INFO - Descarga de destinatarios exitosa | registros=366
2026-01-28 16:19:12 - app - INFO - Cargando data Automate | archivo=test(Sheet1).csv | tabla=response_validation_data
2026-01-28 16:19:12 - app - INFO - Procesando archivo | ruta=C:\Users\genesys\Downloads\test(Sheet1).csv
2026-01-28 16:19:12 - app - INFO - Leyendo archivo CSV | columnas_esperadas=13
2026-01-28 16:19:12 - app - INFO - Ejecutando get_encoding
2026-01-28 16:19:12 - app - INFO - Generando hash por fila | columnas_pk=['request_id', 'responseTime']
2026-01-28 16:19:12 - app - INFO - Archivo procesado correctamente | filas=1230
2026-01-28 16:19:12 - app - INFO - Cargando datos en BigQuery | tabla=response_validation_data | registros=1230 | dropTable=True
2026-01-28 16:19:12 - app - INFO - Cargando datos a staging | tabla=stg_response_validation_data | filas=1230 | dropTable=True
2026-01-28 16:19:14 - app - WARNING - Tabla staging eliminada antes de la carga | tabla=stg_response_validation_data
2026-01-28 16:19:18 - app - INFO - Carga a staging completada exitosamente | tabla=sbox_jcarrion.stg_response_validation_data
2026-01-28 16:19:18 - app - INFO - Iniciando MERGE | staging=stg_response_validation_data | tabla_final=response_validation_data
2026-01-28 16:19:21 - app - INFO - MERGE completado exitosamente | tabla_final=response_validation_data
2026-01-28 16:19:21 - app - INFO - Carga BigQuery finalizada correctamente | tabla=response_validation_data
2026-01-28 16:19:29 - app - INFO - Iniciando descarga de destinatarios | archivo=destinatarios | reprocesar=True
2026-01-28 16:19:29 - app - INFO - Iniciando exec_query | reprocesar=True | proyecto=tc-sc-bi-bigdata-edp-prod
2026-01-28 16:19:29 - app - INFO - Ejecutando query en BigQuery
2026-01-28 16:19:32 - app - INFO - Query ejecutada correctamente | filas=3000
2026-01-28 16:19:33 - app - INFO - Iniciando reprocesamiento de request_id
2026-01-28 16:19:33 - app - INFO - Reprocesando 774 registros
2026-01-28 16:19:33 - app - INFO - Ejecutando validate_request_id
2026-01-28 16:19:36 - app - INFO - Query ejecutada correctamente | filas=773
2026-01-28 16:19:36 - app - INFO - Registros finales: 366
2026-01-28 16:19:36 - app - INFO - Guardando archivos de salida en data\destinatarios\destinatarios
2026-01-28 16:19:36 - app - INFO - Archivos guardados correctamente
2026-01-28 16:19:36 - app - INFO - Proceso finalizado | success=True | registros=366
2026-01-28 16:19:36 - app - INFO - Descarga de destinatarios exitosa | registros=366
2026-01-28 16:42:07 - app - INFO - Iniciando descarga de destinatarios | archivo=destinatarios | reprocesar=True
2026-01-28 16:42:07 - app - INFO - Iniciando exec_query | reprocesar=True | proyecto=tc-sc-bi-bigdata-edp-prod
2026-01-28 16:42:07 - app - INFO - Ejecutando query en BigQuery
2026-01-28 16:42:11 - app - INFO - Query ejecutada correctamente | filas=3000
2026-01-28 16:42:11 - app - INFO - Iniciando reprocesamiento de request_id
2026-01-28 16:42:11 - app - INFO - Reprocesando 774 registros
2026-01-28 16:42:11 - app - INFO - Ejecutando validate_request_id
2026-01-28 16:42:14 - app - INFO - Query ejecutada correctamente | filas=773
2026-01-28 16:42:14 - app - INFO - Registros finales: 366
2026-01-28 16:42:14 - app - INFO - Guardando archivos de salida en data\destinatarios\destinatarios
2026-01-28 16:42:14 - app - INFO - Archivos guardados correctamente
2026-01-28 16:42:14 - app - INFO - Proceso finalizado | success=True | registros=366
2026-01-28 16:42:14 - app - INFO - Descarga de destinatarios exitosa | registros=366
